Full URL,Page Type,JCR Path,Page Slug,Migration Status,Content Status,Taxonomy Status,Package,Tags Applied (count),Tags Applied (details),Hero Image,Blocker/Notes
https://www.marketscan.com/blog/building-dealer-profitability-through-pricing-transparency/,Blog,/content/mobility-global/en-us/automotive-insights/blogs/building-dealer-profitability-through-pricing-transparency,building-dealer-profitability-through-pricing-transparency,NEW PAGE - FULL CONTENT,Full article body migrated,APPLIED (9 tags),new-pages-content.zip,9,pillars: mobility-global:pillars/sales-solutions | insightsThoughtLeaderContentType: mobility-global:insights-and-intelligence/insight-and-thought-leader-content-type/analysis-and-reports | insightsThoughtLeaderContentType: mobility-global:insights-and-intelligence/insight-and-thought-leader-content-type/market-news-and-updates | topic: mobility-global:insights-and-intelligence/topic/market-themes-or-analytical-topics/dealer-and-retail-trends | topic: mobility-global:insights-and-intelligence/topic/market-themes-or-analytical-topics/pricing-trends | theme: mobility-global:insights-and-intelligence/theme/automotive-consumer-trends | industrySector: mobility-global:contextual-variables/segmentation-and-user-context/industry-or-sector/automotive-dealers-and-retailers | audienceRole: mobility-global:contextual-variables/segmentation-and-user-context/audience-role/retail-dealer-aftermarket-roles/dealer-or-retailer | contentFormat: mobility-global:system-and-structural-tags/content-formats/written-formats/short-form-article,https://web.archive.org/web/20260314203004im_/https://www.marketscan.com/wp-content/uploads/2024/03/GettyImages-1092018186_Large.png,
https://www.marketscan.com/blog/data-analytics/driving-decisions-leveraging-data-for-strategic-automotive-rebates-and-incentives/,Blog,/content/mobility-global/en-us/automotive-insights/blogs/data-analytics/driving-decisions-leveraging-data-for-strategic-automotive-rebates-and-incentives,driving-decisions-leveraging-data-for-strategic-automotive-rebates-and-incentives,NEW PAGE - FULL CONTENT,Full article body migrated,APPLIED (11 tags),new-pages-content.zip,11,pillars: mobility-global:pillars/sales-solutions | insightsThoughtLeaderContentType: mobility-global:insights-and-intelligence/insight-and-thought-leader-content-type/analysis-and-reports | insightsThoughtLeaderContentType: mobility-global:insights-and-intelligence/insight-and-thought-leader-content-type/market-news-and-updates | topic: mobility-global:insights-and-intelligence/topic/market-themes-or-analytical-topics/dealer-and-retail-trends | topic: mobility-global:insights-and-intelligence/topic/market-themes-or-analytical-topics/pricing-trends | theme: mobility-global:insights-and-intelligence/theme/automotive-consumer-trends | industrySector: mobility-global:contextual-variables/segmentation-and-user-context/industry-or-sector/automotive-dealers-and-retailers | industrySector: mobility-global:contextual-variables/segmentation-and-user-context/industry-or-sector/automotive-oems | audienceRole: mobility-global:contextual-variables/segmentation-and-user-context/audience-role/retail-dealer-aftermarket-roles/dealer-or-retailer | audienceRole: mobility-global:contextual-variables/segmentation-and-user-context/audience-role/oem-and-supplier-roles/oem-strategist ...,https://web.archive.org/web/20260207185524im_/https://www.marketscan.com/wp-content/uploads/2024/03/Rebate-and-incentives.png,
https://www.marketscan.com/blog/easy-onboarding-of-dealership-tool-brings-endless-opportunities/,Blog,/content/mobility-global/en-us/automotive-insights/blogs/easy-onboarding-of-dealership-tool-brings-endless-opportunities,easy-onboarding-of-dealership-tool-brings-endless-opportunities,NEW PAGE - FULL CONTENT,Full article body migrated,APPLIED (8 tags),new-pages-content.zip,8,pillars: mobility-global:pillars/sales-solutions | insightsThoughtLeaderContentType: mobility-global:insights-and-intelligence/insight-and-thought-leader-content-type/analysis-and-reports | insightsThoughtLeaderContentType: mobility-global:insights-and-intelligence/insight-and-thought-leader-content-type/market-news-and-updates | topic: mobility-global:insights-and-intelligence/topic/market-themes-or-analytical-topics/dealer-and-retail-trends | theme: mobility-global:insights-and-intelligence/theme/automotive-consumer-trends | industrySector: mobility-global:contextual-variables/segmentation-and-user-context/industry-or-sector/automotive-dealers-and-retailers | audienceRole: mobility-global:contextual-variables/segmentation-and-user-context/audience-role/retail-dealer-aftermarket-roles/dealer-or-retailer | contentFormat: mobility-global:system-and-structural-tags/content-formats/written-formats/short-form-article,https://web.archive.org/web/20260114011354im_/https://www.marketscan.com/wp-content/uploads/2024/08/Large_GettyImages-1454460595.png,
https://www.marketscan.com/blog/hot-topics-transparency-and-accuracy-remain-essential-as-dealerships-face-high-inventory/,Blog,/content/mobility-global/en-us/automotive-insights/blogs/hot-topics-transparency-and-accuracy-remain-essential-as-dealerships-face-high-inventory,hot-topics-transparency-and-accuracy-remain-essential-as-dealerships-face-high-inventory,NEW PAGE - FULL CONTENT,Full article body migrated,APPLIED (9 tags),new-pages-content.zip,9,pillars: mobility-global:pillars/sales-solutions | insightsThoughtLeaderContentType: mobility-global:insights-and-intelligence/insight-and-thought-leader-content-type/analysis-and-reports | insightsThoughtLeaderContentType: mobility-global:insights-and-intelligence/insight-and-thought-leader-content-type/market-news-and-updates | topic: mobility-global:insights-and-intelligence/topic/market-themes-or-analytical-topics/dealer-and-retail-trends | topic: mobility-global:insights-and-intelligence/topic/market-themes-or-analytical-topics/pricing-trends | theme: mobility-global:insights-and-intelligence/theme/automotive-consumer-trends | industrySector: mobility-global:contextual-variables/segmentation-and-user-context/industry-or-sector/automotive-dealers-and-retailers | audienceRole: mobility-global:contextual-variables/segmentation-and-user-context/audience-role/retail-dealer-aftermarket-roles/dealer-or-retailer | contentFormat: mobility-global:system-and-structural-tags/content-formats/written-formats/short-form-article,https://web.archive.org/web/20260314194740im_/https://www.marketscan.com/wp-content/uploads/2024/09/MS_blog.jpg,
https://www.marketscan.com/blog/how-lenders-can-sell-down-2024-models-in-a-buyers-market/,Blog,/content/mobility-global/en-us/automotive-insights/blogs/how-lenders-can-sell-down-2024-models-in-a-buyers-market,how-lenders-can-sell-down-2024-models-in-a-buyers-market,NEW PAGE - FULL CONTENT,Full article body migrated,APPLIED (10 tags),new-pages-content.zip,10,pillars: mobility-global:pillars/sales-solutions | insightsThoughtLeaderContentType: mobility-global:insights-and-intelligence/insight-and-thought-leader-content-type/analysis-and-reports | insightsThoughtLeaderContentType: mobility-global:insights-and-intelligence/insight-and-thought-leader-content-type/market-news-and-updates | topic: mobility-global:insights-and-intelligence/topic/market-themes-or-analytical-topics/dealer-and-retail-trends | topic: mobility-global:insights-and-intelligence/topic/market-themes-or-analytical-topics/pricing-trends | theme: mobility-global:insights-and-intelligence/theme/automotive-consumer-trends | industrySector: mobility-global:contextual-variables/segmentation-and-user-context/industry-or-sector/automotive-dealers-and-retailers | audienceRole: mobility-global:contextual-variables/segmentation-and-user-context/audience-role/fleet-and-commercial-roles/leasing-or-financial-services | audienceRole: mobility-global:contextual-variables/segmentation-and-user-context/audience-role/retail-dealer-aftermarket-roles/dealer-or-retailer | contentFormat: mobility-global:system-and-structural-tags/content-formats/written-formats/short-form-article,https://web.archive.org/web/20251109191650im_/https://www.marketscan.com/wp-content/uploads/2024/11/MarketScan-Blog-BI3-1.jpg,
https://www.marketscan.com/blog/incentive-spending-in-a-changing-industry-with-scott-cauvel/,Blog,/content/mobility-global/en-us/automotive-insights/blogs/incentive-spending-in-a-changing-industry-with-scott-cauvel,incentive-spending-in-a-changing-industry-with-scott-cauvel,NEW PAGE - FULL CONTENT,Full article body migrated,APPLIED (11 tags),new-pages-content.zip,11,pillars: mobility-global:pillars/sales-solutions | insightsThoughtLeaderContentType: mobility-global:insights-and-intelligence/insight-and-thought-leader-content-type/analysis-and-reports | insightsThoughtLeaderContentType: mobility-global:insights-and-intelligence/insight-and-thought-leader-content-type/market-news-and-updates | topic: mobility-global:insights-and-intelligence/topic/market-themes-or-analytical-topics/dealer-and-retail-trends | topic: mobility-global:insights-and-intelligence/topic/market-themes-or-analytical-topics/pricing-trends | theme: mobility-global:insights-and-intelligence/topic/industry-benchmarks/automotive-industry-forecast-and-analysis | industrySector: mobility-global:contextual-variables/segmentation-and-user-context/industry-or-sector/automotive-dealers-and-retailers | industrySector: mobility-global:contextual-variables/segmentation-and-user-context/industry-or-sector/automotive-oems | audienceRole: mobility-global:contextual-variables/segmentation-and-user-context/audience-role/retail-dealer-aftermarket-roles/dealer-or-retailer | audienceRole: mobility-global:contextual-variables/segmentation-and-user-context/audience-role/oem-and-supplier-roles/oem-strategist ...,https://web.archive.org/web/20260207201258im_/https://www.marketscan.com/wp-content/uploads/2024/06/Marketscan_QampA_Blog.jpg,
https://www.marketscan.com/blog/incentive-strategy-best-informed-by-one-data-source/,Blog,/content/mobility-global/en-us/automotive-insights/blogs/incentive-strategy-best-informed-by-one-data-source,incentive-strategy-best-informed-by-one-data-source,NEW PAGE - FULL CONTENT,Full article body migrated,APPLIED (14 tags),new-pages-content.zip,14,pillars: mobility-global:pillars/sales-solutions | insightsThoughtLeaderContentType: mobility-global:insights-and-intelligence/insight-and-thought-leader-content-type/analysis-and-reports | insightsThoughtLeaderContentType: mobility-global:insights-and-intelligence/insight-and-thought-leader-content-type/market-news-and-updates | topic: mobility-global:insights-and-intelligence/topic/market-themes-or-analytical-topics/dealer-and-retail-trends | topic: mobility-global:insights-and-intelligence/topic/market-themes-or-analytical-topics/pricing-trends | theme: mobility-global:insights-and-intelligence/topic/industry-benchmarks/automotive-industry-forecast-and-analysis | industrySector: mobility-global:contextual-variables/segmentation-and-user-context/industry-or-sector/automotive-dealers-and-retailers | industrySector: mobility-global:contextual-variables/segmentation-and-user-context/industry-or-sector/automotive-oems | audienceRole: mobility-global:contextual-variables/segmentation-and-user-context/audience-role/retail-dealer-aftermarket-roles/dealer-or-retailer | audienceRole: mobility-global:contextual-variables/segmentation-and-user-context/audience-role/oem-and-supplier-roles/oem-strategist ...,https://web.archive.org/web/20260314195829im_/https://www.marketscan.com/wp-content/uploads/2024/04/GettyImages-185291824_Large.png,
https://www.marketscan.com/blog/keeping-dealerships-strong-amidst-auto-industry-tariffs/,Blog,/content/mobility-global/en-us/automotive-insights/blogs/keeping-dealerships-strong-amidst-auto-industry-tariffs,keeping-dealerships-strong-amidst-auto-industry-tariffs,NEW PAGE - FULL CONTENT,Full article body migrated,APPLIED (13 tags),new-pages-content.zip,13,pillars: mobility-global:pillars/sales-solutions | insightsThoughtLeaderContentType: mobility-global:insights-and-intelligence/insight-and-thought-leader-content-type/analysis-and-reports | insightsThoughtLeaderContentType: mobility-global:insights-and-intelligence/insight-and-thought-leader-content-type/market-news-and-updates | topic: mobility-global:insights-and-intelligence/topic/market-themes-or-analytical-topics/dealer-and-retail-trends | theme: mobility-global:insights-and-intelligence/theme/automotive-consumer-trends | theme: mobility-global:insights-and-intelligence/theme/automotive-tariffs | regulatoryContext: mobility-global:contextual-variables/regulatory-and-operating-context/regulatory-context/policy | industrySector: mobility-global:contextual-variables/segmentation-and-user-context/industry-or-sector/automotive-dealers-and-retailers | audienceRole: mobility-global:contextual-variables/segmentation-and-user-context/audience-role/retail-dealer-aftermarket-roles/dealer-or-retailer | contentFormat: mobility-global:system-and-structural-tags/content-formats/written-formats/short-form-article ...,https://web.archive.org/web/20260207205224im_/https://www.marketscan.com/wp-content/uploads/2025/04/MarketScan_Tariffs-LinkedIn-2-2.jpg,
https://www.marketscan.com/blog/leasing-effective-tool-address-customer-affordability-concerns/,Blog,/content/mobility-global/en-us/automotive-insights/blogs/leasing-effective-tool-address-customer-affordability-concerns,leasing-effective-tool-address-customer-affordability-concerns,NEW PAGE - FULL CONTENT,Full article body migrated,APPLIED (14 tags),new-pages-content.zip,14,pillars: mobility-global:pillars/sales-solutions | insightsThoughtLeaderContentType: mobility-global:insights-and-intelligence/insight-and-thought-leader-content-type/analysis-and-reports | insightsThoughtLeaderContentType: mobility-global:insights-and-intelligence/insight-and-thought-leader-content-type/market-news-and-updates | topic: mobility-global:insights-and-intelligence/topic/market-themes-or-analytical-topics/dealer-and-retail-trends | topic: mobility-global:insights-and-intelligence/topic/market-themes-or-analytical-topics/pricing-trends | topic: mobility-global:insights-and-intelligence/topic/market-themes-or-analytical-topics/consumer-behavior-insights | theme: mobility-global:insights-and-intelligence/theme/automotive-consumer-trends | industrySector: mobility-global:contextual-variables/segmentation-and-user-context/industry-or-sector/automotive-dealers-and-retailers | audienceRole: mobility-global:contextual-variables/segmentation-and-user-context/audience-role/retail-dealer-aftermarket-roles/dealer-or-retailer | audienceRole: mobility-global:contextual-variables/segmentation-and-user-context/audience-role/fleet-and-commercial-roles/leasing-or-financial-services ...,https://web.archive.org/web/20251213202135im_/https://www.marketscan.com/wp-content/uploads/2024/04/leasing-effective-tool-address-customer-affordability-concerns-2.jpg,
https://www.marketscan.com/blog/nada-show-2025-recap-helping-dealers-accelerate-their-sales/,Blog,/content/mobility-global/en-us/automotive-insights/blogs/nada-show-2025-recap-helping-dealers-accelerate-their-sales,nada-show-2025-recap-helping-dealers-accelerate-their-sales,NEW PAGE - FULL CONTENT,Full article body migrated,APPLIED (11 tags),new-pages-content.zip,11,pillars: mobility-global:pillars/sales-solutions | insightsThoughtLeaderContentType: mobility-global:insights-and-intelligence/insight-and-thought-leader-content-type/events-and-webinars | insightsThoughtLeaderContentType: mobility-global:insights-and-intelligence/insight-and-thought-leader-content-type/analysis-and-reports | topic: mobility-global:insights-and-intelligence/topic/market-themes-or-analytical-topics/dealer-and-retail-trends | theme: mobility-global:insights-and-intelligence/theme/automotive-consumer-trends | industrySector: mobility-global:contextual-variables/segmentation-and-user-context/industry-or-sector/automotive-dealers-and-retailers | audienceRole: mobility-global:contextual-variables/segmentation-and-user-context/audience-role/retail-dealer-aftermarket-roles/dealer-or-retailer | contentFormat: mobility-global:system-and-structural-tags/content-formats/written-formats/short-form-article | brandDataSource: mobility-global:system-and-structural-tags/brand-or-data-source/market-scan | marketRegion: mobility-global:contextual-variables/market-context/market-sales-region/north-america ...,https://web.archive.org/web/20260114012351im_/https://www.marketscan.com/wp-content/uploads/2025/01/processed-9DB6DD2A-671F-4A66-AA96-788ECC4B96E0.jpeg,
https://www.marketscan.com/blog/navigating-the-affordability-crisis-accelerating-industry-performance-with-precision-and-scale/,Blog,/content/mobility-global/en-us/automotive-insights/blogs/navigating-the-affordability-crisis-accelerating-industry-performance-with-precision-and-scale,navigating-the-affordability-crisis-accelerating-industry-performance-with-precision-and-scale,NEW PAGE - FULL CONTENT,Full article body migrated,APPLIED (12 tags),new-pages-content.zip,12,pillars: mobility-global:pillars/sales-solutions | insightsThoughtLeaderContentType: mobility-global:insights-and-intelligence/insight-and-thought-leader-content-type/analysis-and-reports | insightsThoughtLeaderContentType: mobility-global:insights-and-intelligence/insight-and-thought-leader-content-type/market-news-and-updates | topic: mobility-global:insights-and-intelligence/topic/market-themes-or-analytical-topics/dealer-and-retail-trends | topic: mobility-global:insights-and-intelligence/topic/market-themes-or-analytical-topics/pricing-trends | theme: mobility-global:insights-and-intelligence/theme/automotive-consumer-trends | industrySector: mobility-global:contextual-variables/segmentation-and-user-context/industry-or-sector/automotive-dealers-and-retailers | audienceRole: mobility-global:contextual-variables/segmentation-and-user-context/audience-role/retail-dealer-aftermarket-roles/dealer-or-retailer | contentFormat: mobility-global:system-and-structural-tags/content-formats/written-formats/short-form-article | brandDataSource: mobility-global:system-and-structural-tags/brand-or-data-source/market-scan ...,https://web.archive.org/web/20260114015154im_/https://www.marketscan.com/wp-content/uploads/2024/02/webinar-article-hero-bg.jpeg,
https://www.marketscan.com/blog/need-for-speed-cut-transaction-times-to-grow-dealership-profit/,Blog,/content/mobility-global/en-us/automotive-insights/blogs/need-for-speed-cut-transaction-times-to-grow-dealership-profit,need-for-speed-cut-transaction-times-to-grow-dealership-profit,NEW PAGE - FULL CONTENT,Full article body migrated,APPLIED (11 tags),new-pages-content.zip,11,pillars: mobility-global:pillars/sales-solutions | insightsThoughtLeaderContentType: mobility-global:insights-and-intelligence/insight-and-thought-leader-content-type/analysis-and-reports | insightsThoughtLeaderContentType: mobility-global:insights-and-intelligence/insight-and-thought-leader-content-type/market-news-and-updates | topic: mobility-global:insights-and-intelligence/topic/market-themes-or-analytical-topics/dealer-and-retail-trends | theme: mobility-global:insights-and-intelligence/theme/automotive-consumer-trends | industrySector: mobility-global:contextual-variables/segmentation-and-user-context/industry-or-sector/automotive-dealers-and-retailers | audienceRole: mobility-global:contextual-variables/segmentation-and-user-context/audience-role/retail-dealer-aftermarket-roles/dealer-or-retailer | contentFormat: mobility-global:system-and-structural-tags/content-formats/written-formats/short-form-article | brandDataSource: mobility-global:system-and-structural-tags/brand-or-data-source/market-scan | marketRegion: mobility-global:contextual-variables/market-context/market-sales-region/north-america ...,https://www.marketscan.com/wp-content/uploads/2024/04/Need-for-Speed-3.png,
https://www.marketscan.com/blog/rev-up-your-sales-how-precision-data-transforms-auto-retail/,Blog,/content/mobility-global/en-us/automotive-insights/blogs/rev-up-your-sales-how-precision-data-transforms-auto-retail,rev-up-your-sales-how-precision-data-transforms-auto-retail,NEW PAGE - FULL CONTENT,Full article body migrated,APPLIED (11 tags),new-pages-content.zip,11,pillars: mobility-global:pillars/sales-solutions | insightsThoughtLeaderContentType: mobility-global:insights-and-intelligence/insight-and-thought-leader-content-type/analysis-and-reports | insightsThoughtLeaderContentType: mobility-global:insights-and-intelligence/insight-and-thought-leader-content-type/market-news-and-updates | topic: mobility-global:insights-and-intelligence/topic/market-themes-or-analytical-topics/dealer-and-retail-trends | theme: mobility-global:insights-and-intelligence/theme/automotive-consumer-trends | industrySector: mobility-global:contextual-variables/segmentation-and-user-context/industry-or-sector/automotive-dealers-and-retailers | audienceRole: mobility-global:contextual-variables/segmentation-and-user-context/audience-role/retail-dealer-aftermarket-roles/dealer-or-retailer | contentFormat: mobility-global:system-and-structural-tags/content-formats/written-formats/short-form-article | brandDataSource: mobility-global:system-and-structural-tags/brand-or-data-source/market-scan | marketRegion: mobility-global:contextual-variables/market-context/market-sales-region/north-america ...,https://web.archive.org/web/20260114020057im_/https://www.marketscan.com/wp-content/uploads/2024/03/Cutting-complexity.png,
https://www.marketscan.com/blog/software-providers-enable-transparent-and-effective-dealership-operations/,Blog,/content/mobility-global/en-us/automotive-insights/blogs/software-providers-enable-transparent-and-effective-dealership-operations,software-providers-enable-transparent-and-effective-dealership-operations,NEW PAGE - FULL CONTENT,Full article body migrated,APPLIED (11 tags),new-pages-content.zip,11,pillars: mobility-global:pillars/sales-solutions | insightsThoughtLeaderContentType: mobility-global:insights-and-intelligence/insight-and-thought-leader-content-type/analysis-and-reports | insightsThoughtLeaderContentType: mobility-global:insights-and-intelligence/insight-and-thought-leader-content-type/market-news-and-updates | topic: mobility-global:insights-and-intelligence/topic/market-themes-or-analytical-topics/dealer-and-retail-trends | theme: mobility-global:insights-and-intelligence/theme/automotive-consumer-trends | industrySector: mobility-global:contextual-variables/segmentation-and-user-context/industry-or-sector/automotive-dealers-and-retailers | audienceRole: mobility-global:contextual-variables/segmentation-and-user-context/audience-role/retail-dealer-aftermarket-roles/dealer-or-retailer | contentFormat: mobility-global:system-and-structural-tags/content-formats/written-formats/short-form-article | brandDataSource: mobility-global:system-and-structural-tags/brand-or-data-source/market-scan | marketRegion: mobility-global:contextual-variables/market-context/market-sales-region/north-america ...,https://web.archive.org/web/20260207205544im_/https://www.marketscan.com/wp-content/uploads/2024/08/Market-Scan-Tech-Partners-Hot-Topics-blog-graphic.jpg,
https://www.marketscan.com/blog/the-us-auto-market-oems-and-captive-lenders-face-new-challenges/,Blog,/content/mobility-global/en-us/automotive-insights/blogs/the-us-auto-market-oems-and-captive-lenders-face-new-challenges,the-us-auto-market-oems-and-captive-lenders-face-new-challenges,NEW PAGE - FULL CONTENT,Full article body migrated,APPLIED (14 tags),new-pages-content.zip,14,pillars: mobility-global:pillars/sales-solutions | insightsThoughtLeaderContentType: mobility-global:insights-and-intelligence/insight-and-thought-leader-content-type/analysis-and-reports | insightsThoughtLeaderContentType: mobility-global:insights-and-intelligence/insight-and-thought-leader-content-type/market-news-and-updates | theme: mobility-global:insights-and-intelligence/topic/industry-benchmarks/automotive-industry-forecast-and-analysis | industrySector: mobility-global:contextual-variables/segmentation-and-user-context/industry-or-sector/automotive-oems | industrySector: mobility-global:contextual-variables/segmentation-and-user-context/industry-or-sector/automotive-dealers-and-retailers | audienceRole: mobility-global:contextual-variables/segmentation-and-user-context/audience-role/oem-and-supplier-roles/oem-strategist | audienceRole: mobility-global:contextual-variables/segmentation-and-user-context/audience-role/retail-dealer-aftermarket-roles/dealer-or-retailer | audienceRole: mobility-global:contextual-variables/segmentation-and-user-context/audience-role/fleet-and-commercial-roles/leasing-or-financial-services | contentFormat: mobility-global:system-and-structural-tags/content-formats/written-formats/short-form-article ...,https://web.archive.org/web/20260207195155im_/https://www.marketscan.com/wp-content/uploads/2024/10/MarketScan_Blog_Oct-Blog-3.jpg,
https://www.marketscan.com/blog/tried-and-true-data-backs-the-strongest-dealership-software/,Blog,/content/mobility-global/en-us/automotive-insights/blogs/tried-and-true-data-backs-the-strongest-dealership-software,tried-and-true-data-backs-the-strongest-dealership-software,NEW PAGE - FULL CONTENT,Full article body migrated,APPLIED (9 tags),new-pages-content.zip,9,pillars: mobility-global:pillars/sales-solutions | insightsThoughtLeaderContentType: mobility-global:insights-and-intelligence/insight-and-thought-leader-content-type/analysis-and-reports | insightsThoughtLeaderContentType: mobility-global:insights-and-intelligence/insight-and-thought-leader-content-type/market-news-and-updates | topic: mobility-global:insights-and-intelligence/topic/market-themes-or-analytical-topics/dealer-and-retail-trends | theme: mobility-global:insights-and-intelligence/theme/automotive-consumer-trends | industrySector: mobility-global:contextual-variables/segmentation-and-user-context/industry-or-sector/automotive-dealers-and-retailers | audienceRole: mobility-global:contextual-variables/segmentation-and-user-context/audience-role/retail-dealer-aftermarket-roles/dealer-or-retailer | contentFormat: mobility-global:system-and-structural-tags/content-formats/written-formats/short-form-article | brandDataSource: mobility-global:system-and-structural-tags/brand-or-data-source/market-scan,https://www.marketscan.com/wp-content/uploads/2024/04/GettyImages-1023293394_Large.png,
https://www.spglobal.com/automotive-insights/en/blogs/2022/10/a-reckoning-for-ev-battery-raw-materials,Blog or Automotive Insights,/content/mobility-global/en-us/automotive-insights/blogs/2022/10/a-reckoning-for-ev-battery-raw-materials,a-reckoning-for-ev-battery-raw-materials,EXISTING PAGE,Content already in AEM,APPLIED (11 tags),taxonomy-all-pages.zip,11,pillars: mobility-global:pillars/planning-solutions | insightsThoughtLeaderContentType: mobility-global:insights-and-intelligence/insight-and-thought-leader-content-type/analysis-and-reports | insightsThoughtLeaderContentType: mobility-global:insights-and-intelligence/insight-and-thought-leader-content-type/market-news-and-updates | topic: mobility-global:insights-and-intelligence/topic/electrification/ev-battery-technology | theme: mobility-global:insights-and-intelligence/topic/electrification/ev-battery-technology | theme: mobility-global:insights-and-intelligence/theme/supply-chain-resilience | industrySector: mobility-global:contextual-variables/segmentation-and-user-context/industry-or-sector/automotive-oems | industrySector: mobility-global:contextual-variables/segmentation-and-user-context/industry-or-sector/automotive-suppliers-and-supply-chain | audienceRole: mobility-global:contextual-variables/segmentation-and-user-context/audience-role/oem-and-supplier-roles/product-planner | audienceRole: mobility-global:contextual-variables/segmentation-and-user-context/audience-role/oem-and-supplier-roles/supply-chain-analyst ...,,
https://www.spglobal.com/automotive-insights/en/blogs/2022/10/hyundai-motor-rises-to-3-in-us-market,Blog or Automotive Insights,/content/mobility-global/en-us/automotive-insights/blogs/2022/10/hyundai-motor-rises-to-3-in-us-market,hyundai-motor-rises-to-3-in-us-market,EXISTING PAGE,Content already in AEM,APPLIED (12 tags),taxonomy-all-pages.zip,12,pillars: mobility-global:pillars/planning-solutions | insightsThoughtLeaderContentType: mobility-global:insights-and-intelligence/insight-and-thought-leader-content-type/analysis-and-reports | insightsThoughtLeaderContentType: mobility-global:insights-and-intelligence/insight-and-thought-leader-content-type/market-news-and-updates | topic: mobility-global:insights-and-intelligence/topic/market-themes-or-analytical-topics/competitive-landscape | topic: mobility-global:insights-and-intelligence/topic/market-themes-or-analytical-topics/market-segmentation-insights | theme: mobility-global:insights-and-intelligence/topic/industry-benchmarks/automotive-industry-forecast-and-analysis | industrySector: mobility-global:contextual-variables/segmentation-and-user-context/industry-or-sector/automotive-oems | audienceRole: mobility-global:contextual-variables/segmentation-and-user-context/audience-role/marketing-and-commercial-roles/market-analyst | contentFormat: mobility-global:system-and-structural-tags/content-formats/written-formats/short-form-article | marketSalesRegion: mobility-global:contextual-variables/market-context/market-sales-region/north-america ...,,
https://www.spglobal.com/automotive-insights/en/blogs/2022/10/mhcv-medium-and-heavy-commercial-vehicles-powertrain-propulsio,Blog or Automotive Insights,/content/mobility-global/en-us/automotive-insights/blogs/2022/10/mhcv-medium-and-heavy-commercial-vehicles-powertrain-propulsio,mhcv-medium-and-heavy-commercial-vehicles-powertrain-propulsio,EXISTING PAGE,Content already in AEM,APPLIED (10 tags),taxonomy-all-pages.zip,10,pillars: mobility-global:pillars/planning-solutions | insightsThoughtLeaderContentType: mobility-global:insights-and-intelligence/insight-and-thought-leader-content-type/analysis-and-reports | insightsThoughtLeaderContentType: mobility-global:insights-and-intelligence/insight-and-thought-leader-content-type/market-news-and-updates | topic: mobility-global:insights-and-intelligence/topic/supply-chain-and-manufacturing/automotive-parts-and-components | theme: mobility-global:insights-and-intelligence/topic/industry-benchmarks/automotive-industry-forecast-and-analysis | industrySector: mobility-global:contextual-variables/segmentation-and-user-context/industry-or-sector/automotive-oems | industrySector: mobility-global:contextual-variables/segmentation-and-user-context/industry-or-sector/automotive-suppliers-and-supply-chain | audienceRole: mobility-global:contextual-variables/segmentation-and-user-context/audience-role/oem-and-supplier-roles/product-planner | audienceRole: mobility-global:contextual-variables/segmentation-and-user-context/audience-role/oem-and-supplier-roles/technical-specialists | contentFormat: mobility-global:system-and-structural-tags/content-formats/written-formats/short-form-article,,
https://www.spglobal.com/automotive-insights/en/blogs/2022/10/sp-global-mobility-predicts-strong-monthly-saar-for-october,Blog or Automotive Insights,/content/mobility-global/en-us/automotive-insights/blogs/2022/10/sp-global-mobility-predicts-strong-monthly-saar-for-october,sp-global-mobility-predicts-strong-monthly-saar-for-october,EXISTING PAGE,Content already in AEM,APPLIED (8 tags),taxonomy-all-pages.zip,8,pillars: mobility-global:pillars/planning-solutions | insightsThoughtLeaderContentType: mobility-global:insights-and-intelligence/insight-and-thought-leader-content-type/data-and-forecasts | insightsThoughtLeaderContentType: mobility-global:insights-and-intelligence/insight-and-thought-leader-content-type/market-news-and-updates | topic: mobility-global:insights-and-intelligence/topic/industry-benchmarks/automotive-industry-forecast-and-analysis | theme: mobility-global:insights-and-intelligence/topic/industry-benchmarks/automotive-industry-forecast-and-analysis | industrySector: mobility-global:contextual-variables/segmentation-and-user-context/industry-or-sector/automotive-oems | audienceRole: mobility-global:contextual-variables/segmentation-and-user-context/audience-role/marketing-and-commercial-roles/market-analyst | contentFormat: mobility-global:system-and-structural-tags/content-formats/written-formats/short-form-article,,
https://www.spglobal.com/automotive-insights/en/blogs/2022/11/ethnic-share-in-us-light-vehicle-market-reaches-a-record-33,Blog or Automotive Insights,/content/mobility-global/en-us/automotive-insights/blogs/2022/11/ethnic-share-in-us-light-vehicle-market-reaches-a-record-33,ethnic-share-in-us-light-vehicle-market-reaches-a-record-33,EXISTING PAGE,Content already in AEM,APPLIED (14 tags),taxonomy-all-pages.zip,14,pillars: mobility-global:pillars/sales-solutions | insightsThoughtLeaderContentType: mobility-global:insights-and-intelligence/insight-and-thought-leader-content-type/analysis-and-reports | insightsThoughtLeaderContentType: mobility-global:insights-and-intelligence/insight-and-thought-leader-content-type/market-news-and-updates | topic: mobility-global:insights-and-intelligence/topic/market-themes-or-analytical-topics/demographic-trends | topic: mobility-global:insights-and-intelligence/topic/market-themes-or-analytical-topics/market-segmentation-insights | topic: mobility-global:insights-and-intelligence/topic/market-themes-or-analytical-topics/automotive-consumer-demand | theme: mobility-global:insights-and-intelligence/theme/automotive-consumer-trends | industrySector: mobility-global:contextual-variables/segmentation-and-user-context/industry-or-sector/automotive-oems | audienceRole: mobility-global:contextual-variables/segmentation-and-user-context/audience-role/marketing-and-commercial-roles/market-analyst | audienceRole: mobility-global:contextual-variables/segmentation-and-user-context/audience-role/marketing-and-commercial-roles/marketing-and-media-agencies ...,,
https://www.spglobal.com/automotive-insights/en/blogs/2022/11/fuel-for-thought-top-5-global-automotive-aftermarket-trends,Blog or Automotive Insights,/content/mobility-global/en-us/automotive-insights/blogs/2022/11/fuel-for-thought-top-5-global-automotive-aftermarket-trends,fuel-for-thought-top-5-global-automotive-aftermarket-trends,EXISTING PAGE,Content already in AEM,APPLIED (8 tags),taxonomy-all-pages.zip,8,pillars: mobility-global:pillars/sales-solutions | insightsThoughtLeaderContentType: mobility-global:insights-and-intelligence/insight-and-thought-leader-content-type/analysis-and-reports | insightsThoughtLeaderContentType: mobility-global:insights-and-intelligence/insight-and-thought-leader-content-type/market-news-and-updates | topic: mobility-global:insights-and-intelligence/topic/supply-chain-and-manufacturing/automotive-parts-and-components | theme: mobility-global:insights-and-intelligence/theme/automotive-supply-chain | industrySector: mobility-global:contextual-variables/segmentation-and-user-context/industry-or-sector/automotive-aftermarket | audienceRole: mobility-global:contextual-variables/segmentation-and-user-context/audience-role/retail-dealer-aftermarket-roles/aftermarket-provider | contentFormat: mobility-global:system-and-structural-tags/content-formats/written-formats/short-form-article,,
https://www.spglobal.com/automotive-insights/en/blogs/2022/11/new-ev-entries-nibbling-away-at-tesla-ev-share,Blog or Automotive Insights,/content/mobility-global/en-us/automotive-insights/blogs/2022/11/new-ev-entries-nibbling-away-at-tesla-ev-share,new-ev-entries-nibbling-away-at-tesla-ev-share,EXISTING PAGE,Content already in AEM,APPLIED (9 tags),taxonomy-all-pages.zip,9,pillars: mobility-global:pillars/planning-solutions | insightsThoughtLeaderContentType: mobility-global:insights-and-intelligence/insight-and-thought-leader-content-type/analysis-and-reports | insightsThoughtLeaderContentType: mobility-global:insights-and-intelligence/insight-and-thought-leader-content-type/market-news-and-updates | topic: mobility-global:insights-and-intelligence/topic/market-themes-or-analytical-topics/competitive-landscape | topic: mobility-global:insights-and-intelligence/topic/electrification/ev-adoption | theme: mobility-global:insights-and-intelligence/theme/electric-vehicles | industrySector: mobility-global:contextual-variables/segmentation-and-user-context/industry-or-sector/automotive-oems | audienceRole: mobility-global:contextual-variables/segmentation-and-user-context/audience-role/marketing-and-commercial-roles/market-analyst | contentFormat: mobility-global:system-and-structural-tags/content-formats/written-formats/short-form-article,,
https://www.spglobal.com/automotive-insights/en/blogs/2022/12/fuel-for-thought-sp-global-mobility-forecasts-836m-units,Blog or Automotive Insights,/content/mobility-global/en-us/automotive-insights/blogs/2022/12/fuel-for-thought-sp-global-mobility-forecasts-836m-units,fuel-for-thought-sp-global-mobility-forecasts-836m-units,EXISTING PAGE,Content already in AEM,APPLIED (8 tags),taxonomy-all-pages.zip,8,pillars: mobility-global:pillars/planning-solutions | insightsThoughtLeaderContentType: mobility-global:insights-and-intelligence/insight-and-thought-leader-content-type/data-and-forecasts | insightsThoughtLeaderContentType: mobility-global:insights-and-intelligence/insight-and-thought-leader-content-type/market-news-and-updates | topic: mobility-global:insights-and-intelligence/topic/industry-benchmarks/automotive-industry-forecast-and-analysis | theme: mobility-global:insights-and-intelligence/topic/industry-benchmarks/automotive-industry-forecast-and-analysis | industrySector: mobility-global:contextual-variables/segmentation-and-user-context/industry-or-sector/automotive-oems | audienceRole: mobility-global:contextual-variables/segmentation-and-user-context/audience-role/marketing-and-commercial-roles/market-analyst | contentFormat: mobility-global:system-and-structural-tags/content-formats/written-formats/short-form-article,,
https://www.spglobal.com/automotive-insights/en/blogs/2022/12/plenty-of-22-models-still-on-the-shelf,Blog or Automotive Insights,/content/mobility-global/en-us/automotive-insights/blogs/2022/12/plenty-of-22-models-still-on-the-shelf,plenty-of-22-models-still-on-the-shelf,EXISTING PAGE,Content already in AEM,APPLIED (9 tags),taxonomy-all-pages.zip,9,pillars: mobility-global:pillars/sales-solutions | insightsThoughtLeaderContentType: mobility-global:insights-and-intelligence/insight-and-thought-leader-content-type/analysis-and-reports | insightsThoughtLeaderContentType: mobility-global:insights-and-intelligence/insight-and-thought-leader-content-type/market-news-and-updates | topic: mobility-global:insights-and-intelligence/topic/market-themes-or-analytical-topics/dealer-and-retail-trends | topic: mobility-global:insights-and-intelligence/topic/market-themes-or-analytical-topics/market-volatility-trends | theme: mobility-global:insights-and-intelligence/topic/industry-benchmarks/automotive-industry-forecast-and-analysis | industrySector: mobility-global:contextual-variables/segmentation-and-user-context/industry-or-sector/automotive-dealers-and-retailers | audienceRole: mobility-global:contextual-variables/segmentation-and-user-context/audience-role/retail-dealer-aftermarket-roles/dealer-or-retailer | contentFormat: mobility-global:system-and-structural-tags/content-formats/written-formats/short-form-article,,
https://www.spglobal.com/automotive-insights/en/blogs/2022/12/sp-global-mobility-expands-supplier-solutions-with-investment,Blog or Automotive Insights,/content/mobility-global/en-us/automotive-insights/blogs/2022/12/sp-global-mobility-expands-supplier-solutions-with-investment,sp-global-mobility-expands-supplier-solutions-with-investment,EXISTING PAGE,Content already in AEM,APPLIED (3 tags),taxonomy-all-pages.zip,3,pillars: mobility-global:pillars/planning-solutions | theme: mobility-global:insights-and-intelligence/theme/automotive-supply-chain | contentFormat: mobility-global:system-and-structural-tags/content-formats/written-formats/short-form-article,,
https://www.spglobal.com/automotive-insights/en/blogs/2022/7/android-automotive-is-taking-over-but-what-about-google,Blog or Automotive Insights,/content/mobility-global/en-us/automotive-insights/blogs/2022/7/android-automotive-is-taking-over-but-what-about-google,android-automotive-is-taking-over-but-what-about-google,EXISTING PAGE,Content already in AEM,APPLIED (11 tags),taxonomy-all-pages.zip,11,pillars: mobility-global:pillars/planning-solutions | insightsThoughtLeaderContentType: mobility-global:insights-and-intelligence/insight-and-thought-leader-content-type/analysis-and-reports | insightsThoughtLeaderContentType: mobility-global:insights-and-intelligence/insight-and-thought-leader-content-type/market-news-and-updates | topic: mobility-global:insights-and-intelligence/topic/technology-and-innovation/connected-cars-and-vehicles | topic: mobility-global:insights-and-intelligence/topic/technology-and-innovation/software-defined-vehicles-sdv | theme: mobility-global:insights-and-intelligence/theme/software-defined-vehicles | industrySector: mobility-global:contextual-variables/segmentation-and-user-context/industry-or-sector/automotive-oems | industrySector: mobility-global:contextual-variables/segmentation-and-user-context/industry-or-sector/automotive-suppliers-and-supply-chain | audienceRole: mobility-global:contextual-variables/segmentation-and-user-context/audience-role/oem-and-supplier-roles/product-planner | audienceRole: mobility-global:contextual-variables/segmentation-and-user-context/audience-role/oem-and-supplier-roles/technical-specialists ...,,
https://www.spglobal.com/automotive-insights/en/blogs/2022/7/hyundai-motor-group-rises-to-3-in-us-retail-new-vehicle-market,Blog or Automotive Insights,/content/mobility-global/en-us/automotive-insights/blogs/2022/7/hyundai-motor-group-rises-to-3-in-us-retail-new-vehicle-market,hyundai-motor-group-rises-to-3-in-us-retail-new-vehicle-market,EXISTING PAGE,Content already in AEM,APPLIED (12 tags),taxonomy-all-pages.zip,12,pillars: mobility-global:pillars/planning-solutions | insightsThoughtLeaderContentType: mobility-global:insights-and-intelligence/insight-and-thought-leader-content-type/analysis-and-reports | insightsThoughtLeaderContentType: mobility-global:insights-and-intelligence/insight-and-thought-leader-content-type/market-news-and-updates | topic: mobility-global:insights-and-intelligence/topic/market-themes-or-analytical-topics/competitive-landscape | topic: mobility-global:insights-and-intelligence/topic/market-themes-or-analytical-topics/market-segmentation-insights | theme: mobility-global:insights-and-intelligence/topic/industry-benchmarks/automotive-industry-forecast-and-analysis | industrySector: mobility-global:contextual-variables/segmentation-and-user-context/industry-or-sector/automotive-oems | audienceRole: mobility-global:contextual-variables/segmentation-and-user-context/audience-role/marketing-and-commercial-roles/market-analyst | contentFormat: mobility-global:system-and-structural-tags/content-formats/written-formats/short-form-article | marketSalesRegion: mobility-global:contextual-variables/market-context/market-sales-region/north-america ...,,
https://www.spglobal.com/automotive-insights/en/blogs/2022/8/ev-insights-part-i,Blog or Automotive Insights,/content/mobility-global/en-us/automotive-insights/blogs/2022/8/ev-insights-part-i,ev-insights-part-i,EXISTING PAGE,Content already in AEM,APPLIED (8 tags),taxonomy-all-pages.zip,8,pillars: mobility-global:pillars/planning-solutions | insightsThoughtLeaderContentType: mobility-global:insights-and-intelligence/insight-and-thought-leader-content-type/analysis-and-reports | insightsThoughtLeaderContentType: mobility-global:insights-and-intelligence/insight-and-thought-leader-content-type/market-news-and-updates | topic: mobility-global:insights-and-intelligence/topic/electrification/ev-adoption | theme: mobility-global:insights-and-intelligence/theme/electric-vehicles | industrySector: mobility-global:contextual-variables/segmentation-and-user-context/industry-or-sector/automotive-oems | audienceRole: mobility-global:contextual-variables/segmentation-and-user-context/audience-role/marketing-and-commercial-roles/market-analyst | contentFormat: mobility-global:system-and-structural-tags/content-formats/written-formats/short-form-article,,
https://www.spglobal.com/automotive-insights/en/blogs/2022/8/may-2022-tesla-brand-loyalty-more-than-doubles-yearoveryear,Blog or Automotive Insights,/content/mobility-global/en-us/automotive-insights/blogs/2022/8/may-2022-tesla-brand-loyalty-more-than-doubles-yearoveryear,may-2022-tesla-brand-loyalty-more-than-doubles-yearoveryear,EXISTING PAGE,Content already in AEM,APPLIED (9 tags),taxonomy-all-pages.zip,9,pillars: mobility-global:pillars/sales-solutions | productFamily: mobility-global:products-and-platforms/product-families/loyalty | insightsThoughtLeaderContentType: mobility-global:insights-and-intelligence/insight-and-thought-leader-content-type/analysis-and-reports | insightsThoughtLeaderContentType: mobility-global:insights-and-intelligence/insight-and-thought-leader-content-type/market-news-and-updates | topic: mobility-global:products-and-platforms/product-families/loyalty | theme: mobility-global:insights-and-intelligence/theme/automotive-consumer-trends | industrySector: mobility-global:contextual-variables/segmentation-and-user-context/industry-or-sector/automotive-oems | audienceRole: mobility-global:contextual-variables/segmentation-and-user-context/audience-role/marketing-and-commercial-roles/market-analyst | contentFormat: mobility-global:system-and-structural-tags/content-formats/written-formats/short-form-article,,
https://www.spglobal.com/automotive-insights/en/blogs/2022/9/automotive-inventory,Blog or Automotive Insights,/content/mobility-global/en-us/automotive-insights/blogs/2022/9/automotive-inventory,automotive-inventory,EXISTING PAGE,Content already in AEM,APPLIED (10 tags),taxonomy-all-pages.zip,10,pillars: mobility-global:pillars/sales-solutions | insightsThoughtLeaderContentType: mobility-global:insights-and-intelligence/insight-and-thought-leader-content-type/analysis-and-reports | insightsThoughtLeaderContentType: mobility-global:insights-and-intelligence/insight-and-thought-leader-content-type/market-news-and-updates | topic: mobility-global:insights-and-intelligence/topic/industry-benchmarks/automotive-industry-forecast-and-analysis | theme: mobility-global:insights-and-intelligence/topic/industry-benchmarks/automotive-industry-forecast-and-analysis | industrySector: mobility-global:contextual-variables/segmentation-and-user-context/industry-or-sector/automotive-dealers-and-retailers | industrySector: mobility-global:contextual-variables/segmentation-and-user-context/industry-or-sector/automotive-oems | audienceRole: mobility-global:contextual-variables/segmentation-and-user-context/audience-role/retail-dealer-aftermarket-roles/dealer-or-retailer | audienceRole: mobility-global:contextual-variables/segmentation-and-user-context/audience-role/oem-and-supplier-roles/oem-strategist | contentFormat: mobility-global:system-and-structural-tags/content-formats/written-formats/short-form-article,,
https://www.spglobal.com/automotive-insights/en/blogs/2022/9/tesla-loyalty-and-market-share-soar-but-dominance-of-ev-segmen,Blog or Automotive Insights,/content/mobility-global/en-us/automotive-insights/blogs/2022/9/tesla-loyalty-and-market-share-soar-but-dominance-of-ev-segmen,tesla-loyalty-and-market-share-soar-but-dominance-of-ev-segmen,EXISTING PAGE,Content already in AEM,APPLIED (10 tags),taxonomy-all-pages.zip,10,pillars: mobility-global:pillars/planning-solutions | productFamily: mobility-global:products-and-platforms/product-families/loyalty | insightsThoughtLeaderContentType: mobility-global:insights-and-intelligence/insight-and-thought-leader-content-type/analysis-and-reports | insightsThoughtLeaderContentType: mobility-global:insights-and-intelligence/insight-and-thought-leader-content-type/market-news-and-updates | topic: mobility-global:products-and-platforms/product-families/loyalty | theme: mobility-global:insights-and-intelligence/theme/electric-vehicles | theme: mobility-global:insights-and-intelligence/theme/automotive-consumer-trends | industrySector: mobility-global:contextual-variables/segmentation-and-user-context/industry-or-sector/automotive-oems | audienceRole: mobility-global:contextual-variables/segmentation-and-user-context/audience-role/marketing-and-commercial-roles/market-analyst | contentFormat: mobility-global:system-and-structural-tags/content-formats/written-formats/short-form-article,,
https://www.spglobal.com/automotive-insights/en/blogs/2023/1/ev-chargers-how-many-do-we-need,Blog or Automotive Insights,/content/mobility-global/en-us/automotive-insights/blogs/2023/1/ev-chargers-how-many-do-we-need,ev-chargers-how-many-do-we-need,EXISTING PAGE,Content already in AEM,APPLIED (10 tags),taxonomy-all-pages.zip,10,pillars: mobility-global:pillars/planning-solutions | insightsThoughtLeaderContentType: mobility-global:insights-and-intelligence/insight-and-thought-leader-content-type/analysis-and-reports | insightsThoughtLeaderContentType: mobility-global:insights-and-intelligence/insight-and-thought-leader-content-type/market-news-and-updates | topic: mobility-global:insights-and-intelligence/topic/electrification/ev-charging-infrastructure | topic: mobility-global:insights-and-intelligence/topic/electrification/ev-adoption | theme: mobility-global:insights-and-intelligence/theme/electric-vehicles | industrySector: mobility-global:contextual-variables/segmentation-and-user-context/industry-or-sector/automotive-oems | audienceRole: mobility-global:contextual-variables/segmentation-and-user-context/audience-role/oem-and-supplier-roles/product-planner | audienceRole: mobility-global:contextual-variables/segmentation-and-user-context/audience-role/regulatory-risk-and-policy-roles/government-or-policy-maker | contentFormat: mobility-global:system-and-structural-tags/content-formats/written-formats/short-form-article,,
https://www.spglobal.com/automotive-insights/en/blogs/2023/1/fuel-for-thought-automotive-supply-chain-and-technology-themes,Blog or Automotive Insights,/content/mobility-global/en-us/automotive-insights/blogs/2023/1/fuel-for-thought-automotive-supply-chain-and-technology-themes,fuel-for-thought-automotive-supply-chain-and-technology-themes,EXISTING PAGE,Content already in AEM,APPLIED (8 tags),taxonomy-all-pages.zip,8,pillars: mobility-global:pillars/planning-solutions | insightsThoughtLeaderContentType: mobility-global:insights-and-intelligence/insight-and-thought-leader-content-type/analysis-and-reports | insightsThoughtLeaderContentType: mobility-global:insights-and-intelligence/insight-and-thought-leader-content-type/market-news-and-updates | theme: mobility-global:insights-and-intelligence/theme/automotive-supply-chain | theme: mobility-global:insights-and-intelligence/theme/supply-chain-resilience | industrySector: mobility-global:contextual-variables/segmentation-and-user-context/industry-or-sector/automotive-suppliers-and-supply-chain | audienceRole: mobility-global:contextual-variables/segmentation-and-user-context/audience-role/oem-and-supplier-roles/supply-chain-analyst | contentFormat: mobility-global:system-and-structural-tags/content-formats/written-formats/short-form-article,,
https://www.spglobal.com/automotive-insights/en/blogs/2023/1/tesla-share-of-ev-market-declines-domestics-koreans-and-europe,Blog or Automotive Insights,/content/mobility-global/en-us/automotive-insights/blogs/2023/1/tesla-share-of-ev-market-declines-domestics-koreans-and-europe,tesla-share-of-ev-market-declines-domestics-koreans-and-europe,EXISTING PAGE,Content already in AEM,APPLIED (10 tags),taxonomy-all-pages.zip,10,pillars: mobility-global:pillars/planning-solutions | insightsThoughtLeaderContentType: mobility-global:insights-and-intelligence/insight-and-thought-leader-content-type/analysis-and-reports | insightsThoughtLeaderContentType: mobility-global:insights-and-intelligence/insight-and-thought-leader-content-type/market-news-and-updates | topic: mobility-global:insights-and-intelligence/topic/market-themes-or-analytical-topics/competitive-landscape | topic: mobility-global:insights-and-intelligence/topic/electrification/ev-adoption | theme: mobility-global:insights-and-intelligence/theme/electric-vehicles | industrySector: mobility-global:contextual-variables/segmentation-and-user-context/industry-or-sector/automotive-oems | audienceRole: mobility-global:contextual-variables/segmentation-and-user-context/audience-role/marketing-and-commercial-roles/market-analyst | audienceRole: mobility-global:contextual-variables/segmentation-and-user-context/audience-role/oem-and-supplier-roles/competitive-intelligence | contentFormat: mobility-global:system-and-structural-tags/content-formats/written-formats/short-form-article,,
https://www.spglobal.com/automotive-insights/en/blogs/2023/10/3cylinder-engine-installations-rising-in-us-though-4-cylinders,Blog or Automotive Insights,/content/mobility-global/en-us/automotive-insights/blogs/2023/10/3cylinder-engine-installations-rising-in-us-though-4-cylinders,3cylinder-engine-installations-rising-in-us-though-4-cylinders,EXISTING PAGE,Content already in AEM,APPLIED (13 tags),taxonomy-all-pages.zip,13,pillars: mobility-global:pillars/planning-solutions | insightsThoughtLeaderContentType: mobility-global:insights-and-intelligence/insight-and-thought-leader-content-type/analysis-and-reports | insightsThoughtLeaderContentType: mobility-global:insights-and-intelligence/insight-and-thought-leader-content-type/market-news-and-updates | topic: mobility-global:insights-and-intelligence/topic/supply-chain-and-manufacturing/automotive-parts-and-components | theme: mobility-global:insights-and-intelligence/topic/industry-benchmarks/automotive-industry-forecast-and-analysis | industrySector: mobility-global:contextual-variables/segmentation-and-user-context/industry-or-sector/automotive-oems | industrySector: mobility-global:contextual-variables/segmentation-and-user-context/industry-or-sector/automotive-suppliers-and-supply-chain | audienceRole: mobility-global:contextual-variables/segmentation-and-user-context/audience-role/oem-and-supplier-roles/product-planner | audienceRole: mobility-global:contextual-variables/segmentation-and-user-context/audience-role/oem-and-supplier-roles/technical-specialists | contentFormat: mobility-global:system-and-structural-tags/content-formats/written-formats/short-form-article ...,,
https://www.spglobal.com/automotive-insights/en/blogs/2023/10/dont-count-out-hybrids-just-yet,Blog or Automotive Insights,/content/mobility-global/en-us/automotive-insights/blogs/2023/10/dont-count-out-hybrids-just-yet,dont-count-out-hybrids-just-yet,EXISTING PAGE,Content already in AEM,APPLIED (8 tags),taxonomy-all-pages.zip,8,pillars: mobility-global:pillars/planning-solutions | insightsThoughtLeaderContentType: mobility-global:insights-and-intelligence/insight-and-thought-leader-content-type/analysis-and-reports | insightsThoughtLeaderContentType: mobility-global:insights-and-intelligence/insight-and-thought-leader-content-type/market-news-and-updates | topic: mobility-global:insights-and-intelligence/topic/technology-and-innovation | theme: mobility-global:insights-and-intelligence/topic/industry-benchmarks/automotive-industry-forecast-and-analysis | industrySector: mobility-global:contextual-variables/segmentation-and-user-context/industry-or-sector/automotive-oems | audienceRole: mobility-global:contextual-variables/segmentation-and-user-context/audience-role/oem-and-supplier-roles/product-planner | contentFormat: mobility-global:system-and-structural-tags/content-formats/written-formats/short-form-article,,
https://www.spglobal.com/automotive-insights/en/blogs/2023/10/fuel-for-thought-waiting-for-autonomy,Blog or Automotive Insights,/content/mobility-global/en-us/automotive-insights/blogs/2023/10/fuel-for-thought-waiting-for-autonomy,fuel-for-thought-waiting-for-autonomy,EXISTING PAGE,Content already in AEM,APPLIED (9 tags),taxonomy-all-pages.zip,9,pillars: mobility-global:pillars/planning-solutions | insightsThoughtLeaderContentType: mobility-global:insights-and-intelligence/insight-and-thought-leader-content-type/analysis-and-reports | insightsThoughtLeaderContentType: mobility-global:insights-and-intelligence/insight-and-thought-leader-content-type/market-news-and-updates | topic: mobility-global:insights-and-intelligence/topic/technology-and-innovation/autonomous-vehicles-and-adas | theme: mobility-global:insights-and-intelligence/theme/future-of-mobility | industrySector: mobility-global:contextual-variables/segmentation-and-user-context/industry-or-sector/automotive-oems | audienceRole: mobility-global:contextual-variables/segmentation-and-user-context/audience-role/oem-and-supplier-roles/product-planner | audienceRole: mobility-global:contextual-variables/segmentation-and-user-context/audience-role/oem-and-supplier-roles/technical-specialists | contentFormat: mobility-global:system-and-structural-tags/content-formats/written-formats/short-form-article,,
https://www.spglobal.com/automotive-insights/en/blogs/2023/10/tesla-is-most-popular-ev-brand-for-us-fleet-companies,Blog or Automotive Insights,/content/mobility-global/en-us/automotive-insights/blogs/2023/10/tesla-is-most-popular-ev-brand-for-us-fleet-companies,tesla-is-most-popular-ev-brand-for-us-fleet-companies,EXISTING PAGE,Content already in AEM,APPLIED (12 tags),taxonomy-all-pages.zip,12,pillars: mobility-global:pillars/planning-solutions | insightsThoughtLeaderContentType: mobility-global:insights-and-intelligence/insight-and-thought-leader-content-type/analysis-and-reports | insightsThoughtLeaderContentType: mobility-global:insights-and-intelligence/insight-and-thought-leader-content-type/market-news-and-updates | topic: mobility-global:insights-and-intelligence/topic/market-themes-or-analytical-topics/competitive-landscape | theme: mobility-global:insights-and-intelligence/topic/industry-benchmarks/automotive-industry-forecast-and-analysis | theme: mobility-global:insights-and-intelligence/theme/electric-vehicles | industrySector: mobility-global:contextual-variables/segmentation-and-user-context/industry-or-sector/fleet-management-and-leasing | audienceRole: mobility-global:contextual-variables/segmentation-and-user-context/audience-role/fleet-and-commercial-roles/fleet-manager | contentFormat: mobility-global:system-and-structural-tags/content-formats/written-formats/short-form-article | marketSalesRegion: mobility-global:contextual-variables/market-context/market-sales-region/north-america ...,,
https://www.spglobal.com/automotive-insights/en/blogs/2023/10/us-consumers-going-big-as-fullsize-suvs-gain-share,Blog or Automotive Insights,/content/mobility-global/en-us/automotive-insights/blogs/2023/10/us-consumers-going-big-as-fullsize-suvs-gain-share,us-consumers-going-big-as-fullsize-suvs-gain-share,EXISTING PAGE,Content already in AEM,APPLIED (12 tags),taxonomy-all-pages.zip,12,pillars: mobility-global:pillars/sales-solutions | insightsThoughtLeaderContentType: mobility-global:insights-and-intelligence/insight-and-thought-leader-content-type/analysis-and-reports | insightsThoughtLeaderContentType: mobility-global:insights-and-intelligence/insight-and-thought-leader-content-type/market-news-and-updates | topic: mobility-global:insights-and-intelligence/topic/market-themes-or-analytical-topics/market-segmentation-insights | topic: mobility-global:insights-and-intelligence/topic/market-themes-or-analytical-topics/automotive-consumer-demand | theme: mobility-global:insights-and-intelligence/theme/automotive-consumer-trends | industrySector: mobility-global:contextual-variables/segmentation-and-user-context/industry-or-sector/automotive-oems | audienceRole: mobility-global:contextual-variables/segmentation-and-user-context/audience-role/marketing-and-commercial-roles/market-analyst | contentFormat: mobility-global:system-and-structural-tags/content-formats/written-formats/short-form-article | marketSalesRegion: mobility-global:contextual-variables/market-context/market-sales-region/north-america ...,,
https://www.spglobal.com/automotive-insights/en/blogs/2023/11/affordability-tops-charging-and-range-concerns-in-slowing-ev-d,Blog or Automotive Insights,/content/mobility-global/en-us/automotive-insights/blogs/2023/11/affordability-tops-charging-and-range-concerns-in-slowing-ev-d,affordability-tops-charging-and-range-concerns-in-slowing-ev-d,EXISTING PAGE,Content already in AEM,APPLIED (10 tags),taxonomy-all-pages.zip,10,pillars: mobility-global:pillars/planning-solutions | insightsThoughtLeaderContentType: mobility-global:insights-and-intelligence/insight-and-thought-leader-content-type/analysis-and-reports | insightsThoughtLeaderContentType: mobility-global:insights-and-intelligence/insight-and-thought-leader-content-type/market-news-and-updates | topic: mobility-global:insights-and-intelligence/topic/electrification/ev-adoption | topic: mobility-global:insights-and-intelligence/topic/market-themes-or-analytical-topics/pricing-trends | topic: mobility-global:insights-and-intelligence/topic/market-themes-or-analytical-topics/consumer-behavior-insights | theme: mobility-global:insights-and-intelligence/theme/electric-vehicles | industrySector: mobility-global:contextual-variables/segmentation-and-user-context/industry-or-sector/automotive-oems | audienceRole: mobility-global:contextual-variables/segmentation-and-user-context/audience-role/marketing-and-commercial-roles/market-analyst | contentFormat: mobility-global:system-and-structural-tags/content-formats/written-formats/short-form-article,,
https://www.spglobal.com/automotive-insights/en/blogs/2023/11/fuel-for-thought-the-vehicle-affordability-crunch,Blog or Automotive Insights,/content/mobility-global/en-us/automotive-insights/blogs/2023/11/fuel-for-thought-the-vehicle-affordability-crunch,fuel-for-thought-the-vehicle-affordability-crunch,EXISTING PAGE,Content already in AEM,APPLIED (9 tags),taxonomy-all-pages.zip,9,pillars: mobility-global:pillars/sales-solutions | insightsThoughtLeaderContentType: mobility-global:insights-and-intelligence/insight-and-thought-leader-content-type/analysis-and-reports | insightsThoughtLeaderContentType: mobility-global:insights-and-intelligence/insight-and-thought-leader-content-type/market-news-and-updates | topic: mobility-global:insights-and-intelligence/topic/market-themes-or-analytical-topics/pricing-trends | topic: mobility-global:insights-and-intelligence/topic/market-themes-or-analytical-topics/consumer-behavior-insights | theme: mobility-global:insights-and-intelligence/theme/automotive-consumer-trends | industrySector: mobility-global:contextual-variables/segmentation-and-user-context/industry-or-sector/automotive-oems | audienceRole: mobility-global:contextual-variables/segmentation-and-user-context/audience-role/marketing-and-commercial-roles/market-analyst | contentFormat: mobility-global:system-and-structural-tags/content-formats/written-formats/short-form-article,,
https://www.spglobal.com/automotive-insights/en/blogs/2023/11/gigacasting-the-hottest-trend-in-car-manufacturing,Blog or Automotive Insights,/content/mobility-global/en-us/automotive-insights/blogs/2023/11/gigacasting-the-hottest-trend-in-car-manufacturing,gigacasting-the-hottest-trend-in-car-manufacturing,EXISTING PAGE,Content already in AEM,APPLIED (10 tags),taxonomy-all-pages.zip,10,pillars: mobility-global:pillars/planning-solutions | insightsThoughtLeaderContentType: mobility-global:insights-and-intelligence/insight-and-thought-leader-content-type/analysis-and-reports | insightsThoughtLeaderContentType: mobility-global:insights-and-intelligence/insight-and-thought-leader-content-type/market-news-and-updates | topic: mobility-global:insights-and-intelligence/topic/supply-chain-and-manufacturing/automotive-parts-and-components | theme: mobility-global:insights-and-intelligence/topic/industry-benchmarks/automotive-industry-forecast-and-analysis | industrySector: mobility-global:contextual-variables/segmentation-and-user-context/industry-or-sector/automotive-oems | industrySector: mobility-global:contextual-variables/segmentation-and-user-context/industry-or-sector/automotive-suppliers-and-supply-chain | audienceRole: mobility-global:contextual-variables/segmentation-and-user-context/audience-role/oem-and-supplier-roles/product-planner | audienceRole: mobility-global:contextual-variables/segmentation-and-user-context/audience-role/oem-and-supplier-roles/technical-specialists | contentFormat: mobility-global:system-and-structural-tags/content-formats/written-formats/short-form-article,,
https://www.spglobal.com/automotive-insights/en/blogs/2023/12/2024-ev-forecast-the-supply-chain-charging-network-and-battery,Blog or Automotive Insights,/content/mobility-global/en-us/automotive-insights/blogs/2023/12/2024-ev-forecast-the-supply-chain-charging-network-and-battery,2024-ev-forecast-the-supply-chain-charging-network-and-battery,EXISTING PAGE,Content already in AEM,APPLIED (13 tags),taxonomy-all-pages.zip,13,pillars: mobility-global:pillars/planning-solutions | insightsThoughtLeaderContentType: mobility-global:insights-and-intelligence/insight-and-thought-leader-content-type/data-and-forecasts | insightsThoughtLeaderContentType: mobility-global:insights-and-intelligence/insight-and-thought-leader-content-type/analysis-and-reports | theme: mobility-global:insights-and-intelligence/topic/industry-benchmarks/automotive-industry-forecast-and-analysis | theme: mobility-global:insights-and-intelligence/theme/supply-chain-resilience | theme: mobility-global:insights-and-intelligence/theme/electric-vehicles | theme: mobility-global:insights-and-intelligence/theme/automotive-supply-chain | industrySector: mobility-global:contextual-variables/segmentation-and-user-context/industry-or-sector/automotive-oems | industrySector: mobility-global:contextual-variables/segmentation-and-user-context/industry-or-sector/automotive-suppliers-and-supply-chain | audienceRole: mobility-global:contextual-variables/segmentation-and-user-context/audience-role/oem-and-supplier-roles/product-planner ...,,
https://www.spglobal.com/automotive-insights/en/blogs/2023/12/american-honda-sees-a-share-rebound,Blog or Automotive Insights,/content/mobility-global/en-us/automotive-insights/blogs/2023/12/american-honda-sees-a-share-rebound,american-honda-sees-a-share-rebound,EXISTING PAGE,Content already in AEM,APPLIED (14 tags),taxonomy-all-pages.zip,14,pillars: mobility-global:pillars/planning-solutions | insightsThoughtLeaderContentType: mobility-global:insights-and-intelligence/insight-and-thought-leader-content-type/analysis-and-reports | insightsThoughtLeaderContentType: mobility-global:insights-and-intelligence/insight-and-thought-leader-content-type/market-news-and-updates | topic: mobility-global:insights-and-intelligence/topic/market-themes-or-analytical-topics/competitive-landscape | topic: mobility-global:insights-and-intelligence/topic/market-themes-or-analytical-topics/market-segmentation-insights | theme: mobility-global:insights-and-intelligence/topic/industry-benchmarks/automotive-industry-forecast-and-analysis | industrySector: mobility-global:contextual-variables/segmentation-and-user-context/industry-or-sector/automotive-oems | industrySector: mobility-global:contextual-variables/segmentation-and-user-context/industry-or-sector/automotive-dealers-and-retailers | audienceRole: mobility-global:contextual-variables/segmentation-and-user-context/audience-role/marketing-and-commercial-roles/market-analyst | audienceRole: mobility-global:contextual-variables/segmentation-and-user-context/audience-role/oem-and-supplier-roles/competitive-intelligence ...,,
https://www.spglobal.com/automotive-insights/en/blogs/2023/12/fuel-for-thought-connected-cars-and-the-automotive-revolution,Blog or Automotive Insights,/content/mobility-global/en-us/automotive-insights/blogs/2023/12/fuel-for-thought-connected-cars-and-the-automotive-revolution,fuel-for-thought-connected-cars-and-the-automotive-revolution,EXISTING PAGE,Content already in AEM,APPLIED (12 tags),taxonomy-all-pages.zip,12,pillars: mobility-global:pillars/planning-solutions | insightsThoughtLeaderContentType: mobility-global:insights-and-intelligence/insight-and-thought-leader-content-type/analysis-and-reports | insightsThoughtLeaderContentType: mobility-global:insights-and-intelligence/insight-and-thought-leader-content-type/market-news-and-updates | topic: mobility-global:insights-and-intelligence/topic/technology-and-innovation/connected-cars-and-vehicles | topic: mobility-global:insights-and-intelligence/topic/technology-and-innovation/software-defined-vehicles-sdv | theme: mobility-global:insights-and-intelligence/theme/future-of-mobility | theme: mobility-global:insights-and-intelligence/theme/software-defined-vehicles | industrySector: mobility-global:contextual-variables/segmentation-and-user-context/industry-or-sector/automotive-oems | industrySector: mobility-global:contextual-variables/segmentation-and-user-context/industry-or-sector/automotive-suppliers-and-supply-chain | audienceRole: mobility-global:contextual-variables/segmentation-and-user-context/audience-role/oem-and-supplier-roles/oem-strategist ...,,
https://www.spglobal.com/automotive-insights/en/blogs/2023/12/sp-global-mobility-forecasts-883m-auto-sales-in-2024,Blog or Automotive Insights,/content/mobility-global/en-us/automotive-insights/blogs/2023/12/sp-global-mobility-forecasts-883m-auto-sales-in-2024,sp-global-mobility-forecasts-883m-auto-sales-in-2024,EXISTING PAGE,Content already in AEM,APPLIED (8 tags),taxonomy-all-pages.zip,8,pillars: mobility-global:pillars/planning-solutions | insightsThoughtLeaderContentType: mobility-global:insights-and-intelligence/insight-and-thought-leader-content-type/data-and-forecasts | insightsThoughtLeaderContentType: mobility-global:insights-and-intelligence/insight-and-thought-leader-content-type/market-news-and-updates | topic: mobility-global:insights-and-intelligence/topic/industry-benchmarks/automotive-industry-forecast-and-analysis | theme: mobility-global:insights-and-intelligence/topic/industry-benchmarks/automotive-industry-forecast-and-analysis | industrySector: mobility-global:contextual-variables/segmentation-and-user-context/industry-or-sector/automotive-oems | audienceRole: mobility-global:contextual-variables/segmentation-and-user-context/audience-role/marketing-and-commercial-roles/market-analyst | contentFormat: mobility-global:system-and-structural-tags/content-formats/written-formats/short-form-article,,
https://www.spglobal.com/automotive-insights/en/blogs/2023/12/tesla-fuels-electrification-of-us-luxury-vehicles-segment-shar,Blog or Automotive Insights,/content/mobility-global/en-us/automotive-insights/blogs/2023/12/tesla-fuels-electrification-of-us-luxury-vehicles-segment-shar,tesla-fuels-electrification-of-us-luxury-vehicles-segment-shar,EXISTING PAGE,Content already in AEM,APPLIED (14 tags),taxonomy-all-pages.zip,14,pillars: mobility-global:pillars/planning-solutions | insightsThoughtLeaderContentType: mobility-global:insights-and-intelligence/insight-and-thought-leader-content-type/analysis-and-reports | insightsThoughtLeaderContentType: mobility-global:insights-and-intelligence/insight-and-thought-leader-content-type/market-news-and-updates | topic: mobility-global:insights-and-intelligence/topic/electrification/ev-adoption | topic: mobility-global:insights-and-intelligence/topic/market-themes-or-analytical-topics/market-segmentation-insights | topic: mobility-global:insights-and-intelligence/topic/market-themes-or-analytical-topics/competitive-landscape | theme: mobility-global:insights-and-intelligence/theme/electric-vehicles | industrySector: mobility-global:contextual-variables/segmentation-and-user-context/industry-or-sector/automotive-oems | audienceRole: mobility-global:contextual-variables/segmentation-and-user-context/audience-role/marketing-and-commercial-roles/market-analyst | audienceRole: mobility-global:contextual-variables/segmentation-and-user-context/audience-role/oem-and-supplier-roles/competitive-intelligence ...,,
https://www.spglobal.com/automotive-insights/en/blogs/2023/12/when-will-car-leasing-be-cool-again,Blog or Automotive Insights,/content/mobility-global/en-us/automotive-insights/blogs/2023/12/when-will-car-leasing-be-cool-again,when-will-car-leasing-be-cool-again,EXISTING PAGE,Content already in AEM,APPLIED (12 tags),taxonomy-all-pages.zip,12,pillars: mobility-global:pillars/sales-solutions | insightsThoughtLeaderContentType: mobility-global:insights-and-intelligence/insight-and-thought-leader-content-type/analysis-and-reports | insightsThoughtLeaderContentType: mobility-global:insights-and-intelligence/insight-and-thought-leader-content-type/market-news-and-updates | topic: mobility-global:insights-and-intelligence/topic/market-themes-or-analytical-topics/dealer-and-retail-trends | topic: mobility-global:insights-and-intelligence/topic/market-themes-or-analytical-topics/consumer-behavior-insights | topic: mobility-global:insights-and-intelligence/topic/market-themes-or-analytical-topics/pricing-trends | theme: mobility-global:insights-and-intelligence/theme/automotive-consumer-trends | industrySector: mobility-global:contextual-variables/segmentation-and-user-context/industry-or-sector/automotive-dealers-and-retailers | industrySector: mobility-global:contextual-variables/segmentation-and-user-context/industry-or-sector/fleet-management-and-leasing | audienceRole: mobility-global:contextual-variables/segmentation-and-user-context/audience-role/retail-dealer-aftermarket-roles/dealer-or-retailer ...,,
https://www.spglobal.com/automotive-insights/en/blogs/2023/2/can-carmakers-assail-teslas-lead-in-ee-architecture,Blog or Automotive Insights,/content/mobility-global/en-us/automotive-insights/blogs/2023/2/can-carmakers-assail-teslas-lead-in-ee-architecture,can-carmakers-assail-teslas-lead-in-ee-architecture,EXISTING PAGE,Content already in AEM,APPLIED (9 tags),taxonomy-all-pages.zip,9,pillars: mobility-global:pillars/planning-solutions | insightsThoughtLeaderContentType: mobility-global:insights-and-intelligence/insight-and-thought-leader-content-type/analysis-and-reports | insightsThoughtLeaderContentType: mobility-global:insights-and-intelligence/insight-and-thought-leader-content-type/market-news-and-updates | topic: mobility-global:insights-and-intelligence/topic/market-themes-or-analytical-topics/competitive-landscape | theme: mobility-global:insights-and-intelligence/theme/software-defined-vehicles | industrySector: mobility-global:contextual-variables/segmentation-and-user-context/industry-or-sector/automotive-oems | audienceRole: mobility-global:contextual-variables/segmentation-and-user-context/audience-role/oem-and-supplier-roles/competitive-intelligence | audienceRole: mobility-global:contextual-variables/segmentation-and-user-context/audience-role/oem-and-supplier-roles/technical-specialists | contentFormat: mobility-global:system-and-structural-tags/content-formats/written-formats/short-form-article,,
https://www.spglobal.com/automotive-insights/en/blogs/2023/2/car-brands-popular-with-women,Blog or Automotive Insights,/content/mobility-global/en-us/automotive-insights/blogs/2023/2/car-brands-popular-with-women,car-brands-popular-with-women,EXISTING PAGE,Content already in AEM,APPLIED (9 tags),taxonomy-all-pages.zip,9,pillars: mobility-global:pillars/sales-solutions | insightsThoughtLeaderContentType: mobility-global:insights-and-intelligence/insight-and-thought-leader-content-type/analysis-and-reports | insightsThoughtLeaderContentType: mobility-global:insights-and-intelligence/insight-and-thought-leader-content-type/market-news-and-updates | topic: mobility-global:insights-and-intelligence/topic/market-themes-or-analytical-topics/demographic-trends | topic: mobility-global:insights-and-intelligence/topic/market-themes-or-analytical-topics/consumer-behavior-insights | theme: mobility-global:insights-and-intelligence/theme/automotive-consumer-trends | industrySector: mobility-global:contextual-variables/segmentation-and-user-context/industry-or-sector/automotive-oems | audienceRole: mobility-global:contextual-variables/segmentation-and-user-context/audience-role/marketing-and-commercial-roles/marketing-and-media-agencies | contentFormat: mobility-global:system-and-structural-tags/content-formats/written-formats/short-form-article,,
https://www.spglobal.com/automotive-insights/en/blogs/2023/2/fuel-for-thought-the-old-way-of-selling-cars-wont-work-anymore,Blog or Automotive Insights,/content/mobility-global/en-us/automotive-insights/blogs/2023/2/fuel-for-thought-the-old-way-of-selling-cars-wont-work-anymore,fuel-for-thought-the-old-way-of-selling-cars-wont-work-anymore,EXISTING PAGE,Content already in AEM,APPLIED (9 tags),taxonomy-all-pages.zip,9,pillars: mobility-global:pillars/sales-solutions | insightsThoughtLeaderContentType: mobility-global:insights-and-intelligence/insight-and-thought-leader-content-type/analysis-and-reports | insightsThoughtLeaderContentType: mobility-global:insights-and-intelligence/insight-and-thought-leader-content-type/market-news-and-updates | topic: mobility-global:insights-and-intelligence/topic/market-themes-or-analytical-topics/dealer-and-retail-trends | topic: mobility-global:insights-and-intelligence/topic/market-themes-or-analytical-topics/consumer-behavior-insights | theme: mobility-global:insights-and-intelligence/theme/future-of-mobility | industrySector: mobility-global:contextual-variables/segmentation-and-user-context/industry-or-sector/automotive-dealers-and-retailers | audienceRole: mobility-global:contextual-variables/segmentation-and-user-context/audience-role/retail-dealer-aftermarket-roles/dealer-or-retailer | contentFormat: mobility-global:system-and-structural-tags/content-formats/written-formats/short-form-article,,
https://www.spglobal.com/automotive-insights/en/blogs/2023/2/the-sedan-debate,Blog or Automotive Insights,/content/mobility-global/en-us/automotive-insights/blogs/2023/2/the-sedan-debate,the-sedan-debate,EXISTING PAGE,Content already in AEM,APPLIED (10 tags),taxonomy-all-pages.zip,10,pillars: mobility-global:pillars/planning-solutions | insightsThoughtLeaderContentType: mobility-global:insights-and-intelligence/insight-and-thought-leader-content-type/analysis-and-reports | insightsThoughtLeaderContentType: mobility-global:insights-and-intelligence/insight-and-thought-leader-content-type/market-news-and-updates | topic: mobility-global:insights-and-intelligence/topic/market-themes-or-analytical-topics/market-segmentation-insights | topic: mobility-global:insights-and-intelligence/topic/market-themes-or-analytical-topics/automotive-consumer-demand | theme: mobility-global:insights-and-intelligence/theme/automotive-consumer-trends | industrySector: mobility-global:contextual-variables/segmentation-and-user-context/industry-or-sector/automotive-oems | audienceRole: mobility-global:contextual-variables/segmentation-and-user-context/audience-role/oem-and-supplier-roles/product-planner | audienceRole: mobility-global:contextual-variables/segmentation-and-user-context/audience-role/marketing-and-commercial-roles/market-analyst | contentFormat: mobility-global:system-and-structural-tags/content-formats/written-formats/short-form-article,,
https://www.spglobal.com/automotive-insights/en/blogs/2023/2/women-not-buying-electric-vehicles,Blog or Automotive Insights,/content/mobility-global/en-us/automotive-insights/blogs/2023/2/women-not-buying-electric-vehicles,women-not-buying-electric-vehicles,EXISTING PAGE,Content already in AEM,APPLIED (10 tags),taxonomy-all-pages.zip,10,pillars: mobility-global:pillars/sales-solutions | insightsThoughtLeaderContentType: mobility-global:insights-and-intelligence/insight-and-thought-leader-content-type/analysis-and-reports | insightsThoughtLeaderContentType: mobility-global:insights-and-intelligence/insight-and-thought-leader-content-type/market-news-and-updates | topic: mobility-global:insights-and-intelligence/topic/electrification/ev-adoption | topic: mobility-global:insights-and-intelligence/topic/market-themes-or-analytical-topics/consumer-behavior-insights | topic: mobility-global:insights-and-intelligence/topic/market-themes-or-analytical-topics/demographic-trends | theme: mobility-global:insights-and-intelligence/theme/automotive-consumer-trends | industrySector: mobility-global:contextual-variables/segmentation-and-user-context/industry-or-sector/automotive-oems | audienceRole: mobility-global:contextual-variables/segmentation-and-user-context/audience-role/marketing-and-commercial-roles/marketing-and-media-agencies | contentFormat: mobility-global:system-and-structural-tags/content-formats/written-formats/short-form-article,,
https://www.spglobal.com/automotive-insights/en/blogs/2023/3/america-road-tax-electric-vehicles-ceraweek,Blog or Automotive Insights,/content/mobility-global/en-us/automotive-insights/blogs/2023/3/america-road-tax-electric-vehicles-ceraweek,america-road-tax-electric-vehicles-ceraweek,EXISTING PAGE,Content already in AEM,APPLIED (12 tags),taxonomy-all-pages.zip,12,pillars: mobility-global:pillars/planning-solutions | insightsThoughtLeaderContentType: mobility-global:insights-and-intelligence/insight-and-thought-leader-content-type/market-news-and-updates | insightsThoughtLeaderContentType: mobility-global:insights-and-intelligence/insight-and-thought-leader-content-type/analysis-and-reports | topic: mobility-global:insights-and-intelligence/topic/risk-safety-and-compliance/regulations-and-compliance | theme: mobility-global:insights-and-intelligence/theme/electric-vehicles | regulatoryContext: mobility-global:contextual-variables/regulatory-and-operating-context/regulatory-context/policy | industrySector: mobility-global:contextual-variables/segmentation-and-user-context/industry-or-sector/automotive-oems | audienceRole: mobility-global:contextual-variables/segmentation-and-user-context/audience-role/regulatory-risk-and-policy-roles/government-or-policy-maker | contentFormat: mobility-global:system-and-structural-tags/content-formats/written-formats/short-form-article | marketSalesRegion: mobility-global:contextual-variables/market-context/market-sales-region/north-america ...,,
https://www.spglobal.com/automotive-insights/en/blogs/2023/3/the-evolution-of-the-ev-consumer,Blog or Automotive Insights,/content/mobility-global/en-us/automotive-insights/blogs/2023/3/the-evolution-of-the-ev-consumer,the-evolution-of-the-ev-consumer,EXISTING PAGE,Content already in AEM,APPLIED (10 tags),taxonomy-all-pages.zip,10,pillars: mobility-global:pillars/sales-solutions | insightsThoughtLeaderContentType: mobility-global:insights-and-intelligence/insight-and-thought-leader-content-type/analysis-and-reports | insightsThoughtLeaderContentType: mobility-global:insights-and-intelligence/insight-and-thought-leader-content-type/market-news-and-updates | topic: mobility-global:insights-and-intelligence/topic/electrification/ev-adoption | topic: mobility-global:insights-and-intelligence/topic/market-themes-or-analytical-topics/consumer-behavior-insights | theme: mobility-global:insights-and-intelligence/theme/automotive-consumer-trends | industrySector: mobility-global:contextual-variables/segmentation-and-user-context/industry-or-sector/automotive-oems | audienceRole: mobility-global:contextual-variables/segmentation-and-user-context/audience-role/marketing-and-commercial-roles/market-analyst | audienceRole: mobility-global:contextual-variables/segmentation-and-user-context/audience-role/marketing-and-commercial-roles/marketing-and-media-agencies | contentFormat: mobility-global:system-and-structural-tags/content-formats/written-formats/short-form-article,,
https://www.spglobal.com/automotive-insights/en/blogs/2023/4/be-ready-for-the-coming-shift-in-automotive-computing-power,Blog or Automotive Insights,/content/mobility-global/en-us/automotive-insights/blogs/2023/4/be-ready-for-the-coming-shift-in-automotive-computing-power,be-ready-for-the-coming-shift-in-automotive-computing-power,EXISTING PAGE,Content already in AEM,APPLIED (12 tags),taxonomy-all-pages.zip,12,pillars: mobility-global:pillars/planning-solutions | insightsThoughtLeaderContentType: mobility-global:insights-and-intelligence/insight-and-thought-leader-content-type/analysis-and-reports | insightsThoughtLeaderContentType: mobility-global:insights-and-intelligence/insight-and-thought-leader-content-type/market-news-and-updates | topic: mobility-global:insights-and-intelligence/topic/technology-and-innovation/automotive-semiconductors | topic: mobility-global:insights-and-intelligence/topic/technology-and-innovation/software-defined-vehicles-sdv | theme: mobility-global:insights-and-intelligence/theme/software-defined-vehicles | theme: mobility-global:insights-and-intelligence/theme/supply-chain-resilience | industrySector: mobility-global:contextual-variables/segmentation-and-user-context/industry-or-sector/automotive-oems | industrySector: mobility-global:contextual-variables/segmentation-and-user-context/industry-or-sector/automotive-suppliers-and-supply-chain | audienceRole: mobility-global:contextual-variables/segmentation-and-user-context/audience-role/oem-and-supplier-roles/technical-specialists ...,,
https://www.spglobal.com/automotive-insights/en/blogs/2023/5/ford-and-chevrolet-brand-loyalty-depends-on-pickups,Blog or Automotive Insights,/content/mobility-global/en-us/automotive-insights/blogs/2023/5/ford-and-chevrolet-brand-loyalty-depends-on-pickups,ford-and-chevrolet-brand-loyalty-depends-on-pickups,EXISTING PAGE,Content already in AEM,APPLIED (9 tags),taxonomy-all-pages.zip,9,pillars: mobility-global:pillars/sales-solutions | productFamily: mobility-global:products-and-platforms/product-families/loyalty | insightsThoughtLeaderContentType: mobility-global:insights-and-intelligence/insight-and-thought-leader-content-type/analysis-and-reports | insightsThoughtLeaderContentType: mobility-global:insights-and-intelligence/insight-and-thought-leader-content-type/market-news-and-updates | topic: mobility-global:products-and-platforms/product-families/loyalty | theme: mobility-global:insights-and-intelligence/theme/automotive-consumer-trends | industrySector: mobility-global:contextual-variables/segmentation-and-user-context/industry-or-sector/automotive-oems | audienceRole: mobility-global:contextual-variables/segmentation-and-user-context/audience-role/marketing-and-commercial-roles/market-analyst | contentFormat: mobility-global:system-and-structural-tags/content-formats/written-formats/short-form-article,,
https://www.spglobal.com/automotive-insights/en/blogs/2023/5/fuel-for-thought-as-the-industry-goes-electric-expect-shakeout,Blog or Automotive Insights,/content/mobility-global/en-us/automotive-insights/blogs/2023/5/fuel-for-thought-as-the-industry-goes-electric-expect-shakeout,fuel-for-thought-as-the-industry-goes-electric-expect-shakeout,EXISTING PAGE,Content already in AEM,APPLIED (9 tags),taxonomy-all-pages.zip,9,pillars: mobility-global:pillars/planning-solutions | insightsThoughtLeaderContentType: mobility-global:insights-and-intelligence/insight-and-thought-leader-content-type/analysis-and-reports | insightsThoughtLeaderContentType: mobility-global:insights-and-intelligence/insight-and-thought-leader-content-type/market-news-and-updates | topic: mobility-global:insights-and-intelligence/topic/electrification/ev-adoption | topic: mobility-global:insights-and-intelligence/topic/market-themes-or-analytical-topics/market-volatility-trends | theme: mobility-global:insights-and-intelligence/theme/electric-vehicles | industrySector: mobility-global:contextual-variables/segmentation-and-user-context/industry-or-sector/automotive-oems | audienceRole: mobility-global:contextual-variables/segmentation-and-user-context/audience-role/marketing-and-commercial-roles/market-analyst | contentFormat: mobility-global:system-and-structural-tags/content-formats/written-formats/short-form-article,,
https://www.spglobal.com/automotive-insights/en/blogs/2023/5/fuel-for-thought-auto-safety-systems-calibration-challenges-repair-modification,Blog or Automotive Insights,/content/mobility-global/en-us/automotive-insights/blogs/2023/5/fuel-for-thought-auto-safety-systems-calibration-challenges-repair-modification,fuel-for-thought-auto-safety-systems-calibration-challenges-repair-modification,EXISTING PAGE,Content already in AEM,APPLIED (11 tags),taxonomy-all-pages.zip,11,pillars: mobility-global:pillars/planning-solutions | insightsThoughtLeaderContentType: mobility-global:insights-and-intelligence/insight-and-thought-leader-content-type/analysis-and-reports | insightsThoughtLeaderContentType: mobility-global:insights-and-intelligence/insight-and-thought-leader-content-type/market-news-and-updates | topic: mobility-global:insights-and-intelligence/topic/technology-and-innovation/autonomous-vehicles-and-adas | theme: mobility-global:insights-and-intelligence/theme/software-defined-vehicles | regulatoryContext: mobility-global:contextual-variables/regulatory-and-operating-context/regulatory-context/safety-regulations | industrySector: mobility-global:contextual-variables/segmentation-and-user-context/industry-or-sector/automotive-aftermarket | industrySector: mobility-global:contextual-variables/segmentation-and-user-context/industry-or-sector/automotive-oems | audienceRole: mobility-global:contextual-variables/segmentation-and-user-context/audience-role/retail-dealer-aftermarket-roles/aftermarket-provider | audienceRole: mobility-global:contextual-variables/segmentation-and-user-context/audience-role/oem-and-supplier-roles/technical-specialists ...,,
https://www.spglobal.com/automotive-insights/en/blogs/2023/5/how-general-motors-maintains-its-loyalty-lead-amid-declining-s,Blog or Automotive Insights,/content/mobility-global/en-us/automotive-insights/blogs/2023/5/how-general-motors-maintains-its-loyalty-lead-amid-declining-s,how-general-motors-maintains-its-loyalty-lead-amid-declining-s,EXISTING PAGE,Content already in AEM,APPLIED (9 tags),taxonomy-all-pages.zip,9,pillars: mobility-global:pillars/sales-solutions | productFamily: mobility-global:products-and-platforms/product-families/loyalty | insightsThoughtLeaderContentType: mobility-global:insights-and-intelligence/insight-and-thought-leader-content-type/analysis-and-reports | insightsThoughtLeaderContentType: mobility-global:insights-and-intelligence/insight-and-thought-leader-content-type/market-news-and-updates | topic: mobility-global:products-and-platforms/product-families/loyalty | theme: mobility-global:insights-and-intelligence/theme/automotive-consumer-trends | industrySector: mobility-global:contextual-variables/segmentation-and-user-context/industry-or-sector/automotive-oems | audienceRole: mobility-global:contextual-variables/segmentation-and-user-context/audience-role/marketing-and-commercial-roles/market-analyst | contentFormat: mobility-global:system-and-structural-tags/content-formats/written-formats/short-form-article,,
https://www.spglobal.com/automotive-insights/en/blogs/2023/5/premium-audio-enters-the-mass-market,Blog or Automotive Insights,/content/mobility-global/en-us/automotive-insights/blogs/2023/5/premium-audio-enters-the-mass-market,premium-audio-enters-the-mass-market,EXISTING PAGE,Content already in AEM,APPLIED (11 tags),taxonomy-all-pages.zip,11,pillars: mobility-global:pillars/planning-solutions | insightsThoughtLeaderContentType: mobility-global:insights-and-intelligence/insight-and-thought-leader-content-type/analysis-and-reports | insightsThoughtLeaderContentType: mobility-global:insights-and-intelligence/insight-and-thought-leader-content-type/market-news-and-updates | topic: mobility-global:insights-and-intelligence/topic/supply-chain-and-manufacturing/automotive-parts-and-components | theme: mobility-global:insights-and-intelligence/topic/industry-benchmarks/automotive-industry-forecast-and-analysis | theme: mobility-global:insights-and-intelligence/theme/automotive-supply-chain | industrySector: mobility-global:contextual-variables/segmentation-and-user-context/industry-or-sector/automotive-oems | industrySector: mobility-global:contextual-variables/segmentation-and-user-context/industry-or-sector/automotive-suppliers-and-supply-chain | audienceRole: mobility-global:contextual-variables/segmentation-and-user-context/audience-role/oem-and-supplier-roles/product-planner | audienceRole: mobility-global:contextual-variables/segmentation-and-user-context/audience-role/oem-and-supplier-roles/technical-specialists ...,,
https://www.spglobal.com/automotive-insights/en/blogs/2023/5/tesla-minority-group-loyalty,Blog or Automotive Insights,/content/mobility-global/en-us/automotive-insights/blogs/2023/5/tesla-minority-group-loyalty,tesla-minority-group-loyalty,EXISTING PAGE,Content already in AEM,APPLIED (10 tags),taxonomy-all-pages.zip,10,pillars: mobility-global:pillars/sales-solutions | productFamily: mobility-global:products-and-platforms/product-families/loyalty | insightsThoughtLeaderContentType: mobility-global:insights-and-intelligence/insight-and-thought-leader-content-type/analysis-and-reports | insightsThoughtLeaderContentType: mobility-global:insights-and-intelligence/insight-and-thought-leader-content-type/market-news-and-updates | topic: mobility-global:insights-and-intelligence/topic/market-themes-or-analytical-topics/demographic-trends | topic: mobility-global:products-and-platforms/product-families/loyalty | theme: mobility-global:insights-and-intelligence/theme/automotive-consumer-trends | industrySector: mobility-global:contextual-variables/segmentation-and-user-context/industry-or-sector/automotive-oems | audienceRole: mobility-global:contextual-variables/segmentation-and-user-context/audience-role/marketing-and-commercial-roles/market-analyst | contentFormat: mobility-global:system-and-structural-tags/content-formats/written-formats/short-form-article,,
https://www.spglobal.com/automotive-insights/en/blogs/2023/5/why-vw-needs-scout,Blog or Automotive Insights,/content/mobility-global/en-us/automotive-insights/blogs/2023/5/why-vw-needs-scout,why-vw-needs-scout,EXISTING PAGE,Content already in AEM,APPLIED (9 tags),taxonomy-all-pages.zip,9,pillars: mobility-global:pillars/planning-solutions | insightsThoughtLeaderContentType: mobility-global:insights-and-intelligence/insight-and-thought-leader-content-type/analysis-and-reports | insightsThoughtLeaderContentType: mobility-global:insights-and-intelligence/insight-and-thought-leader-content-type/market-news-and-updates | topic: mobility-global:insights-and-intelligence/topic/industry-benchmarks/automotive-industry-forecast-and-analysis | theme: mobility-global:insights-and-intelligence/topic/industry-benchmarks/automotive-industry-forecast-and-analysis | industrySector: mobility-global:contextual-variables/segmentation-and-user-context/industry-or-sector/automotive-oems | audienceRole: mobility-global:contextual-variables/segmentation-and-user-context/audience-role/oem-and-supplier-roles/oem-strategist | audienceRole: mobility-global:contextual-variables/segmentation-and-user-context/audience-role/oem-and-supplier-roles/competitive-intelligence | contentFormat: mobility-global:system-and-structural-tags/content-formats/written-formats/short-form-article,,
https://www.spglobal.com/automotive-insights/en/blogs/2023/6/autofinance-delinquencies-rise-past-great-recession-peak-but,Blog or Automotive Insights,/content/mobility-global/en-us/automotive-insights/blogs/2023/6/autofinance-delinquencies-rise-past-great-recession-peak-but,autofinance-delinquencies-rise-past-great-recession-peak-but,EXISTING PAGE,Content already in AEM,APPLIED (8 tags),taxonomy-all-pages.zip,8,pillars: mobility-global:pillars/sales-solutions | insightsThoughtLeaderContentType: mobility-global:insights-and-intelligence/insight-and-thought-leader-content-type/analysis-and-reports | insightsThoughtLeaderContentType: mobility-global:insights-and-intelligence/insight-and-thought-leader-content-type/market-news-and-updates | theme: mobility-global:insights-and-intelligence/topic/industry-benchmarks/automotive-industry-forecast-and-analysis | theme: mobility-global:insights-and-intelligence/theme/automotive-consumer-trends | industrySector: mobility-global:contextual-variables/segmentation-and-user-context/industry-or-sector/fleet-management-and-leasing | audienceRole: mobility-global:contextual-variables/segmentation-and-user-context/audience-role/fleet-and-commercial-roles/leasing-or-financial-services | contentFormat: mobility-global:system-and-structural-tags/content-formats/written-formats/short-form-article,,
https://www.spglobal.com/automotive-insights/en/blogs/2023/6/china-exported-more-than-3-million-vehicles-in-22,Blog or Automotive Insights,/content/mobility-global/en-us/automotive-insights/blogs/2023/6/china-exported-more-than-3-million-vehicles-in-22,china-exported-more-than-3-million-vehicles-in-22,EXISTING PAGE,Content already in AEM,APPLIED (10 tags),taxonomy-all-pages.zip,10,pillars: mobility-global:pillars/planning-solutions | insightsThoughtLeaderContentType: mobility-global:insights-and-intelligence/insight-and-thought-leader-content-type/analysis-and-reports | insightsThoughtLeaderContentType: mobility-global:insights-and-intelligence/insight-and-thought-leader-content-type/market-news-and-updates | theme: mobility-global:insights-and-intelligence/topic/industry-benchmarks/automotive-industry-forecast-and-analysis | industrySector: mobility-global:contextual-variables/segmentation-and-user-context/industry-or-sector/automotive-oems | audienceRole: mobility-global:contextual-variables/segmentation-and-user-context/audience-role/marketing-and-commercial-roles/market-analyst | contentFormat: mobility-global:system-and-structural-tags/content-formats/written-formats/short-form-article | marketSalesRegion: mobility-global:contextual-variables/market-context/market-sales-region/greater-china | marketRegion: mobility-global:contextual-variables/market-context/market-sales-region/greater-china | marketCountry: mobility-global:contextual-variables/market-context/market-country/mainland-china,,
https://www.spglobal.com/automotive-insights/en/blogs/2023/6/fuel-for-thought-the-transformation-of-auto-retail,Blog or Automotive Insights,/content/mobility-global/en-us/automotive-insights/blogs/2023/6/fuel-for-thought-the-transformation-of-auto-retail,fuel-for-thought-the-transformation-of-auto-retail,EXISTING PAGE,Content already in AEM,APPLIED (8 tags),taxonomy-all-pages.zip,8,pillars: mobility-global:pillars/sales-solutions | insightsThoughtLeaderContentType: mobility-global:insights-and-intelligence/insight-and-thought-leader-content-type/analysis-and-reports | insightsThoughtLeaderContentType: mobility-global:insights-and-intelligence/insight-and-thought-leader-content-type/market-news-and-updates | topic: mobility-global:insights-and-intelligence/topic/market-themes-or-analytical-topics/dealer-and-retail-trends | theme: mobility-global:insights-and-intelligence/theme/future-of-mobility | industrySector: mobility-global:contextual-variables/segmentation-and-user-context/industry-or-sector/automotive-dealers-and-retailers | audienceRole: mobility-global:contextual-variables/segmentation-and-user-context/audience-role/retail-dealer-aftermarket-roles/dealer-or-retailer | contentFormat: mobility-global:system-and-structural-tags/content-formats/written-formats/short-form-article,,
https://www.spglobal.com/automotive-insights/en/blogs/2023/6/with-mobile-phone-semiconductor-demand-cooling-automotive-chip,Blog or Automotive Insights,/content/mobility-global/en-us/automotive-insights/blogs/2023/6/with-mobile-phone-semiconductor-demand-cooling-automotive-chip,with-mobile-phone-semiconductor-demand-cooling-automotive-chip,EXISTING PAGE,Content already in AEM,APPLIED (11 tags),taxonomy-all-pages.zip,11,pillars: mobility-global:pillars/planning-solutions | insightsThoughtLeaderContentType: mobility-global:insights-and-intelligence/insight-and-thought-leader-content-type/analysis-and-reports | insightsThoughtLeaderContentType: mobility-global:insights-and-intelligence/insight-and-thought-leader-content-type/market-news-and-updates | topic: mobility-global:insights-and-intelligence/topic/technology-and-innovation/automotive-semiconductors | theme: mobility-global:insights-and-intelligence/theme/automotive-supply-chain | theme: mobility-global:insights-and-intelligence/theme/supply-chain-resilience | industrySector: mobility-global:contextual-variables/segmentation-and-user-context/industry-or-sector/automotive-suppliers-and-supply-chain | industrySector: mobility-global:contextual-variables/segmentation-and-user-context/industry-or-sector/automotive-oems | audienceRole: mobility-global:contextual-variables/segmentation-and-user-context/audience-role/oem-and-supplier-roles/supply-chain-analyst | audienceRole: mobility-global:contextual-variables/segmentation-and-user-context/audience-role/oem-and-supplier-roles/procurement ...,,
https://www.spglobal.com/automotive-insights/en/blogs/2023/7/commercial-vehicle-forecast-mdhd-truck-market-coasts,Blog or Automotive Insights,/content/mobility-global/en-us/automotive-insights/blogs/2023/7/commercial-vehicle-forecast-mdhd-truck-market-coasts,commercial-vehicle-forecast-mdhd-truck-market-coasts,EXISTING PAGE,Content already in AEM,APPLIED (8 tags),taxonomy-all-pages.zip,8,pillars: mobility-global:pillars/planning-solutions | insightsThoughtLeaderContentType: mobility-global:insights-and-intelligence/insight-and-thought-leader-content-type/data-and-forecasts | insightsThoughtLeaderContentType: mobility-global:insights-and-intelligence/insight-and-thought-leader-content-type/market-news-and-updates | theme: mobility-global:insights-and-intelligence/topic/industry-benchmarks/automotive-industry-forecast-and-analysis | theme: mobility-global:insights-and-intelligence/theme/commercial-vehicle-market | industrySector: mobility-global:contextual-variables/segmentation-and-user-context/industry-or-sector/automotive-oems | audienceRole: mobility-global:contextual-variables/segmentation-and-user-context/audience-role/marketing-and-commercial-roles/market-analyst | contentFormat: mobility-global:system-and-structural-tags/content-formats/written-formats/short-form-article,,
https://www.spglobal.com/automotive-insights/en/blogs/2023/7/consumer-loyalty-to-finance-companies-fell-sharply,Blog or Automotive Insights,/content/mobility-global/en-us/automotive-insights/blogs/2023/7/consumer-loyalty-to-finance-companies-fell-sharply,consumer-loyalty-to-finance-companies-fell-sharply,EXISTING PAGE,Content already in AEM,APPLIED (9 tags),taxonomy-all-pages.zip,9,pillars: mobility-global:pillars/sales-solutions | productFamily: mobility-global:products-and-platforms/product-families/loyalty | insightsThoughtLeaderContentType: mobility-global:insights-and-intelligence/insight-and-thought-leader-content-type/analysis-and-reports | insightsThoughtLeaderContentType: mobility-global:insights-and-intelligence/insight-and-thought-leader-content-type/market-news-and-updates | topic: mobility-global:products-and-platforms/product-families/loyalty | theme: mobility-global:insights-and-intelligence/theme/automotive-consumer-trends | industrySector: mobility-global:contextual-variables/segmentation-and-user-context/industry-or-sector/fleet-management-and-leasing | audienceRole: mobility-global:contextual-variables/segmentation-and-user-context/audience-role/fleet-and-commercial-roles/leasing-or-financial-services | contentFormat: mobility-global:system-and-structural-tags/content-formats/written-formats/short-form-article,,
https://www.spglobal.com/automotive-insights/en/blogs/2023/7/fuel-for-thought-the-commercial-vehicle-fleet-accelerates,Blog or Automotive Insights,/content/mobility-global/en-us/automotive-insights/blogs/2023/7/fuel-for-thought-the-commercial-vehicle-fleet-accelerates,fuel-for-thought-the-commercial-vehicle-fleet-accelerates,EXISTING PAGE,Content already in AEM,APPLIED (8 tags),taxonomy-all-pages.zip,8,pillars: mobility-global:pillars/planning-solutions | insightsThoughtLeaderContentType: mobility-global:insights-and-intelligence/insight-and-thought-leader-content-type/analysis-and-reports | insightsThoughtLeaderContentType: mobility-global:insights-and-intelligence/insight-and-thought-leader-content-type/market-news-and-updates | topic: mobility-global:insights-and-intelligence/topic/industry-benchmarks/automotive-industry-forecast-and-analysis | theme: mobility-global:insights-and-intelligence/theme/commercial-vehicle-market | industrySector: mobility-global:contextual-variables/segmentation-and-user-context/industry-or-sector/fleet-management-and-leasing | audienceRole: mobility-global:contextual-variables/segmentation-and-user-context/audience-role/fleet-and-commercial-roles/fleet-manager | contentFormat: mobility-global:system-and-structural-tags/content-formats/written-formats/short-form-article,,
https://www.spglobal.com/automotive-insights/en/blogs/2023/7/july-us-auto-inventory-trends-you-should-know,Blog or Automotive Insights,/content/mobility-global/en-us/automotive-insights/blogs/2023/7/july-us-auto-inventory-trends-you-should-know,july-us-auto-inventory-trends-you-should-know,EXISTING PAGE,Content already in AEM,APPLIED (11 tags),taxonomy-all-pages.zip,11,pillars: mobility-global:pillars/sales-solutions | insightsThoughtLeaderContentType: mobility-global:insights-and-intelligence/insight-and-thought-leader-content-type/analysis-and-reports | insightsThoughtLeaderContentType: mobility-global:insights-and-intelligence/insight-and-thought-leader-content-type/market-news-and-updates | topic: mobility-global:insights-and-intelligence/topic/industry-benchmarks/automotive-industry-forecast-and-analysis | theme: mobility-global:insights-and-intelligence/topic/industry-benchmarks/automotive-industry-forecast-and-analysis | industrySector: mobility-global:contextual-variables/segmentation-and-user-context/industry-or-sector/automotive-dealers-and-retailers | audienceRole: mobility-global:contextual-variables/segmentation-and-user-context/audience-role/retail-dealer-aftermarket-roles/dealer-or-retailer | contentFormat: mobility-global:system-and-structural-tags/content-formats/written-formats/short-form-article | marketSalesRegion: mobility-global:contextual-variables/market-context/market-sales-region/north-america | marketRegion: mobility-global:contextual-variables/market-context/market-sales-region/north-america ...,,
https://www.spglobal.com/automotive-insights/en/blogs/2023/7/the-semiconductor-shortage-is-mostly-over-for-the-auto-industry,Blog or Automotive Insights,/content/mobility-global/en-us/automotive-insights/blogs/2023/7/the-semiconductor-shortage-is-mostly-over-for-the-auto-industry,the-semiconductor-shortage-is-mostly-over-for-the-auto-industry,EXISTING PAGE,Content already in AEM,APPLIED (11 tags),taxonomy-all-pages.zip,11,pillars: mobility-global:pillars/planning-solutions | insightsThoughtLeaderContentType: mobility-global:insights-and-intelligence/insight-and-thought-leader-content-type/analysis-and-reports | insightsThoughtLeaderContentType: mobility-global:insights-and-intelligence/insight-and-thought-leader-content-type/market-news-and-updates | topic: mobility-global:insights-and-intelligence/topic/technology-and-innovation/automotive-semiconductors | theme: mobility-global:insights-and-intelligence/theme/automotive-supply-chain | theme: mobility-global:insights-and-intelligence/theme/supply-chain-resilience | industrySector: mobility-global:contextual-variables/segmentation-and-user-context/industry-or-sector/automotive-suppliers-and-supply-chain | industrySector: mobility-global:contextual-variables/segmentation-and-user-context/industry-or-sector/automotive-oems | audienceRole: mobility-global:contextual-variables/segmentation-and-user-context/audience-role/oem-and-supplier-roles/supply-chain-analyst | audienceRole: mobility-global:contextual-variables/segmentation-and-user-context/audience-role/oem-and-supplier-roles/procurement ...,,
https://www.spglobal.com/automotive-insights/en/blogs/2023/7/what-connectedcar-services-are-consumers-willing-to-pay-for,Blog or Automotive Insights,/content/mobility-global/en-us/automotive-insights/blogs/2023/7/what-connectedcar-services-are-consumers-willing-to-pay-for,what-connectedcar-services-are-consumers-willing-to-pay-for,EXISTING PAGE,Content already in AEM,APPLIED (11 tags),taxonomy-all-pages.zip,11,pillars: mobility-global:pillars/planning-solutions | insightsThoughtLeaderContentType: mobility-global:insights-and-intelligence/insight-and-thought-leader-content-type/analysis-and-reports | insightsThoughtLeaderContentType: mobility-global:insights-and-intelligence/insight-and-thought-leader-content-type/market-news-and-updates | topic: mobility-global:insights-and-intelligence/topic/technology-and-innovation/connected-cars-and-vehicles | topic: mobility-global:insights-and-intelligence/topic/market-themes-or-analytical-topics/consumer-behavior-insights | topic: mobility-global:insights-and-intelligence/topic/market-themes-or-analytical-topics/pricing-trends | theme: mobility-global:insights-and-intelligence/theme/future-of-mobility | industrySector: mobility-global:contextual-variables/segmentation-and-user-context/industry-or-sector/automotive-oems | audienceRole: mobility-global:contextual-variables/segmentation-and-user-context/audience-role/oem-and-supplier-roles/product-planner | audienceRole: mobility-global:contextual-variables/segmentation-and-user-context/audience-role/marketing-and-commercial-roles/market-analyst ...,,
https://www.spglobal.com/automotive-insights/en/blogs/2023/8/asean-sales-production-commentary-august-2023,Blog or Automotive Insights,/content/mobility-global/en-us/automotive-insights/blogs/2023/8/asean-sales-production-commentary-august-2023,asean-sales-production-commentary-august-2023,EXISTING PAGE,Content already in AEM,APPLIED (8 tags),taxonomy-all-pages.zip,8,pillars: mobility-global:pillars/planning-solutions | insightsThoughtLeaderContentType: mobility-global:insights-and-intelligence/insight-and-thought-leader-content-type/analysis-and-reports | insightsThoughtLeaderContentType: mobility-global:insights-and-intelligence/insight-and-thought-leader-content-type/market-news-and-updates | topic: mobility-global:insights-and-intelligence/topic/industry-benchmarks/vehicle-production-forecasts | theme: mobility-global:insights-and-intelligence/topic/industry-benchmarks/automotive-industry-forecast-and-analysis | industrySector: mobility-global:contextual-variables/segmentation-and-user-context/industry-or-sector/automotive-oems | audienceRole: mobility-global:contextual-variables/segmentation-and-user-context/audience-role/marketing-and-commercial-roles/market-analyst | contentFormat: mobility-global:system-and-structural-tags/content-formats/written-formats/short-form-article,,
https://www.spglobal.com/automotive-insights/en/blogs/2023/8/fuel-for-thought-warning-signs-on-the-path-to-mass-ev-adoption,Blog or Automotive Insights,/content/mobility-global/en-us/automotive-insights/blogs/2023/8/fuel-for-thought-warning-signs-on-the-path-to-mass-ev-adoption,fuel-for-thought-warning-signs-on-the-path-to-mass-ev-adoption,EXISTING PAGE,Content already in AEM,APPLIED (9 tags),taxonomy-all-pages.zip,9,pillars: mobility-global:pillars/planning-solutions | insightsThoughtLeaderContentType: mobility-global:insights-and-intelligence/insight-and-thought-leader-content-type/analysis-and-reports | insightsThoughtLeaderContentType: mobility-global:insights-and-intelligence/insight-and-thought-leader-content-type/market-news-and-updates | topic: mobility-global:insights-and-intelligence/topic/electrification/ev-adoption | topic: mobility-global:insights-and-intelligence/topic/market-themes-or-analytical-topics/market-volatility-trends | theme: mobility-global:insights-and-intelligence/theme/electric-vehicles | industrySector: mobility-global:contextual-variables/segmentation-and-user-context/industry-or-sector/automotive-oems | audienceRole: mobility-global:contextual-variables/segmentation-and-user-context/audience-role/marketing-and-commercial-roles/market-analyst | contentFormat: mobility-global:system-and-structural-tags/content-formats/written-formats/short-form-article,,
https://www.spglobal.com/automotive-insights/en/blogs/2023/8/incar-gaming-key-players-developments-and-outlook,Blog or Automotive Insights,/content/mobility-global/en-us/automotive-insights/blogs/2023/8/incar-gaming-key-players-developments-and-outlook,incar-gaming-key-players-developments-and-outlook,EXISTING PAGE,Content already in AEM,APPLIED (10 tags),taxonomy-all-pages.zip,10,pillars: mobility-global:pillars/planning-solutions | insightsThoughtLeaderContentType: mobility-global:insights-and-intelligence/insight-and-thought-leader-content-type/analysis-and-reports | insightsThoughtLeaderContentType: mobility-global:insights-and-intelligence/insight-and-thought-leader-content-type/market-news-and-updates | topic: mobility-global:insights-and-intelligence/topic/technology-and-innovation/connected-cars-and-vehicles | theme: mobility-global:insights-and-intelligence/theme/future-of-mobility | industrySector: mobility-global:contextual-variables/segmentation-and-user-context/industry-or-sector/automotive-oems | industrySector: mobility-global:contextual-variables/segmentation-and-user-context/industry-or-sector/automotive-suppliers-and-supply-chain | audienceRole: mobility-global:contextual-variables/segmentation-and-user-context/audience-role/oem-and-supplier-roles/product-planner | audienceRole: mobility-global:contextual-variables/segmentation-and-user-context/audience-role/oem-and-supplier-roles/technical-specialists | contentFormat: mobility-global:system-and-structural-tags/content-formats/written-formats/short-form-article,,
https://www.spglobal.com/automotive-insights/en/blogs/2023/9/autonomous-vehicle-reality-check-widespread-adoption,Blog or Automotive Insights,/content/mobility-global/en-us/automotive-insights/blogs/2023/9/autonomous-vehicle-reality-check-widespread-adoption,autonomous-vehicle-reality-check-widespread-adoption,EXISTING PAGE,Content already in AEM,APPLIED (10 tags),taxonomy-all-pages.zip,10,pillars: mobility-global:pillars/planning-solutions | insightsThoughtLeaderContentType: mobility-global:insights-and-intelligence/insight-and-thought-leader-content-type/analysis-and-reports | insightsThoughtLeaderContentType: mobility-global:insights-and-intelligence/insight-and-thought-leader-content-type/market-news-and-updates | topic: mobility-global:insights-and-intelligence/topic/technology-and-innovation/autonomous-vehicles-and-adas | theme: mobility-global:insights-and-intelligence/theme/future-of-mobility | industrySector: mobility-global:contextual-variables/segmentation-and-user-context/industry-or-sector/automotive-oems | industrySector: mobility-global:contextual-variables/segmentation-and-user-context/industry-or-sector/automotive-suppliers-and-supply-chain | audienceRole: mobility-global:contextual-variables/segmentation-and-user-context/audience-role/oem-and-supplier-roles/product-planner | audienceRole: mobility-global:contextual-variables/segmentation-and-user-context/audience-role/oem-and-supplier-roles/technical-specialists | contentFormat: mobility-global:system-and-structural-tags/content-formats/written-formats/short-form-article,,
https://www.spglobal.com/automotive-insights/en/blogs/2023/9/fuel-for-thought-ev-marketing-challenges-vehicle-portfolio-grows,Blog or Automotive Insights,/content/mobility-global/en-us/automotive-insights/blogs/2023/9/fuel-for-thought-ev-marketing-challenges-vehicle-portfolio-grows,fuel-for-thought-ev-marketing-challenges-vehicle-portfolio-grows,EXISTING PAGE,Content already in AEM,APPLIED (11 tags),taxonomy-all-pages.zip,11,pillars: mobility-global:pillars/sales-solutions | insightsThoughtLeaderContentType: mobility-global:insights-and-intelligence/insight-and-thought-leader-content-type/analysis-and-reports | insightsThoughtLeaderContentType: mobility-global:insights-and-intelligence/insight-and-thought-leader-content-type/market-news-and-updates | topic: mobility-global:insights-and-intelligence/topic/electrification/ev-adoption | topic: mobility-global:insights-and-intelligence/topic/market-themes-or-analytical-topics/dealer-and-retail-trends | theme: mobility-global:insights-and-intelligence/theme/electric-vehicles | industrySector: mobility-global:contextual-variables/segmentation-and-user-context/industry-or-sector/automotive-oems | industrySector: mobility-global:contextual-variables/segmentation-and-user-context/industry-or-sector/automotive-dealers-and-retailers | audienceRole: mobility-global:contextual-variables/segmentation-and-user-context/audience-role/marketing-and-commercial-roles/marketing-and-media-agencies | audienceRole: mobility-global:contextual-variables/segmentation-and-user-context/audience-role/retail-dealer-aftermarket-roles/dealer-or-retailer ...,,
https://www.spglobal.com/automotive-insights/en/blogs/2023/9/what-do-tesla-owners-buy-when-they-return-to-market,Blog or Automotive Insights,/content/mobility-global/en-us/automotive-insights/blogs/2023/9/what-do-tesla-owners-buy-when-they-return-to-market,what-do-tesla-owners-buy-when-they-return-to-market,EXISTING PAGE,Content already in AEM,APPLIED (9 tags),taxonomy-all-pages.zip,9,pillars: mobility-global:pillars/sales-solutions | productFamily: mobility-global:products-and-platforms/product-families/loyalty | insightsThoughtLeaderContentType: mobility-global:insights-and-intelligence/insight-and-thought-leader-content-type/analysis-and-reports | insightsThoughtLeaderContentType: mobility-global:insights-and-intelligence/insight-and-thought-leader-content-type/market-news-and-updates | topic: mobility-global:insights-and-intelligence/topic/market-themes-or-analytical-topics/consumer-behavior-insights | theme: mobility-global:insights-and-intelligence/theme/automotive-consumer-trends | industrySector: mobility-global:contextual-variables/segmentation-and-user-context/industry-or-sector/automotive-oems | audienceRole: mobility-global:contextual-variables/segmentation-and-user-context/audience-role/marketing-and-commercial-roles/market-analyst | contentFormat: mobility-global:system-and-structural-tags/content-formats/written-formats/short-form-article,,
https://www.spglobal.com/automotive-insights/en/blogs/2024/1/2024-us-presidential-election-and-the-auto-industry,Blog or Automotive Insights,/content/mobility-global/en-us/automotive-insights/blogs/2024/1/2024-us-presidential-election-and-the-auto-industry,2024-us-presidential-election-and-the-auto-industry,EXISTING PAGE,Content already in AEM,APPLIED (12 tags),taxonomy-all-pages.zip,12,pillars: mobility-global:pillars/planning-solutions | insightsThoughtLeaderContentType: mobility-global:insights-and-intelligence/insight-and-thought-leader-content-type/analysis-and-reports | insightsThoughtLeaderContentType: mobility-global:insights-and-intelligence/insight-and-thought-leader-content-type/market-news-and-updates | topic: mobility-global:insights-and-intelligence/topic/risk-safety-and-compliance/regulations-and-compliance | theme: mobility-global:insights-and-intelligence/topic/industry-benchmarks/automotive-industry-forecast-and-analysis | regulatoryContext: mobility-global:contextual-variables/regulatory-and-operating-context/regulatory-context/policy | industrySector: mobility-global:contextual-variables/segmentation-and-user-context/industry-or-sector/automotive-oems | audienceRole: mobility-global:contextual-variables/segmentation-and-user-context/audience-role/regulatory-risk-and-policy-roles/government-or-policy-maker | contentFormat: mobility-global:system-and-structural-tags/content-formats/written-formats/short-form-article | marketSalesRegion: mobility-global:contextual-variables/market-context/market-sales-region/north-america ...,,
https://www.spglobal.com/automotive-insights/en/blogs/2024/1/ev-raw-materials-supply-crunch-battery-recycling,Blog or Automotive Insights,/content/mobility-global/en-us/automotive-insights/blogs/2024/1/ev-raw-materials-supply-crunch-battery-recycling,ev-raw-materials-supply-crunch-battery-recycling,EXISTING PAGE,Content already in AEM,APPLIED (12 tags),taxonomy-all-pages.zip,12,pillars: mobility-global:pillars/planning-solutions | insightsThoughtLeaderContentType: mobility-global:insights-and-intelligence/insight-and-thought-leader-content-type/analysis-and-reports | insightsThoughtLeaderContentType: mobility-global:insights-and-intelligence/insight-and-thought-leader-content-type/market-news-and-updates | topic: mobility-global:insights-and-intelligence/topic/supply-chain-and-manufacturing/automotive-supply-chain-disruption-and-resilience | theme: mobility-global:insights-and-intelligence/topic/electrification/ev-battery-technology | theme: mobility-global:insights-and-intelligence/theme/supply-chain-resilience | theme: mobility-global:insights-and-intelligence/theme/automotive-supply-chain | industrySector: mobility-global:contextual-variables/segmentation-and-user-context/industry-or-sector/automotive-suppliers-and-supply-chain | industrySector: mobility-global:contextual-variables/segmentation-and-user-context/industry-or-sector/automotive-oems | audienceRole: mobility-global:contextual-variables/segmentation-and-user-context/audience-role/oem-and-supplier-roles/supply-chain-analyst ...,,
https://www.spglobal.com/automotive-insights/en/blogs/2024/1/january-2024-us-auto-sales-feel-the-chill,Blog or Automotive Insights,/content/mobility-global/en-us/automotive-insights/blogs/2024/1/january-2024-us-auto-sales-feel-the-chill,january-2024-us-auto-sales-feel-the-chill,EXISTING PAGE,Content already in AEM,APPLIED (11 tags),taxonomy-all-pages.zip,11,pillars: mobility-global:pillars/planning-solutions | insightsThoughtLeaderContentType: mobility-global:insights-and-intelligence/insight-and-thought-leader-content-type/data-and-forecasts | insightsThoughtLeaderContentType: mobility-global:insights-and-intelligence/insight-and-thought-leader-content-type/market-news-and-updates | topic: mobility-global:insights-and-intelligence/topic/industry-benchmarks/automotive-industry-forecast-and-analysis | theme: mobility-global:insights-and-intelligence/topic/industry-benchmarks/automotive-industry-forecast-and-analysis | industrySector: mobility-global:contextual-variables/segmentation-and-user-context/industry-or-sector/automotive-oems | audienceRole: mobility-global:contextual-variables/segmentation-and-user-context/audience-role/marketing-and-commercial-roles/market-analyst | contentFormat: mobility-global:system-and-structural-tags/content-formats/written-formats/short-form-article | marketSalesRegion: mobility-global:contextual-variables/market-context/market-sales-region/north-america | marketRegion: mobility-global:contextual-variables/market-context/market-sales-region/north-america ...,,
https://www.spglobal.com/automotive-insights/en/blogs/2024/10/bmw-hits-the-brakes-with-vehicle-recall,Blog or Automotive Insights,/content/mobility-global/en-us/automotive-insights/blogs/2024/10/bmw-hits-the-brakes-with-vehicle-recall,bmw-hits-the-brakes-with-vehicle-recall,EXISTING PAGE,Content already in AEM,APPLIED (8 tags),taxonomy-all-pages.zip,8,pillars: mobility-global:pillars/sales-solutions | insightsThoughtLeaderContentType: mobility-global:insights-and-intelligence/insight-and-thought-leader-content-type/market-news-and-updates | topic: mobility-global:insights-and-intelligence/topic/risk-safety-and-compliance/vehicle-recalls-and-safety | theme: mobility-global:insights-and-intelligence/topic/industry-benchmarks/automotive-industry-forecast-and-analysis | regulatoryContext: mobility-global:contextual-variables/regulatory-and-operating-context/regulatory-context/recall-requirements | industrySector: mobility-global:contextual-variables/segmentation-and-user-context/industry-or-sector/automotive-oems | audienceRole: mobility-global:contextual-variables/segmentation-and-user-context/audience-role/oem-and-supplier-roles/oem-strategist | contentFormat: mobility-global:system-and-structural-tags/content-formats/written-formats/short-form-article,,
https://www.spglobal.com/automotive-insights/en/blogs/2024/10/briefcase-chips-on-the-table-india-seizes-opportunities-in-a-thriving-automotive-scene,Blog or Automotive Insights,/content/mobility-global/en-us/automotive-insights/blogs/2024/10/briefcase-chips-on-the-table-india-seizes-opportunities-in-a-thriving-automotive-scene,briefcase-chips-on-the-table-india-seizes-opportunities-in-a-thriving-automotive-scene,EXISTING PAGE,Content already in AEM,APPLIED (11 tags),taxonomy-all-pages.zip,11,pillars: mobility-global:pillars/planning-solutions | insightsThoughtLeaderContentType: mobility-global:insights-and-intelligence/insight-and-thought-leader-content-type/analysis-and-reports | insightsThoughtLeaderContentType: mobility-global:insights-and-intelligence/insight-and-thought-leader-content-type/market-news-and-updates | topic: mobility-global:insights-and-intelligence/topic/technology-and-innovation/automotive-semiconductors | theme: mobility-global:insights-and-intelligence/theme/automotive-supply-chain | industrySector: mobility-global:contextual-variables/segmentation-and-user-context/industry-or-sector/automotive-oems | industrySector: mobility-global:contextual-variables/segmentation-and-user-context/industry-or-sector/automotive-suppliers-and-supply-chain | audienceRole: mobility-global:contextual-variables/segmentation-and-user-context/audience-role/oem-and-supplier-roles/oem-strategist | audienceRole: mobility-global:contextual-variables/segmentation-and-user-context/audience-role/oem-and-supplier-roles/supply-chain-analyst | contentFormat: mobility-global:system-and-structural-tags/content-formats/written-formats/short-form-article ...,,
https://www.spglobal.com/automotive-insights/en/blogs/2024/10/briefcase-from-adas-to-autonomy-the-strategic-moves-shaping-automakers-future,Blog or Automotive Insights,/content/mobility-global/en-us/automotive-insights/blogs/2024/10/briefcase-from-adas-to-autonomy-the-strategic-moves-shaping-automakers-future,briefcase-from-adas-to-autonomy-the-strategic-moves-shaping-automakers-future,EXISTING PAGE,Content already in AEM,APPLIED (8 tags),taxonomy-all-pages.zip,8,pillars: mobility-global:pillars/planning-solutions | insightsThoughtLeaderContentType: mobility-global:insights-and-intelligence/insight-and-thought-leader-content-type/analysis-and-reports | insightsThoughtLeaderContentType: mobility-global:insights-and-intelligence/insight-and-thought-leader-content-type/market-news-and-updates | topic: mobility-global:insights-and-intelligence/topic/technology-and-innovation/autonomous-vehicles-and-adas | theme: mobility-global:insights-and-intelligence/theme/future-of-mobility | industrySector: mobility-global:contextual-variables/segmentation-and-user-context/industry-or-sector/automotive-oems | audienceRole: mobility-global:contextual-variables/segmentation-and-user-context/audience-role/oem-and-supplier-roles/oem-strategist | contentFormat: mobility-global:system-and-structural-tags/content-formats/written-formats/short-form-article,,
https://www.spglobal.com/automotive-insights/en/blogs/2024/10/briefcase-lets-torque-tech-titans-in-the-auto-space,Blog or Automotive Insights,/content/mobility-global/en-us/automotive-insights/blogs/2024/10/briefcase-lets-torque-tech-titans-in-the-auto-space,briefcase-lets-torque-tech-titans-in-the-auto-space,EXISTING PAGE,Content already in AEM,APPLIED (9 tags),taxonomy-all-pages.zip,9,pillars: mobility-global:pillars/planning-solutions | insightsThoughtLeaderContentType: mobility-global:insights-and-intelligence/insight-and-thought-leader-content-type/analysis-and-reports | insightsThoughtLeaderContentType: mobility-global:insights-and-intelligence/insight-and-thought-leader-content-type/market-news-and-updates | topic: mobility-global:insights-and-intelligence/topic/market-themes-or-analytical-topics/competitive-landscape | theme: mobility-global:insights-and-intelligence/theme/automotive-supply-chain | industrySector: mobility-global:contextual-variables/segmentation-and-user-context/industry-or-sector/automotive-oems | audienceRole: mobility-global:contextual-variables/segmentation-and-user-context/audience-role/oem-and-supplier-roles/competitive-intelligence | audienceRole: mobility-global:contextual-variables/segmentation-and-user-context/audience-role/oem-and-supplier-roles/technical-specialists | contentFormat: mobility-global:system-and-structural-tags/content-formats/written-formats/short-form-article,,
https://www.spglobal.com/automotive-insights/en/blogs/2024/10/car-model-cannibalization-analysis,Blog or Automotive Insights,/content/mobility-global/en-us/automotive-insights/blogs/2024/10/car-model-cannibalization-analysis,car-model-cannibalization-analysis,EXISTING PAGE,Content already in AEM,APPLIED (11 tags),taxonomy-all-pages.zip,11,pillars: mobility-global:pillars/planning-solutions | insightsThoughtLeaderContentType: mobility-global:insights-and-intelligence/insight-and-thought-leader-content-type/analysis-and-reports | insightsThoughtLeaderContentType: mobility-global:insights-and-intelligence/insight-and-thought-leader-content-type/market-news-and-updates | topic: mobility-global:insights-and-intelligence/topic/market-themes-or-analytical-topics/market-segmentation-insights | topic: mobility-global:insights-and-intelligence/topic/market-themes-or-analytical-topics/competitive-landscape | theme: mobility-global:insights-and-intelligence/topic/industry-benchmarks/automotive-industry-forecast-and-analysis | theme: mobility-global:insights-and-intelligence/theme/automotive-consumer-trends | industrySector: mobility-global:contextual-variables/segmentation-and-user-context/industry-or-sector/automotive-oems | audienceRole: mobility-global:contextual-variables/segmentation-and-user-context/audience-role/oem-and-supplier-roles/product-planner | audienceRole: mobility-global:contextual-variables/segmentation-and-user-context/audience-role/oem-and-supplier-roles/competitive-intelligence ...,,
https://www.spglobal.com/automotive-insights/en/blogs/2024/10/fuel-for-thought-2024-presidential-election-impacts-on-the-us-auto-industry,Blog or Automotive Insights,/content/mobility-global/en-us/automotive-insights/blogs/2024/10/fuel-for-thought-2024-presidential-election-impacts-on-the-us-auto-industry,fuel-for-thought-2024-presidential-election-impacts-on-the-us-auto-industry,EXISTING PAGE,Content already in AEM,APPLIED (13 tags),taxonomy-all-pages.zip,13,pillars: mobility-global:pillars/planning-solutions | insightsThoughtLeaderContentType: mobility-global:insights-and-intelligence/insight-and-thought-leader-content-type/analysis-and-reports | insightsThoughtLeaderContentType: mobility-global:insights-and-intelligence/insight-and-thought-leader-content-type/market-news-and-updates | topic: mobility-global:insights-and-intelligence/topic/risk-safety-and-compliance/regulations-and-compliance | topic: mobility-global:insights-and-intelligence/topic/macro-economic-drivers | theme: mobility-global:insights-and-intelligence/topic/industry-benchmarks/automotive-industry-forecast-and-analysis | regulatoryContext: mobility-global:contextual-variables/regulatory-and-operating-context/regulatory-context/policy | industrySector: mobility-global:contextual-variables/segmentation-and-user-context/industry-or-sector/automotive-oems | audienceRole: mobility-global:contextual-variables/segmentation-and-user-context/audience-role/regulatory-risk-and-policy-roles/government-or-policy-maker | contentFormat: mobility-global:system-and-structural-tags/content-formats/written-formats/short-form-article ...,,
https://www.spglobal.com/automotive-insights/en/blogs/2024/10/global-automotive-industry-and-the-energy-transition,Blog or Automotive Insights,/content/mobility-global/en-us/automotive-insights/blogs/2024/10/global-automotive-industry-and-the-energy-transition,global-automotive-industry-and-the-energy-transition,EXISTING PAGE,Content already in AEM,APPLIED (7 tags),taxonomy-all-pages.zip,7,pillars: mobility-global:pillars/planning-solutions | insightsThoughtLeaderContentType: mobility-global:insights-and-intelligence/insight-and-thought-leader-content-type/analysis-and-reports | insightsThoughtLeaderContentType: mobility-global:insights-and-intelligence/insight-and-thought-leader-content-type/market-news-and-updates | theme: mobility-global:insights-and-intelligence/theme/automotive-sustainability | industrySector: mobility-global:contextual-variables/segmentation-and-user-context/industry-or-sector/automotive-oems | audienceRole: mobility-global:contextual-variables/segmentation-and-user-context/audience-role/oem-and-supplier-roles/oem-strategist | contentFormat: mobility-global:system-and-structural-tags/content-formats/written-formats/short-form-article,,
https://www.spglobal.com/automotive-insights/en/blogs/2024/10/india-automotive-sector-defies-global-disruptions,Blog or Automotive Insights,/content/mobility-global/en-us/automotive-insights/blogs/2024/10/india-automotive-sector-defies-global-disruptions,india-automotive-sector-defies-global-disruptions,EXISTING PAGE,Content already in AEM,APPLIED (8 tags),taxonomy-all-pages.zip,8,pillars: mobility-global:pillars/planning-solutions | insightsThoughtLeaderContentType: mobility-global:insights-and-intelligence/insight-and-thought-leader-content-type/analysis-and-reports | insightsThoughtLeaderContentType: mobility-global:insights-and-intelligence/insight-and-thought-leader-content-type/market-news-and-updates | theme: mobility-global:insights-and-intelligence/topic/industry-benchmarks/automotive-industry-forecast-and-analysis | industrySector: mobility-global:contextual-variables/segmentation-and-user-context/industry-or-sector/automotive-oems | audienceRole: mobility-global:contextual-variables/segmentation-and-user-context/audience-role/marketing-and-commercial-roles/market-analyst | contentFormat: mobility-global:system-and-structural-tags/content-formats/written-formats/short-form-article | marketCountry: mobility-global:contextual-variables/market-context/market-country/india,,
https://www.spglobal.com/automotive-insights/en/blogs/2024/10/key-dmas-are-driving-supply-incentives-and-competition-for-in-market-shoppe,Blog or Automotive Insights,/content/mobility-global/en-us/automotive-insights/blogs/2024/10/key-dmas-are-driving-supply-incentives-and-competition-for-in-market-shoppe,key-dmas-are-driving-supply-incentives-and-competition-for-in-market-shoppe,EXISTING PAGE,Content already in AEM,APPLIED (12 tags),taxonomy-all-pages.zip,12,pillars: mobility-global:pillars/sales-solutions | insightsThoughtLeaderContentType: mobility-global:insights-and-intelligence/insight-and-thought-leader-content-type/analysis-and-reports | insightsThoughtLeaderContentType: mobility-global:insights-and-intelligence/insight-and-thought-leader-content-type/market-news-and-updates | topic: mobility-global:insights-and-intelligence/topic/market-themes-or-analytical-topics/dealer-and-retail-trends | topic: mobility-global:insights-and-intelligence/topic/market-themes-or-analytical-topics/pricing-trends | theme: mobility-global:insights-and-intelligence/topic/industry-benchmarks/automotive-industry-forecast-and-analysis | theme: mobility-global:insights-and-intelligence/theme/automotive-consumer-trends | industrySector: mobility-global:contextual-variables/segmentation-and-user-context/industry-or-sector/automotive-dealers-and-retailers | industrySector: mobility-global:contextual-variables/segmentation-and-user-context/industry-or-sector/automotive-oems | audienceRole: mobility-global:contextual-variables/segmentation-and-user-context/audience-role/retail-dealer-aftermarket-roles/dealer-or-retailer ...,,
https://www.spglobal.com/automotive-insights/en/blogs/2024/10/mainland-china-autonomous-vehicle-development-on-a-different-track,Blog or Automotive Insights,/content/mobility-global/en-us/automotive-insights/blogs/2024/10/mainland-china-autonomous-vehicle-development-on-a-different-track,mainland-china-autonomous-vehicle-development-on-a-different-track,EXISTING PAGE,Content already in AEM,APPLIED (12 tags),taxonomy-all-pages.zip,12,pillars: mobility-global:pillars/planning-solutions | insightsThoughtLeaderContentType: mobility-global:insights-and-intelligence/insight-and-thought-leader-content-type/analysis-and-reports | insightsThoughtLeaderContentType: mobility-global:insights-and-intelligence/insight-and-thought-leader-content-type/market-news-and-updates | topic: mobility-global:insights-and-intelligence/topic/technology-and-innovation/autonomous-vehicles-and-adas | theme: mobility-global:insights-and-intelligence/theme/future-of-mobility | industrySector: mobility-global:contextual-variables/segmentation-and-user-context/industry-or-sector/automotive-oems | audienceRole: mobility-global:contextual-variables/segmentation-and-user-context/audience-role/oem-and-supplier-roles/product-planner | audienceRole: mobility-global:contextual-variables/segmentation-and-user-context/audience-role/oem-and-supplier-roles/technical-specialists | contentFormat: mobility-global:system-and-structural-tags/content-formats/written-formats/short-form-article | marketSalesRegion: mobility-global:contextual-variables/market-context/market-sales-region/greater-china ...,,
https://www.spglobal.com/automotive-insights/en/blogs/2024/10/october-2024-light-vehicle-production-forecast,Blog or Automotive Insights,/content/mobility-global/en-us/automotive-insights/blogs/2024/10/october-2024-light-vehicle-production-forecast,october-2024-light-vehicle-production-forecast,EXISTING PAGE,Content already in AEM,APPLIED (8 tags),taxonomy-all-pages.zip,8,pillars: mobility-global:pillars/planning-solutions | insightsThoughtLeaderContentType: mobility-global:insights-and-intelligence/insight-and-thought-leader-content-type/data-and-forecasts | insightsThoughtLeaderContentType: mobility-global:insights-and-intelligence/insight-and-thought-leader-content-type/market-news-and-updates | topic: mobility-global:insights-and-intelligence/topic/industry-benchmarks/vehicle-production-forecasts | theme: mobility-global:insights-and-intelligence/topic/industry-benchmarks/automotive-industry-forecast-and-analysis | industrySector: mobility-global:contextual-variables/segmentation-and-user-context/industry-or-sector/automotive-oems | audienceRole: mobility-global:contextual-variables/segmentation-and-user-context/audience-role/marketing-and-commercial-roles/market-analyst | contentFormat: mobility-global:system-and-structural-tags/content-formats/written-formats/short-form-article,,
https://www.spglobal.com/automotive-insights/en/blogs/2024/10/rise-of-chinese-brands-in-europe,Blog or Automotive Insights,/content/mobility-global/en-us/automotive-insights/blogs/2024/10/rise-of-chinese-brands-in-europe,rise-of-chinese-brands-in-europe,EXISTING PAGE,Content already in AEM,APPLIED (9 tags),taxonomy-all-pages.zip,9,pillars: mobility-global:pillars/planning-solutions | insightsThoughtLeaderContentType: mobility-global:insights-and-intelligence/insight-and-thought-leader-content-type/analysis-and-reports | insightsThoughtLeaderContentType: mobility-global:insights-and-intelligence/insight-and-thought-leader-content-type/market-news-and-updates | topic: mobility-global:insights-and-intelligence/topic/market-themes-or-analytical-topics/competitive-landscape | theme: mobility-global:insights-and-intelligence/topic/industry-benchmarks/automotive-industry-forecast-and-analysis | industrySector: mobility-global:contextual-variables/segmentation-and-user-context/industry-or-sector/automotive-oems | audienceRole: mobility-global:contextual-variables/segmentation-and-user-context/audience-role/oem-and-supplier-roles/competitive-intelligence | contentFormat: mobility-global:system-and-structural-tags/content-formats/written-formats/short-form-article | marketCountry: mobility-global:contextual-variables/market-context/market-country/mainland-china,,
https://www.spglobal.com/automotive-insights/en/blogs/2024/10/rising-vehicle-inventories-boost-brand-loyalty,Blog or Automotive Insights,/content/mobility-global/en-us/automotive-insights/blogs/2024/10/rising-vehicle-inventories-boost-brand-loyalty,rising-vehicle-inventories-boost-brand-loyalty,EXISTING PAGE,Content already in AEM,APPLIED (13 tags),taxonomy-all-pages.zip,13,pillars: mobility-global:pillars/sales-solutions | productFamily: mobility-global:products-and-platforms/product-families/loyalty | insightsThoughtLeaderContentType: mobility-global:insights-and-intelligence/insight-and-thought-leader-content-type/analysis-and-reports | insightsThoughtLeaderContentType: mobility-global:insights-and-intelligence/insight-and-thought-leader-content-type/market-news-and-updates | topic: mobility-global:insights-and-intelligence/topic/market-themes-or-analytical-topics/dealer-and-retail-trends | topic: mobility-global:products-and-platforms/product-families/loyalty | theme: mobility-global:insights-and-intelligence/topic/industry-benchmarks/automotive-industry-forecast-and-analysis | theme: mobility-global:insights-and-intelligence/theme/automotive-consumer-trends | industrySector: mobility-global:contextual-variables/segmentation-and-user-context/industry-or-sector/automotive-oems | industrySector: mobility-global:contextual-variables/segmentation-and-user-context/industry-or-sector/automotive-dealers-and-retailers ...,,
https://www.spglobal.com/automotive-insights/en/blogs/2024/10/trucking-in-transition-potential-impacts-of-the-2024-election,Blog or Automotive Insights,/content/mobility-global/en-us/automotive-insights/blogs/2024/10/trucking-in-transition-potential-impacts-of-the-2024-election,trucking-in-transition-potential-impacts-of-the-2024-election,EXISTING PAGE,Content already in AEM,APPLIED (14 tags),taxonomy-all-pages.zip,14,pillars: mobility-global:pillars/planning-solutions | insightsThoughtLeaderContentType: mobility-global:insights-and-intelligence/insight-and-thought-leader-content-type/analysis-and-reports | insightsThoughtLeaderContentType: mobility-global:insights-and-intelligence/insight-and-thought-leader-content-type/market-news-and-updates | topic: mobility-global:insights-and-intelligence/topic/risk-safety-and-compliance/regulations-and-compliance | theme: mobility-global:insights-and-intelligence/theme/commercial-vehicle-market | regulatoryContext: mobility-global:contextual-variables/regulatory-and-operating-context/regulatory-context/policy | industrySector: mobility-global:contextual-variables/segmentation-and-user-context/industry-or-sector/automotive-oems | industrySector: mobility-global:contextual-variables/segmentation-and-user-context/industry-or-sector/fleet-management-and-leasing | audienceRole: mobility-global:contextual-variables/segmentation-and-user-context/audience-role/regulatory-risk-and-policy-roles/government-or-policy-maker | audienceRole: mobility-global:contextual-variables/segmentation-and-user-context/audience-role/fleet-and-commercial-roles/fleet-manager ...,,
https://www.spglobal.com/automotive-insights/en/blogs/2024/11/auto-repair-marketing-for-aging-vehicles,Blog or Automotive Insights,/content/mobility-global/en-us/automotive-insights/blogs/2024/11/auto-repair-marketing-for-aging-vehicles,auto-repair-marketing-for-aging-vehicles,EXISTING PAGE,Content already in AEM,APPLIED (9 tags),taxonomy-all-pages.zip,9,pillars: mobility-global:pillars/sales-solutions | insightsThoughtLeaderContentType: mobility-global:insights-and-intelligence/insight-and-thought-leader-content-type/analysis-and-reports | insightsThoughtLeaderContentType: mobility-global:insights-and-intelligence/insight-and-thought-leader-content-type/market-news-and-updates | topic: mobility-global:insights-and-intelligence/topic/supply-chain-and-manufacturing/automotive-parts-and-components | theme: mobility-global:insights-and-intelligence/topic/industry-benchmarks/automotive-industry-forecast-and-analysis | theme: mobility-global:insights-and-intelligence/theme/automotive-supply-chain | industrySector: mobility-global:contextual-variables/segmentation-and-user-context/industry-or-sector/automotive-aftermarket | audienceRole: mobility-global:contextual-variables/segmentation-and-user-context/audience-role/retail-dealer-aftermarket-roles/aftermarket-provider | contentFormat: mobility-global:system-and-structural-tags/content-formats/written-formats/short-form-article,,
https://www.spglobal.com/automotive-insights/en/blogs/2024/11/auto-shows-in-los-angeles-and-guangzhou,Blog or Automotive Insights,/content/mobility-global/en-us/automotive-insights/blogs/2024/11/auto-shows-in-los-angeles-and-guangzhou,auto-shows-in-los-angeles-and-guangzhou,EXISTING PAGE,Content already in AEM,APPLIED (5 tags),taxonomy-all-pages.zip,5,pillars: mobility-global:pillars/planning-solutions | insightsThoughtLeaderContentType: mobility-global:insights-and-intelligence/insight-and-thought-leader-content-type/events-and-webinars | topic: mobility-global:insights-and-intelligence/topic/industry-benchmarks/automotive-industry-forecast-and-analysis | theme: mobility-global:insights-and-intelligence/topic/industry-benchmarks/automotive-industry-forecast-and-analysis | contentFormat: mobility-global:system-and-structural-tags/content-formats/written-formats/short-form-article,,
https://www.spglobal.com/automotive-insights/en/blogs/2024/11/autotechinsight-interview-with-stellantis-cto-relying-solely-on-cloud-processing-is-impractical,Blog or Automotive Insights,/content/mobility-global/en-us/automotive-insights/blogs/2024/11/autotechinsight-interview-with-stellantis-cto-relying-solely-on-cloud-processing-is-impractical,autotechinsight-interview-with-stellantis-cto-relying-solely-on-cloud-processing-is-impractical,EXISTING PAGE,Content already in AEM,APPLIED (11 tags),taxonomy-all-pages.zip,11,pillars: mobility-global:pillars/planning-solutions | insightsThoughtLeaderContentType: mobility-global:insights-and-intelligence/insight-and-thought-leader-content-type/analysis-and-reports | insightsThoughtLeaderContentType: mobility-global:insights-and-intelligence/insight-and-thought-leader-content-type/market-news-and-updates | topic: mobility-global:insights-and-intelligence/topic/technology-and-innovation/software-defined-vehicles-sdv | topic: mobility-global:insights-and-intelligence/topic/technology-and-innovation/connected-cars-and-vehicles | theme: mobility-global:insights-and-intelligence/theme/software-defined-vehicles | industrySector: mobility-global:contextual-variables/segmentation-and-user-context/industry-or-sector/automotive-oems | industrySector: mobility-global:contextual-variables/segmentation-and-user-context/industry-or-sector/automotive-suppliers-and-supply-chain | audienceRole: mobility-global:contextual-variables/segmentation-and-user-context/audience-role/oem-and-supplier-roles/technical-specialists | audienceRole: mobility-global:contextual-variables/segmentation-and-user-context/audience-role/oem-and-supplier-roles/oem-strategist ...,,
https://www.spglobal.com/automotive-insights/en/blogs/2024/11/briefcase-oem-balancing-act,Blog or Automotive Insights,/content/mobility-global/en-us/automotive-insights/blogs/2024/11/briefcase-oem-balancing-act,briefcase-oem-balancing-act,EXISTING PAGE,Content already in AEM,APPLIED (10 tags),taxonomy-all-pages.zip,10,pillars: mobility-global:pillars/planning-solutions | insightsThoughtLeaderContentType: mobility-global:insights-and-intelligence/insight-and-thought-leader-content-type/analysis-and-reports | insightsThoughtLeaderContentType: mobility-global:insights-and-intelligence/insight-and-thought-leader-content-type/market-news-and-updates | topic: mobility-global:insights-and-intelligence/topic/market-themes-or-analytical-topics/market-volatility-trends | topic: mobility-global:insights-and-intelligence/topic/market-themes-or-analytical-topics/competitive-landscape | theme: mobility-global:insights-and-intelligence/topic/industry-benchmarks/automotive-industry-forecast-and-analysis | industrySector: mobility-global:contextual-variables/segmentation-and-user-context/industry-or-sector/automotive-oems | audienceRole: mobility-global:contextual-variables/segmentation-and-user-context/audience-role/oem-and-supplier-roles/oem-strategist | audienceRole: mobility-global:contextual-variables/segmentation-and-user-context/audience-role/marketing-and-commercial-roles/market-analyst | contentFormat: mobility-global:system-and-structural-tags/content-formats/written-formats/short-form-article,,
https://www.spglobal.com/automotive-insights/en/blogs/2024/11/briefcase-on-a-lighter-note-the-automotive-industrys-weight-loss-journey,Blog or Automotive Insights,/content/mobility-global/en-us/automotive-insights/blogs/2024/11/briefcase-on-a-lighter-note-the-automotive-industrys-weight-loss-journey,briefcase-on-a-lighter-note-the-automotive-industrys-weight-loss-journey,EXISTING PAGE,Content already in AEM,APPLIED (7 tags),taxonomy-all-pages.zip,7,pillars: mobility-global:pillars/planning-solutions | insightsThoughtLeaderContentType: mobility-global:insights-and-intelligence/insight-and-thought-leader-content-type/analysis-and-reports | insightsThoughtLeaderContentType: mobility-global:insights-and-intelligence/insight-and-thought-leader-content-type/market-news-and-updates | theme: mobility-global:insights-and-intelligence/theme/automotive-supply-chain | industrySector: mobility-global:contextual-variables/segmentation-and-user-context/industry-or-sector/automotive-oems | audienceRole: mobility-global:contextual-variables/segmentation-and-user-context/audience-role/oem-and-supplier-roles/product-planner | contentFormat: mobility-global:system-and-structural-tags/content-formats/written-formats/short-form-article,,
https://www.spglobal.com/automotive-insights/en/blogs/2024/11/briefcase-qualcomms-automotive-business-hits-high-gears,Blog or Automotive Insights,/content/mobility-global/en-us/automotive-insights/blogs/2024/11/briefcase-qualcomms-automotive-business-hits-high-gears,briefcase-qualcomms-automotive-business-hits-high-gears,EXISTING PAGE,Content already in AEM,APPLIED (10 tags),taxonomy-all-pages.zip,10,pillars: mobility-global:pillars/planning-solutions | insightsThoughtLeaderContentType: mobility-global:insights-and-intelligence/insight-and-thought-leader-content-type/analysis-and-reports | insightsThoughtLeaderContentType: mobility-global:insights-and-intelligence/insight-and-thought-leader-content-type/market-news-and-updates | topic: mobility-global:insights-and-intelligence/topic/technology-and-innovation/automotive-semiconductors | theme: mobility-global:insights-and-intelligence/theme/software-defined-vehicles | industrySector: mobility-global:contextual-variables/segmentation-and-user-context/industry-or-sector/automotive-suppliers-and-supply-chain | industrySector: mobility-global:contextual-variables/segmentation-and-user-context/industry-or-sector/automotive-oems | audienceRole: mobility-global:contextual-variables/segmentation-and-user-context/audience-role/oem-and-supplier-roles/procurement | audienceRole: mobility-global:contextual-variables/segmentation-and-user-context/audience-role/oem-and-supplier-roles/technical-specialists | contentFormat: mobility-global:system-and-structural-tags/content-formats/written-formats/short-form-article,,
https://www.spglobal.com/automotive-insights/en/blogs/2024/11/briefcase-tariff-trouble-will-mexicos-auto-investment-engine-splutter,Blog or Automotive Insights,/content/mobility-global/en-us/automotive-insights/blogs/2024/11/briefcase-tariff-trouble-will-mexicos-auto-investment-engine-splutter,briefcase-tariff-trouble-will-mexicos-auto-investment-engine-splutter,EXISTING PAGE,Content already in AEM,APPLIED (11 tags),taxonomy-all-pages.zip,11,pillars: mobility-global:pillars/planning-solutions | insightsThoughtLeaderContentType: mobility-global:insights-and-intelligence/insight-and-thought-leader-content-type/analysis-and-reports | insightsThoughtLeaderContentType: mobility-global:insights-and-intelligence/insight-and-thought-leader-content-type/market-news-and-updates | theme: mobility-global:insights-and-intelligence/theme/automotive-tariffs | regulatoryContext: mobility-global:contextual-variables/regulatory-and-operating-context/regulatory-context/policy | industrySector: mobility-global:contextual-variables/segmentation-and-user-context/industry-or-sector/automotive-oems | audienceRole: mobility-global:contextual-variables/segmentation-and-user-context/audience-role/oem-and-supplier-roles/oem-strategist | contentFormat: mobility-global:system-and-structural-tags/content-formats/written-formats/short-form-article | marketSalesRegion: mobility-global:contextual-variables/market-context/market-sales-region/north-america | marketRegion: mobility-global:contextual-variables/market-context/market-sales-region/north-america ...,,
https://www.spglobal.com/automotive-insights/en/blogs/2024/11/china-commercial-vehicles-production-capacity,Blog or Automotive Insights,/content/mobility-global/en-us/automotive-insights/blogs/2024/11/china-commercial-vehicles-production-capacity,china-commercial-vehicles-production-capacity,EXISTING PAGE,Content already in AEM,APPLIED (12 tags),taxonomy-all-pages.zip,12,pillars: mobility-global:pillars/planning-solutions | insightsThoughtLeaderContentType: mobility-global:insights-and-intelligence/insight-and-thought-leader-content-type/analysis-and-reports | insightsThoughtLeaderContentType: mobility-global:insights-and-intelligence/insight-and-thought-leader-content-type/market-news-and-updates | theme: mobility-global:insights-and-intelligence/topic/industry-benchmarks/automotive-industry-forecast-and-analysis | theme: mobility-global:insights-and-intelligence/theme/commercial-vehicle-market | industrySector: mobility-global:contextual-variables/segmentation-and-user-context/industry-or-sector/automotive-oems | audienceRole: mobility-global:contextual-variables/segmentation-and-user-context/audience-role/oem-and-supplier-roles/product-planner | audienceRole: mobility-global:contextual-variables/segmentation-and-user-context/audience-role/marketing-and-commercial-roles/market-analyst | contentFormat: mobility-global:system-and-structural-tags/content-formats/written-formats/short-form-article | marketSalesRegion: mobility-global:contextual-variables/market-context/market-sales-region/greater-china ...,,
https://www.spglobal.com/automotive-insights/en/blogs/2024/11/donald-trump-wins-what-to-expect-for-the-auto-industry,Blog or Automotive Insights,/content/mobility-global/en-us/automotive-insights/blogs/2024/11/donald-trump-wins-what-to-expect-for-the-auto-industry,donald-trump-wins-what-to-expect-for-the-auto-industry,EXISTING PAGE,Content already in AEM,APPLIED (13 tags),taxonomy-all-pages.zip,13,pillars: mobility-global:pillars/planning-solutions | insightsThoughtLeaderContentType: mobility-global:insights-and-intelligence/insight-and-thought-leader-content-type/analysis-and-reports | insightsThoughtLeaderContentType: mobility-global:insights-and-intelligence/insight-and-thought-leader-content-type/market-news-and-updates | topic: mobility-global:insights-and-intelligence/topic/risk-safety-and-compliance/regulations-and-compliance | topic: mobility-global:insights-and-intelligence/topic/macro-economic-drivers | theme: mobility-global:insights-and-intelligence/topic/industry-benchmarks/automotive-industry-forecast-and-analysis | regulatoryContext: mobility-global:contextual-variables/regulatory-and-operating-context/regulatory-context/policy | industrySector: mobility-global:contextual-variables/segmentation-and-user-context/industry-or-sector/automotive-oems | audienceRole: mobility-global:contextual-variables/segmentation-and-user-context/audience-role/regulatory-risk-and-policy-roles/government-or-policy-maker | contentFormat: mobility-global:system-and-structural-tags/content-formats/written-formats/short-form-article ...,,
https://www.spglobal.com/automotive-insights/en/blogs/2024/11/how-eu-tariffs-will-impact-the-battery-electric-vehicle-market,Blog or Automotive Insights,/content/mobility-global/en-us/automotive-insights/blogs/2024/11/how-eu-tariffs-will-impact-the-battery-electric-vehicle-market,how-eu-tariffs-will-impact-the-battery-electric-vehicle-market,EXISTING PAGE,Content already in AEM,APPLIED (10 tags),taxonomy-all-pages.zip,10,pillars: mobility-global:pillars/planning-solutions | insightsThoughtLeaderContentType: mobility-global:insights-and-intelligence/insight-and-thought-leader-content-type/analysis-and-reports | insightsThoughtLeaderContentType: mobility-global:insights-and-intelligence/insight-and-thought-leader-content-type/market-news-and-updates | topic: mobility-global:insights-and-intelligence/topic/macro-economic-drivers/automotive-tariffs-and-trade-policy | topic: mobility-global:insights-and-intelligence/topic/market-themes-or-analytical-topics/market-volatility-trends | theme: mobility-global:insights-and-intelligence/theme/automotive-tariffs | regulatoryContext: mobility-global:contextual-variables/regulatory-and-operating-context/regulatory-context/policy | industrySector: mobility-global:contextual-variables/segmentation-and-user-context/industry-or-sector/automotive-oems | audienceRole: mobility-global:contextual-variables/segmentation-and-user-context/audience-role/oem-and-supplier-roles/oem-strategist | contentFormat: mobility-global:system-and-structural-tags/content-formats/written-formats/short-form-article,,
https://www.spglobal.com/automotive-insights/en/blogs/2024/11/november-2024-us-auto-sales-showing-signs-of-progress,Blog or Automotive Insights,/content/mobility-global/en-us/automotive-insights/blogs/2024/11/november-2024-us-auto-sales-showing-signs-of-progress,november-2024-us-auto-sales-showing-signs-of-progress,EXISTING PAGE,Content already in AEM,APPLIED (11 tags),taxonomy-all-pages.zip,11,pillars: mobility-global:pillars/planning-solutions | insightsThoughtLeaderContentType: mobility-global:insights-and-intelligence/insight-and-thought-leader-content-type/data-and-forecasts | insightsThoughtLeaderContentType: mobility-global:insights-and-intelligence/insight-and-thought-leader-content-type/market-news-and-updates | topic: mobility-global:insights-and-intelligence/topic/industry-benchmarks/automotive-industry-forecast-and-analysis | theme: mobility-global:insights-and-intelligence/topic/industry-benchmarks/automotive-industry-forecast-and-analysis | industrySector: mobility-global:contextual-variables/segmentation-and-user-context/industry-or-sector/automotive-oems | audienceRole: mobility-global:contextual-variables/segmentation-and-user-context/audience-role/marketing-and-commercial-roles/market-analyst | contentFormat: mobility-global:system-and-structural-tags/content-formats/written-formats/short-form-article | marketSalesRegion: mobility-global:contextual-variables/market-context/market-sales-region/north-america | marketRegion: mobility-global:contextual-variables/market-context/market-sales-region/north-america ...,,
https://www.spglobal.com/automotive-insights/en/blogs/2024/11/the-evolution-of-electric-vehicle-battery-technology,Blog or Automotive Insights,/content/mobility-global/en-us/automotive-insights/blogs/2024/11/the-evolution-of-electric-vehicle-battery-technology,the-evolution-of-electric-vehicle-battery-technology,EXISTING PAGE,Content already in AEM,APPLIED (10 tags),taxonomy-all-pages.zip,10,pillars: mobility-global:pillars/planning-solutions | insightsThoughtLeaderContentType: mobility-global:insights-and-intelligence/insight-and-thought-leader-content-type/analysis-and-reports | insightsThoughtLeaderContentType: mobility-global:insights-and-intelligence/insight-and-thought-leader-content-type/market-news-and-updates | topic: mobility-global:insights-and-intelligence/topic/electrification/ev-battery-technology | theme: mobility-global:insights-and-intelligence/topic/electrification/ev-battery-technology | industrySector: mobility-global:contextual-variables/segmentation-and-user-context/industry-or-sector/automotive-oems | industrySector: mobility-global:contextual-variables/segmentation-and-user-context/industry-or-sector/automotive-suppliers-and-supply-chain | audienceRole: mobility-global:contextual-variables/segmentation-and-user-context/audience-role/oem-and-supplier-roles/product-planner | audienceRole: mobility-global:contextual-variables/segmentation-and-user-context/audience-role/oem-and-supplier-roles/technical-specialists | contentFormat: mobility-global:system-and-structural-tags/content-formats/written-formats/short-form-article,,
https://www.spglobal.com/automotive-insights/en/blogs/2024/11/under-the-radar-benefit-of-incremental-hybrid-vehicles,Blog or Automotive Insights,/content/mobility-global/en-us/automotive-insights/blogs/2024/11/under-the-radar-benefit-of-incremental-hybrid-vehicles,under-the-radar-benefit-of-incremental-hybrid-vehicles,EXISTING PAGE,Content already in AEM,APPLIED (8 tags),taxonomy-all-pages.zip,8,pillars: mobility-global:pillars/planning-solutions | insightsThoughtLeaderContentType: mobility-global:insights-and-intelligence/insight-and-thought-leader-content-type/analysis-and-reports | insightsThoughtLeaderContentType: mobility-global:insights-and-intelligence/insight-and-thought-leader-content-type/market-news-and-updates | topic: mobility-global:insights-and-intelligence/topic/electrification/ev-adoption | theme: mobility-global:insights-and-intelligence/topic/industry-benchmarks/automotive-industry-forecast-and-analysis | industrySector: mobility-global:contextual-variables/segmentation-and-user-context/industry-or-sector/automotive-oems | audienceRole: mobility-global:contextual-variables/segmentation-and-user-context/audience-role/oem-and-supplier-roles/product-planner | contentFormat: mobility-global:system-and-structural-tags/content-formats/written-formats/short-form-article,,
https://www.spglobal.com/automotive-insights/en/blogs/2024/12/automotive-industry-financed-emissions-decarbonization,Blog or Automotive Insights,/content/mobility-global/en-us/automotive-insights/blogs/2024/12/automotive-industry-financed-emissions-decarbonization,automotive-industry-financed-emissions-decarbonization,EXISTING PAGE,Content already in AEM,APPLIED (8 tags),taxonomy-all-pages.zip,8,pillars: mobility-global:pillars/planning-solutions | insightsThoughtLeaderContentType: mobility-global:insights-and-intelligence/insight-and-thought-leader-content-type/analysis-and-reports | insightsThoughtLeaderContentType: mobility-global:insights-and-intelligence/insight-and-thought-leader-content-type/market-news-and-updates | theme: mobility-global:insights-and-intelligence/theme/automotive-sustainability | regulatoryContext: mobility-global:contextual-variables/regulatory-and-operating-context/regulatory-context/emissions-standards | industrySector: mobility-global:contextual-variables/segmentation-and-user-context/industry-or-sector/automotive-oems | audienceRole: mobility-global:contextual-variables/segmentation-and-user-context/audience-role/regulatory-risk-and-policy-roles/government-or-policy-maker | contentFormat: mobility-global:system-and-structural-tags/content-formats/written-formats/short-form-article,,
https://www.spglobal.com/automotive-insights/en/blogs/2024/12/automotive-industry-forecast-2025-tariffs-evs,Blog or Automotive Insights,/content/mobility-global/en-us/automotive-insights/blogs/2024/12/automotive-industry-forecast-2025-tariffs-evs,automotive-industry-forecast-2025-tariffs-evs,EXISTING PAGE,Content already in AEM,APPLIED (11 tags),taxonomy-all-pages.zip,11,pillars: mobility-global:pillars/planning-solutions | insightsThoughtLeaderContentType: mobility-global:insights-and-intelligence/insight-and-thought-leader-content-type/data-and-forecasts | insightsThoughtLeaderContentType: mobility-global:insights-and-intelligence/insight-and-thought-leader-content-type/market-news-and-updates | topic: mobility-global:insights-and-intelligence/topic/industry-benchmarks/automotive-industry-forecast-and-analysis | topic: mobility-global:insights-and-intelligence/topic/macro-economic-drivers/automotive-tariffs-and-trade-policy | theme: mobility-global:insights-and-intelligence/topic/industry-benchmarks/automotive-industry-forecast-and-analysis | theme: mobility-global:insights-and-intelligence/theme/automotive-tariffs | theme: mobility-global:insights-and-intelligence/theme/electric-vehicles | industrySector: mobility-global:contextual-variables/segmentation-and-user-context/industry-or-sector/automotive-oems | audienceRole: mobility-global:contextual-variables/segmentation-and-user-context/audience-role/marketing-and-commercial-roles/market-analyst ...,,
https://www.spglobal.com/automotive-insights/en/blogs/2024/12/automotive-supply-chain-data-for-investors,Blog or Automotive Insights,/content/mobility-global/en-us/automotive-insights/blogs/2024/12/automotive-supply-chain-data-for-investors,automotive-supply-chain-data-for-investors,EXISTING PAGE,Content already in AEM,APPLIED (10 tags),taxonomy-all-pages.zip,10,pillars: mobility-global:pillars/planning-solutions | insightsThoughtLeaderContentType: mobility-global:insights-and-intelligence/insight-and-thought-leader-content-type/analysis-and-reports | insightsThoughtLeaderContentType: mobility-global:insights-and-intelligence/insight-and-thought-leader-content-type/market-news-and-updates | topic: mobility-global:insights-and-intelligence/topic/supply-chain-and-manufacturing/automotive-supply-chain-disruption-and-resilience | topic: mobility-global:insights-and-intelligence/topic/supply-chain-and-manufacturing/automotive-supply-chain-risk-management | theme: mobility-global:insights-and-intelligence/theme/automotive-supply-chain | industrySector: mobility-global:contextual-variables/segmentation-and-user-context/industry-or-sector/automotive-suppliers-and-supply-chain | audienceRole: mobility-global:contextual-variables/segmentation-and-user-context/audience-role/financial-and-professional-services/sector-and-company-analysts | audienceRole: mobility-global:contextual-variables/segmentation-and-user-context/audience-role/oem-and-supplier-roles/supply-chain-analyst | contentFormat: mobility-global:system-and-structural-tags/content-formats/written-formats/short-form-article,,
https://www.spglobal.com/automotive-insights/en/blogs/2024/12/auto-sales-december-2024-us,Blog or Automotive Insights,/content/mobility-global/en-us/automotive-insights/blogs/2024/12/auto-sales-december-2024-us,auto-sales-december-2024-us,EXISTING PAGE,Content already in AEM,APPLIED (11 tags),taxonomy-all-pages.zip,11,pillars: mobility-global:pillars/planning-solutions | insightsThoughtLeaderContentType: mobility-global:insights-and-intelligence/insight-and-thought-leader-content-type/data-and-forecasts | insightsThoughtLeaderContentType: mobility-global:insights-and-intelligence/insight-and-thought-leader-content-type/market-news-and-updates | topic: mobility-global:insights-and-intelligence/topic/industry-benchmarks/automotive-industry-forecast-and-analysis | theme: mobility-global:insights-and-intelligence/topic/industry-benchmarks/automotive-industry-forecast-and-analysis | industrySector: mobility-global:contextual-variables/segmentation-and-user-context/industry-or-sector/automotive-oems | audienceRole: mobility-global:contextual-variables/segmentation-and-user-context/audience-role/marketing-and-commercial-roles/market-analyst | contentFormat: mobility-global:system-and-structural-tags/content-formats/written-formats/short-form-article | marketSalesRegion: mobility-global:contextual-variables/market-context/market-sales-region/north-america | marketRegion: mobility-global:contextual-variables/market-context/market-sales-region/north-america ...,,
https://www.spglobal.com/automotive-insights/en/blogs/2024/12/briefcase-nhtsa-ups-the-ante-on-adas-tech-evaluation,Blog or Automotive Insights,/content/mobility-global/en-us/automotive-insights/blogs/2024/12/briefcase-nhtsa-ups-the-ante-on-adas-tech-evaluation,briefcase-nhtsa-ups-the-ante-on-adas-tech-evaluation,EXISTING PAGE,Content already in AEM,APPLIED (10 tags),taxonomy-all-pages.zip,10,pillars: mobility-global:pillars/planning-solutions | insightsThoughtLeaderContentType: mobility-global:insights-and-intelligence/insight-and-thought-leader-content-type/analysis-and-reports | insightsThoughtLeaderContentType: mobility-global:insights-and-intelligence/insight-and-thought-leader-content-type/market-news-and-updates | topic: mobility-global:insights-and-intelligence/topic/technology-and-innovation/autonomous-vehicles-and-adas | topic: mobility-global:insights-and-intelligence/topic/risk-safety-and-compliance/regulations-and-compliance | theme: mobility-global:insights-and-intelligence/topic/industry-benchmarks/automotive-industry-forecast-and-analysis | regulatoryContext: mobility-global:contextual-variables/regulatory-and-operating-context/regulatory-context/safety-regulations | industrySector: mobility-global:contextual-variables/segmentation-and-user-context/industry-or-sector/automotive-oems | audienceRole: mobility-global:contextual-variables/segmentation-and-user-context/audience-role/regulatory-risk-and-policy-roles/government-or-policy-maker | contentFormat: mobility-global:system-and-structural-tags/content-formats/written-formats/short-form-article,,
https://www.spglobal.com/automotive-insights/en/blogs/2024/12/briefcase-sibs-and-ssbs-dynamic-duo-challenge-ev-battery-market,Blog or Automotive Insights,/content/mobility-global/en-us/automotive-insights/blogs/2024/12/briefcase-sibs-and-ssbs-dynamic-duo-challenge-ev-battery-market,briefcase-sibs-and-ssbs-dynamic-duo-challenge-ev-battery-market,EXISTING PAGE,Content already in AEM,APPLIED (10 tags),taxonomy-all-pages.zip,10,pillars: mobility-global:pillars/planning-solutions | insightsThoughtLeaderContentType: mobility-global:insights-and-intelligence/insight-and-thought-leader-content-type/analysis-and-reports | insightsThoughtLeaderContentType: mobility-global:insights-and-intelligence/insight-and-thought-leader-content-type/market-news-and-updates | topic: mobility-global:insights-and-intelligence/topic/electrification/ev-battery-technology | theme: mobility-global:insights-and-intelligence/topic/electrification/ev-battery-technology | industrySector: mobility-global:contextual-variables/segmentation-and-user-context/industry-or-sector/automotive-oems | industrySector: mobility-global:contextual-variables/segmentation-and-user-context/industry-or-sector/automotive-suppliers-and-supply-chain | audienceRole: mobility-global:contextual-variables/segmentation-and-user-context/audience-role/oem-and-supplier-roles/product-planner | audienceRole: mobility-global:contextual-variables/segmentation-and-user-context/audience-role/oem-and-supplier-roles/technical-specialists | contentFormat: mobility-global:system-and-structural-tags/content-formats/written-formats/short-form-article,,
https://www.spglobal.com/automotive-insights/en/blogs/2024/12/briefcase-the-2024-year-end-review,Blog or Automotive Insights,/content/mobility-global/en-us/automotive-insights/blogs/2024/12/briefcase-the-2024-year-end-review,briefcase-the-2024-year-end-review,EXISTING PAGE,Content already in AEM,APPLIED (9 tags),taxonomy-all-pages.zip,9,pillars: mobility-global:pillars/planning-solutions | insightsThoughtLeaderContentType: mobility-global:insights-and-intelligence/insight-and-thought-leader-content-type/analysis-and-reports | insightsThoughtLeaderContentType: mobility-global:insights-and-intelligence/insight-and-thought-leader-content-type/market-news-and-updates | topic: mobility-global:insights-and-intelligence/topic/industry-benchmarks/automotive-industry-forecast-and-analysis | theme: mobility-global:insights-and-intelligence/topic/industry-benchmarks/automotive-industry-forecast-and-analysis | theme: mobility-global:insights-and-intelligence/theme/automotive-supply-chain | industrySector: mobility-global:contextual-variables/segmentation-and-user-context/industry-or-sector/automotive-oems | audienceRole: mobility-global:contextual-variables/segmentation-and-user-context/audience-role/marketing-and-commercial-roles/market-analyst | contentFormat: mobility-global:system-and-structural-tags/content-formats/written-formats/short-form-article,,
https://www.spglobal.com/automotive-insights/en/blogs/2024/12/car-dealerships-inventory-management-strategies,Blog or Automotive Insights,/content/mobility-global/en-us/automotive-insights/blogs/2024/12/car-dealerships-inventory-management-strategies,car-dealerships-inventory-management-strategies,EXISTING PAGE,Content already in AEM,APPLIED (8 tags),taxonomy-all-pages.zip,8,pillars: mobility-global:pillars/sales-solutions | insightsThoughtLeaderContentType: mobility-global:insights-and-intelligence/insight-and-thought-leader-content-type/analysis-and-reports | insightsThoughtLeaderContentType: mobility-global:insights-and-intelligence/insight-and-thought-leader-content-type/market-news-and-updates | topic: mobility-global:insights-and-intelligence/topic/market-themes-or-analytical-topics/dealer-and-retail-trends | theme: mobility-global:insights-and-intelligence/topic/industry-benchmarks/automotive-industry-forecast-and-analysis | industrySector: mobility-global:contextual-variables/segmentation-and-user-context/industry-or-sector/automotive-dealers-and-retailers | audienceRole: mobility-global:contextual-variables/segmentation-and-user-context/audience-role/retail-dealer-aftermarket-roles/dealer-or-retailer | contentFormat: mobility-global:system-and-structural-tags/content-formats/written-formats/short-form-article,,
https://www.spglobal.com/automotive-insights/en/blogs/2024/12/china-commercial-vehicles-trucks-forecast,Blog or Automotive Insights,/content/mobility-global/en-us/automotive-insights/blogs/2024/12/china-commercial-vehicles-trucks-forecast,china-commercial-vehicles-trucks-forecast,EXISTING PAGE,Content already in AEM,APPLIED (11 tags),taxonomy-all-pages.zip,11,pillars: mobility-global:pillars/planning-solutions | insightsThoughtLeaderContentType: mobility-global:insights-and-intelligence/insight-and-thought-leader-content-type/data-and-forecasts | insightsThoughtLeaderContentType: mobility-global:insights-and-intelligence/insight-and-thought-leader-content-type/market-news-and-updates | theme: mobility-global:insights-and-intelligence/topic/industry-benchmarks/automotive-industry-forecast-and-analysis | theme: mobility-global:insights-and-intelligence/theme/commercial-vehicle-market | industrySector: mobility-global:contextual-variables/segmentation-and-user-context/industry-or-sector/automotive-oems | audienceRole: mobility-global:contextual-variables/segmentation-and-user-context/audience-role/marketing-and-commercial-roles/market-analyst | contentFormat: mobility-global:system-and-structural-tags/content-formats/written-formats/short-form-article | marketSalesRegion: mobility-global:contextual-variables/market-context/market-sales-region/greater-china | marketRegion: mobility-global:contextual-variables/market-context/market-sales-region/greater-china ...,,
https://www.spglobal.com/automotive-insights/en/blogs/2024/12/december-2024-vehicle-production-forecast,Blog or Automotive Insights,/content/mobility-global/en-us/automotive-insights/blogs/2024/12/december-2024-vehicle-production-forecast,december-2024-vehicle-production-forecast,EXISTING PAGE,Content already in AEM,APPLIED (8 tags),taxonomy-all-pages.zip,8,pillars: mobility-global:pillars/planning-solutions | insightsThoughtLeaderContentType: mobility-global:insights-and-intelligence/insight-and-thought-leader-content-type/data-and-forecasts | insightsThoughtLeaderContentType: mobility-global:insights-and-intelligence/insight-and-thought-leader-content-type/market-news-and-updates | topic: mobility-global:insights-and-intelligence/topic/industry-benchmarks/vehicle-production-forecasts | theme: mobility-global:insights-and-intelligence/topic/industry-benchmarks/automotive-industry-forecast-and-analysis | industrySector: mobility-global:contextual-variables/segmentation-and-user-context/industry-or-sector/automotive-oems | audienceRole: mobility-global:contextual-variables/segmentation-and-user-context/audience-role/marketing-and-commercial-roles/market-analyst | contentFormat: mobility-global:system-and-structural-tags/content-formats/written-formats/short-form-article,,
https://www.spglobal.com/automotive-insights/en/blogs/2024/12/european-union-carbon-emissions-regulations-vehicles,Blog or Automotive Insights,/content/mobility-global/en-us/automotive-insights/blogs/2024/12/european-union-carbon-emissions-regulations-vehicles,european-union-carbon-emissions-regulations-vehicles,EXISTING PAGE,Content already in AEM,APPLIED (9 tags),taxonomy-all-pages.zip,9,pillars: mobility-global:pillars/planning-solutions | insightsThoughtLeaderContentType: mobility-global:insights-and-intelligence/insight-and-thought-leader-content-type/analysis-and-reports | insightsThoughtLeaderContentType: mobility-global:insights-and-intelligence/insight-and-thought-leader-content-type/market-news-and-updates | topic: mobility-global:insights-and-intelligence/topic/sustainability-and-esg/automotive-sustainability-and-esg | theme: mobility-global:insights-and-intelligence/theme/automotive-sustainability | regulatoryContext: mobility-global:contextual-variables/regulatory-and-operating-context/regulatory-context/emissions-standards | industrySector: mobility-global:contextual-variables/segmentation-and-user-context/industry-or-sector/automotive-oems | audienceRole: mobility-global:contextual-variables/segmentation-and-user-context/audience-role/regulatory-risk-and-policy-roles/government-or-policy-maker | contentFormat: mobility-global:system-and-structural-tags/content-formats/written-formats/short-form-article,,
https://www.spglobal.com/automotive-insights/en/blogs/2024/12/ev-sales-slowdown-cost-cuts-job-losses,Blog or Automotive Insights,/content/mobility-global/en-us/automotive-insights/blogs/2024/12/ev-sales-slowdown-cost-cuts-job-losses,ev-sales-slowdown-cost-cuts-job-losses,EXISTING PAGE,Content already in AEM,APPLIED (9 tags),taxonomy-all-pages.zip,9,pillars: mobility-global:pillars/planning-solutions | insightsThoughtLeaderContentType: mobility-global:insights-and-intelligence/insight-and-thought-leader-content-type/analysis-and-reports | insightsThoughtLeaderContentType: mobility-global:insights-and-intelligence/insight-and-thought-leader-content-type/market-news-and-updates | topic: mobility-global:insights-and-intelligence/topic/electrification/ev-adoption | topic: mobility-global:insights-and-intelligence/topic/market-themes-or-analytical-topics/market-volatility-trends | theme: mobility-global:insights-and-intelligence/theme/electric-vehicles | industrySector: mobility-global:contextual-variables/segmentation-and-user-context/industry-or-sector/automotive-oems | audienceRole: mobility-global:contextual-variables/segmentation-and-user-context/audience-role/marketing-and-commercial-roles/market-analyst | contentFormat: mobility-global:system-and-structural-tags/content-formats/written-formats/short-form-article,,
https://www.spglobal.com/automotive-insights/en/blogs/2024/12/federal-rate-cuts-automotive-lender-business,Blog or Automotive Insights,/content/mobility-global/en-us/automotive-insights/blogs/2024/12/federal-rate-cuts-automotive-lender-business,federal-rate-cuts-automotive-lender-business,EXISTING PAGE,Content already in AEM,APPLIED (8 tags),taxonomy-all-pages.zip,8,pillars: mobility-global:pillars/sales-solutions | insightsThoughtLeaderContentType: mobility-global:insights-and-intelligence/insight-and-thought-leader-content-type/analysis-and-reports | insightsThoughtLeaderContentType: mobility-global:insights-and-intelligence/insight-and-thought-leader-content-type/market-news-and-updates | topic: mobility-global:insights-and-intelligence/topic/market-themes-or-analytical-topics/dealer-and-retail-trends | theme: mobility-global:insights-and-intelligence/topic/industry-benchmarks/automotive-industry-forecast-and-analysis | industrySector: mobility-global:contextual-variables/segmentation-and-user-context/industry-or-sector/fleet-management-and-leasing | audienceRole: mobility-global:contextual-variables/segmentation-and-user-context/audience-role/fleet-and-commercial-roles/leasing-or-financial-services | contentFormat: mobility-global:system-and-structural-tags/content-formats/written-formats/short-form-article,,
https://www.spglobal.com/automotive-insights/en/blogs/2024/12/hybrids-thrive-as-electric-vehicle-growth-momentum-slows,Blog or Automotive Insights,/content/mobility-global/en-us/automotive-insights/blogs/2024/12/hybrids-thrive-as-electric-vehicle-growth-momentum-slows,hybrids-thrive-as-electric-vehicle-growth-momentum-slows,EXISTING PAGE,Content already in AEM,APPLIED (9 tags),taxonomy-all-pages.zip,9,pillars: mobility-global:pillars/planning-solutions | insightsThoughtLeaderContentType: mobility-global:insights-and-intelligence/insight-and-thought-leader-content-type/analysis-and-reports | insightsThoughtLeaderContentType: mobility-global:insights-and-intelligence/insight-and-thought-leader-content-type/market-news-and-updates | topic: mobility-global:insights-and-intelligence/topic/electrification/ev-adoption | topic: mobility-global:insights-and-intelligence/topic/market-themes-or-analytical-topics/market-segmentation-insights | theme: mobility-global:insights-and-intelligence/theme/electric-vehicles | industrySector: mobility-global:contextual-variables/segmentation-and-user-context/industry-or-sector/automotive-oems | audienceRole: mobility-global:contextual-variables/segmentation-and-user-context/audience-role/marketing-and-commercial-roles/market-analyst | contentFormat: mobility-global:system-and-structural-tags/content-formats/written-formats/short-form-article,,
https://www.spglobal.com/automotive-insights/en/blogs/2024/12/risks-and-rewards-of-automakers-on-software-defined-vehicles,Blog or Automotive Insights,/content/mobility-global/en-us/automotive-insights/blogs/2024/12/risks-and-rewards-of-automakers-on-software-defined-vehicles,risks-and-rewards-of-automakers-on-software-defined-vehicles,EXISTING PAGE,Content already in AEM,APPLIED (11 tags),taxonomy-all-pages.zip,11,pillars: mobility-global:pillars/planning-solutions | insightsThoughtLeaderContentType: mobility-global:insights-and-intelligence/insight-and-thought-leader-content-type/analysis-and-reports | insightsThoughtLeaderContentType: mobility-global:insights-and-intelligence/insight-and-thought-leader-content-type/market-news-and-updates | topic: mobility-global:insights-and-intelligence/topic/technology-and-innovation/software-defined-vehicles-sdv | theme: mobility-global:insights-and-intelligence/theme/software-defined-vehicles | theme: mobility-global:insights-and-intelligence/theme/automotive-supply-chain | theme: mobility-global:insights-and-intelligence/theme/future-of-mobility | industrySector: mobility-global:contextual-variables/segmentation-and-user-context/industry-or-sector/automotive-oems | audienceRole: mobility-global:contextual-variables/segmentation-and-user-context/audience-role/oem-and-supplier-roles/oem-strategist | audienceRole: mobility-global:contextual-variables/segmentation-and-user-context/audience-role/oem-and-supplier-roles/product-planner ...,,
https://www.spglobal.com/automotive-insights/en/blogs/2024/12/what-oems-dealers-lenders-need-know-about-auto-lease-returns-2025,Blog or Automotive Insights,/content/mobility-global/en-us/automotive-insights/blogs/2024/12/what-oems-dealers-lenders-need-know-about-auto-lease-returns-2025,what-oems-dealers-lenders-need-know-about-auto-lease-returns-2025,EXISTING PAGE,Content already in AEM,APPLIED (13 tags),taxonomy-all-pages.zip,13,pillars: mobility-global:pillars/sales-solutions | productFamily: mobility-global:products-and-platforms/product-families/loyalty | insightsThoughtLeaderContentType: mobility-global:insights-and-intelligence/insight-and-thought-leader-content-type/analysis-and-reports | insightsThoughtLeaderContentType: mobility-global:insights-and-intelligence/insight-and-thought-leader-content-type/market-news-and-updates | topic: mobility-global:insights-and-intelligence/topic/market-themes-or-analytical-topics/dealer-and-retail-trends | theme: mobility-global:insights-and-intelligence/theme/automotive-consumer-trends | industrySector: mobility-global:contextual-variables/segmentation-and-user-context/industry-or-sector/automotive-oems | industrySector: mobility-global:contextual-variables/segmentation-and-user-context/industry-or-sector/automotive-dealers-and-retailers | industrySector: mobility-global:contextual-variables/segmentation-and-user-context/industry-or-sector/fleet-management-and-leasing | audienceRole: mobility-global:contextual-variables/segmentation-and-user-context/audience-role/oem-and-supplier-roles/oem-strategist ...,,
https://www.spglobal.com/automotive-insights/en/blogs/2024/2/briefcase-navigating-the-red-sea-crisis,Blog or Automotive Insights,/content/mobility-global/en-us/automotive-insights/blogs/2024/2/briefcase-navigating-the-red-sea-crisis,briefcase-navigating-the-red-sea-crisis,EXISTING PAGE,Content already in AEM,APPLIED (9 tags),taxonomy-all-pages.zip,9,pillars: mobility-global:pillars/planning-solutions | insightsThoughtLeaderContentType: mobility-global:insights-and-intelligence/insight-and-thought-leader-content-type/analysis-and-reports | insightsThoughtLeaderContentType: mobility-global:insights-and-intelligence/insight-and-thought-leader-content-type/market-news-and-updates | topic: mobility-global:insights-and-intelligence/topic/supply-chain-and-manufacturing/automotive-supply-chain-disruption-and-resilience | topic: mobility-global:insights-and-intelligence/topic/market-themes-or-analytical-topics/market-volatility-trends | theme: mobility-global:insights-and-intelligence/theme/supply-chain-resilience | industrySector: mobility-global:contextual-variables/segmentation-and-user-context/industry-or-sector/automotive-suppliers-and-supply-chain | audienceRole: mobility-global:contextual-variables/segmentation-and-user-context/audience-role/oem-and-supplier-roles/supply-chain-analyst | contentFormat: mobility-global:system-and-structural-tags/content-formats/written-formats/short-form-article,,
https://www.spglobal.com/automotive-insights/en/blogs/2024/2/sp-global-mobility-28th-annual-automotive-loyalty-awards,Blog or Automotive Insights,/content/mobility-global/en-us/automotive-insights/blogs/2024/2/sp-global-mobility-28th-annual-automotive-loyalty-awards,sp-global-mobility-28th-annual-automotive-loyalty-awards,EXISTING PAGE,Content already in AEM,APPLIED (9 tags),taxonomy-all-pages.zip,9,pillars: mobility-global:pillars/sales-solutions | productFamily: mobility-global:products-and-platforms/product-families/loyalty | insightsThoughtLeaderContentType: mobility-global:insights-and-intelligence/insight-and-thought-leader-content-type/events-and-webinars | insightsThoughtLeaderContentType: mobility-global:insights-and-intelligence/insight-and-thought-leader-content-type/analysis-and-reports | topic: mobility-global:products-and-platforms/product-families/loyalty | theme: mobility-global:insights-and-intelligence/theme/automotive-consumer-trends | industrySector: mobility-global:contextual-variables/segmentation-and-user-context/industry-or-sector/automotive-oems | audienceRole: mobility-global:contextual-variables/segmentation-and-user-context/audience-role/marketing-and-commercial-roles/market-analyst | contentFormat: mobility-global:system-and-structural-tags/content-formats/written-formats/short-form-article,,
https://www.spglobal.com/automotive-insights/en/blogs/2024/2/sp-global-mobility-expands-partnership-with-automotive-news,Blog or Automotive Insights,/content/mobility-global/en-us/automotive-insights/blogs/2024/2/sp-global-mobility-expands-partnership-with-automotive-news,sp-global-mobility-expands-partnership-with-automotive-news,EXISTING PAGE,Content already in AEM,APPLIED (4 tags),taxonomy-all-pages.zip,4,insightsThoughtLeaderContentType: mobility-global:insights-and-intelligence/insight-and-thought-leader-content-type/market-news-and-updates | topic: mobility-global:insights-and-intelligence/topic/industry-benchmarks/automotive-industry-forecast-and-analysis | theme: mobility-global:insights-and-intelligence/topic/industry-benchmarks/automotive-industry-forecast-and-analysis | contentFormat: mobility-global:system-and-structural-tags/content-formats/written-formats/short-form-article,,
https://www.spglobal.com/automotive-insights/en/blogs/2024/2/us-commercial-vehicle-market-grew-14-percent-in-2023,Blog or Automotive Insights,/content/mobility-global/en-us/automotive-insights/blogs/2024/2/us-commercial-vehicle-market-grew-14-percent-in-2023,us-commercial-vehicle-market-grew-14-percent-in-2023,EXISTING PAGE,Content already in AEM,APPLIED (12 tags),taxonomy-all-pages.zip,12,pillars: mobility-global:pillars/planning-solutions | insightsThoughtLeaderContentType: mobility-global:insights-and-intelligence/insight-and-thought-leader-content-type/analysis-and-reports | insightsThoughtLeaderContentType: mobility-global:insights-and-intelligence/insight-and-thought-leader-content-type/market-news-and-updates | topic: mobility-global:insights-and-intelligence/topic/market-themes-or-analytical-topics/global-automotive-markets | theme: mobility-global:insights-and-intelligence/topic/industry-benchmarks/automotive-industry-forecast-and-analysis | theme: mobility-global:insights-and-intelligence/theme/commercial-vehicle-market | industrySector: mobility-global:contextual-variables/segmentation-and-user-context/industry-or-sector/automotive-oems | audienceRole: mobility-global:contextual-variables/segmentation-and-user-context/audience-role/marketing-and-commercial-roles/market-analyst | contentFormat: mobility-global:system-and-structural-tags/content-formats/written-formats/short-form-article | marketSalesRegion: mobility-global:contextual-variables/market-context/market-sales-region/north-america ...,,
https://www.spglobal.com/automotive-insights/en/blogs/2024/3/briefcase-climate-politics-frances-carbon-footprint-incentive,Blog or Automotive Insights,/content/mobility-global/en-us/automotive-insights/blogs/2024/3/briefcase-climate-politics-frances-carbon-footprint-incentive,briefcase-climate-politics-frances-carbon-footprint-incentive,EXISTING PAGE,Content already in AEM,APPLIED (14 tags),taxonomy-all-pages.zip,14,pillars: mobility-global:pillars/planning-solutions | insightsThoughtLeaderContentType: mobility-global:insights-and-intelligence/insight-and-thought-leader-content-type/analysis-and-reports | insightsThoughtLeaderContentType: mobility-global:insights-and-intelligence/insight-and-thought-leader-content-type/market-news-and-updates | topic: mobility-global:insights-and-intelligence/topic/risk-safety-and-compliance/regulations-and-compliance | topic: mobility-global:insights-and-intelligence/topic/sustainability-and-esg/automotive-sustainability-and-esg | theme: mobility-global:insights-and-intelligence/theme/automotive-sustainability | regulatoryContext: mobility-global:contextual-variables/regulatory-and-operating-context/regulatory-context/policy | regulatoryContext: mobility-global:contextual-variables/regulatory-and-operating-context/regulatory-context/emissions-standards | industrySector: mobility-global:contextual-variables/segmentation-and-user-context/industry-or-sector/automotive-oems | audienceRole: mobility-global:contextual-variables/segmentation-and-user-context/audience-role/regulatory-risk-and-policy-roles/government-or-policy-maker ...,,
https://www.spglobal.com/automotive-insights/en/blogs/2024/3/briefcase-indias-road-to-adas-adoption,Blog or Automotive Insights,/content/mobility-global/en-us/automotive-insights/blogs/2024/3/briefcase-indias-road-to-adas-adoption,briefcase-indias-road-to-adas-adoption,EXISTING PAGE,Content already in AEM,APPLIED (9 tags),taxonomy-all-pages.zip,9,pillars: mobility-global:pillars/planning-solutions | insightsThoughtLeaderContentType: mobility-global:insights-and-intelligence/insight-and-thought-leader-content-type/analysis-and-reports | insightsThoughtLeaderContentType: mobility-global:insights-and-intelligence/insight-and-thought-leader-content-type/market-news-and-updates | topic: mobility-global:insights-and-intelligence/topic/technology-and-innovation/autonomous-vehicles-and-adas | theme: mobility-global:insights-and-intelligence/theme/future-of-mobility | industrySector: mobility-global:contextual-variables/segmentation-and-user-context/industry-or-sector/automotive-oems | audienceRole: mobility-global:contextual-variables/segmentation-and-user-context/audience-role/oem-and-supplier-roles/oem-strategist | contentFormat: mobility-global:system-and-structural-tags/content-formats/written-formats/short-form-article | marketCountry: mobility-global:contextual-variables/market-context/market-country/india,,
https://www.spglobal.com/automotive-insights/en/blogs/2024/3/briefcase-sodium-ion-batteries-to-unseat-lithium,Blog or Automotive Insights,/content/mobility-global/en-us/automotive-insights/blogs/2024/3/briefcase-sodium-ion-batteries-to-unseat-lithium,briefcase-sodium-ion-batteries-to-unseat-lithium,EXISTING PAGE,Content already in AEM,APPLIED (10 tags),taxonomy-all-pages.zip,10,pillars: mobility-global:pillars/planning-solutions | insightsThoughtLeaderContentType: mobility-global:insights-and-intelligence/insight-and-thought-leader-content-type/analysis-and-reports | insightsThoughtLeaderContentType: mobility-global:insights-and-intelligence/insight-and-thought-leader-content-type/market-news-and-updates | topic: mobility-global:insights-and-intelligence/topic/electrification/ev-battery-technology | theme: mobility-global:insights-and-intelligence/topic/electrification/ev-battery-technology | industrySector: mobility-global:contextual-variables/segmentation-and-user-context/industry-or-sector/automotive-oems | industrySector: mobility-global:contextual-variables/segmentation-and-user-context/industry-or-sector/automotive-suppliers-and-supply-chain | audienceRole: mobility-global:contextual-variables/segmentation-and-user-context/audience-role/oem-and-supplier-roles/product-planner | audienceRole: mobility-global:contextual-variables/segmentation-and-user-context/audience-role/oem-and-supplier-roles/technical-specialists | contentFormat: mobility-global:system-and-structural-tags/content-formats/written-formats/short-form-article,,
https://www.spglobal.com/automotive-insights/en/blogs/2024/3/february-2024-us-auto-sales-to-bounce-mildly,Blog or Automotive Insights,/content/mobility-global/en-us/automotive-insights/blogs/2024/3/february-2024-us-auto-sales-to-bounce-mildly,february-2024-us-auto-sales-to-bounce-mildly,EXISTING PAGE,Content already in AEM,APPLIED (11 tags),taxonomy-all-pages.zip,11,pillars: mobility-global:pillars/planning-solutions | insightsThoughtLeaderContentType: mobility-global:insights-and-intelligence/insight-and-thought-leader-content-type/data-and-forecasts | insightsThoughtLeaderContentType: mobility-global:insights-and-intelligence/insight-and-thought-leader-content-type/market-news-and-updates | topic: mobility-global:insights-and-intelligence/topic/industry-benchmarks/automotive-industry-forecast-and-analysis | theme: mobility-global:insights-and-intelligence/topic/industry-benchmarks/automotive-industry-forecast-and-analysis | industrySector: mobility-global:contextual-variables/segmentation-and-user-context/industry-or-sector/automotive-oems | audienceRole: mobility-global:contextual-variables/segmentation-and-user-context/audience-role/marketing-and-commercial-roles/market-analyst | contentFormat: mobility-global:system-and-structural-tags/content-formats/written-formats/short-form-article | marketSalesRegion: mobility-global:contextual-variables/market-context/market-sales-region/north-america | marketRegion: mobility-global:contextual-variables/market-context/market-sales-region/north-america ...,,
https://www.spglobal.com/automotive-insights/en/blogs/2024/3/fuel-for-thought-the-road-to-transformation-charting-the-cours,Blog or Automotive Insights,/content/mobility-global/en-us/automotive-insights/blogs/2024/3/fuel-for-thought-the-road-to-transformation-charting-the-cours,fuel-for-thought-the-road-to-transformation-charting-the-cours,EXISTING PAGE,Content already in AEM,APPLIED (7 tags),taxonomy-all-pages.zip,7,pillars: mobility-global:pillars/planning-solutions | insightsThoughtLeaderContentType: mobility-global:insights-and-intelligence/insight-and-thought-leader-content-type/analysis-and-reports | insightsThoughtLeaderContentType: mobility-global:insights-and-intelligence/insight-and-thought-leader-content-type/market-news-and-updates | theme: mobility-global:insights-and-intelligence/theme/future-of-mobility | industrySector: mobility-global:contextual-variables/segmentation-and-user-context/industry-or-sector/automotive-oems | audienceRole: mobility-global:contextual-variables/segmentation-and-user-context/audience-role/oem-and-supplier-roles/oem-strategist | contentFormat: mobility-global:system-and-structural-tags/content-formats/written-formats/short-form-article,,
https://www.spglobal.com/automotive-insights/en/blogs/2024/3/march-2024-us-auto-sales-reflect-uneasy-progress,Blog or Automotive Insights,/content/mobility-global/en-us/automotive-insights/blogs/2024/3/march-2024-us-auto-sales-reflect-uneasy-progress,march-2024-us-auto-sales-reflect-uneasy-progress,EXISTING PAGE,Content already in AEM,APPLIED (11 tags),taxonomy-all-pages.zip,11,pillars: mobility-global:pillars/planning-solutions | insightsThoughtLeaderContentType: mobility-global:insights-and-intelligence/insight-and-thought-leader-content-type/data-and-forecasts | insightsThoughtLeaderContentType: mobility-global:insights-and-intelligence/insight-and-thought-leader-content-type/market-news-and-updates | topic: mobility-global:insights-and-intelligence/topic/industry-benchmarks/automotive-industry-forecast-and-analysis | theme: mobility-global:insights-and-intelligence/topic/industry-benchmarks/automotive-industry-forecast-and-analysis | industrySector: mobility-global:contextual-variables/segmentation-and-user-context/industry-or-sector/automotive-oems | audienceRole: mobility-global:contextual-variables/segmentation-and-user-context/audience-role/marketing-and-commercial-roles/market-analyst | contentFormat: mobility-global:system-and-structural-tags/content-formats/written-formats/short-form-article | marketSalesRegion: mobility-global:contextual-variables/market-context/market-sales-region/north-america | marketRegion: mobility-global:contextual-variables/market-context/market-sales-region/north-america ...,,
https://www.spglobal.com/automotive-insights/en/blogs/2024/3/us-commercial-truck-market-beats-growth-expectations-new-insights,Blog or Automotive Insights,/content/mobility-global/en-us/automotive-insights/blogs/2024/3/us-commercial-truck-market-beats-growth-expectations-new-insights,us-commercial-truck-market-beats-growth-expectations-new-insights,EXISTING PAGE,Content already in AEM,APPLIED (10 tags),taxonomy-all-pages.zip,10,pillars: mobility-global:pillars/planning-solutions | insightsThoughtLeaderContentType: mobility-global:insights-and-intelligence/insight-and-thought-leader-content-type/analysis-and-reports | insightsThoughtLeaderContentType: mobility-global:insights-and-intelligence/insight-and-thought-leader-content-type/market-news-and-updates | theme: mobility-global:insights-and-intelligence/theme/commercial-vehicle-market | industrySector: mobility-global:contextual-variables/segmentation-and-user-context/industry-or-sector/automotive-oems | audienceRole: mobility-global:contextual-variables/segmentation-and-user-context/audience-role/marketing-and-commercial-roles/market-analyst | contentFormat: mobility-global:system-and-structural-tags/content-formats/written-formats/short-form-article | marketSalesRegion: mobility-global:contextual-variables/market-context/market-sales-region/north-america | marketRegion: mobility-global:contextual-variables/market-context/market-sales-region/north-america | marketCountry: mobility-global:contextual-variables/market-context/market-country/united-states,,
https://www.spglobal.com/automotive-insights/en/blogs/2024/3/us-ev-sales-grew-nearly-52-in-2023,Blog or Automotive Insights,/content/mobility-global/en-us/automotive-insights/blogs/2024/3/us-ev-sales-grew-nearly-52-in-2023,us-ev-sales-grew-nearly-52-in-2023,EXISTING PAGE,Content already in AEM,APPLIED (12 tags),taxonomy-all-pages.zip,12,pillars: mobility-global:pillars/planning-solutions | insightsThoughtLeaderContentType: mobility-global:insights-and-intelligence/insight-and-thought-leader-content-type/analysis-and-reports | insightsThoughtLeaderContentType: mobility-global:insights-and-intelligence/insight-and-thought-leader-content-type/market-news-and-updates | topic: mobility-global:insights-and-intelligence/topic/electrification/ev-adoption | topic: mobility-global:insights-and-intelligence/topic/market-themes-or-analytical-topics/market-segmentation-insights | theme: mobility-global:insights-and-intelligence/theme/electric-vehicles | industrySector: mobility-global:contextual-variables/segmentation-and-user-context/industry-or-sector/automotive-oems | audienceRole: mobility-global:contextual-variables/segmentation-and-user-context/audience-role/marketing-and-commercial-roles/market-analyst | contentFormat: mobility-global:system-and-structural-tags/content-formats/written-formats/short-form-article | marketSalesRegion: mobility-global:contextual-variables/market-context/market-sales-region/north-america ...,,
https://www.spglobal.com/automotive-insights/en/blogs/2024/3/us-graphite-supply-chain-expansion-dimming-import-needs,Blog or Automotive Insights,/content/mobility-global/en-us/automotive-insights/blogs/2024/3/us-graphite-supply-chain-expansion-dimming-import-needs,us-graphite-supply-chain-expansion-dimming-import-needs,EXISTING PAGE,Content already in AEM,APPLIED (12 tags),taxonomy-all-pages.zip,12,pillars: mobility-global:pillars/planning-solutions | insightsThoughtLeaderContentType: mobility-global:insights-and-intelligence/insight-and-thought-leader-content-type/analysis-and-reports | insightsThoughtLeaderContentType: mobility-global:insights-and-intelligence/insight-and-thought-leader-content-type/market-news-and-updates | topic: mobility-global:insights-and-intelligence/topic/supply-chain-and-manufacturing/automotive-supply-chain-disruption-and-resilience | theme: mobility-global:insights-and-intelligence/topic/electrification/ev-battery-technology | theme: mobility-global:insights-and-intelligence/theme/automotive-supply-chain | industrySector: mobility-global:contextual-variables/segmentation-and-user-context/industry-or-sector/automotive-suppliers-and-supply-chain | audienceRole: mobility-global:contextual-variables/segmentation-and-user-context/audience-role/oem-and-supplier-roles/supply-chain-analyst | contentFormat: mobility-global:system-and-structural-tags/content-formats/written-formats/short-form-article | marketSalesRegion: mobility-global:contextual-variables/market-context/market-sales-region/north-america ...,,
https://www.spglobal.com/automotive-insights/en/blogs/2024/4/april-2024-us-auto-sales,Blog or Automotive Insights,/content/mobility-global/en-us/automotive-insights/blogs/2024/4/april-2024-us-auto-sales,april-2024-us-auto-sales,EXISTING PAGE,Content already in AEM,APPLIED (11 tags),taxonomy-all-pages.zip,11,pillars: mobility-global:pillars/planning-solutions | insightsThoughtLeaderContentType: mobility-global:insights-and-intelligence/insight-and-thought-leader-content-type/data-and-forecasts | insightsThoughtLeaderContentType: mobility-global:insights-and-intelligence/insight-and-thought-leader-content-type/market-news-and-updates | topic: mobility-global:insights-and-intelligence/topic/industry-benchmarks/automotive-industry-forecast-and-analysis | theme: mobility-global:insights-and-intelligence/topic/industry-benchmarks/automotive-industry-forecast-and-analysis | industrySector: mobility-global:contextual-variables/segmentation-and-user-context/industry-or-sector/automotive-oems | audienceRole: mobility-global:contextual-variables/segmentation-and-user-context/audience-role/marketing-and-commercial-roles/market-analyst | contentFormat: mobility-global:system-and-structural-tags/content-formats/written-formats/short-form-article | marketSalesRegion: mobility-global:contextual-variables/market-context/market-sales-region/north-america | marketRegion: mobility-global:contextual-variables/market-context/market-sales-region/north-america ...,,
https://www.spglobal.com/automotive-insights/en/blogs/2024/4/briefcase-taiwan-earthquake-puts-spotlight-back-on-chip-supply,Blog or Automotive Insights,/content/mobility-global/en-us/automotive-insights/blogs/2024/4/briefcase-taiwan-earthquake-puts-spotlight-back-on-chip-supply,briefcase-taiwan-earthquake-puts-spotlight-back-on-chip-supply,EXISTING PAGE,Content already in AEM,APPLIED (12 tags),taxonomy-all-pages.zip,12,pillars: mobility-global:pillars/planning-solutions | insightsThoughtLeaderContentType: mobility-global:insights-and-intelligence/insight-and-thought-leader-content-type/analysis-and-reports | insightsThoughtLeaderContentType: mobility-global:insights-and-intelligence/insight-and-thought-leader-content-type/market-news-and-updates | topic: mobility-global:insights-and-intelligence/topic/technology-and-innovation/automotive-semiconductors | topic: mobility-global:insights-and-intelligence/topic/supply-chain-and-manufacturing/automotive-supply-chain-disruption-and-resilience | theme: mobility-global:insights-and-intelligence/theme/automotive-supply-chain | theme: mobility-global:insights-and-intelligence/theme/supply-chain-resilience | industrySector: mobility-global:contextual-variables/segmentation-and-user-context/industry-or-sector/automotive-suppliers-and-supply-chain | industrySector: mobility-global:contextual-variables/segmentation-and-user-context/industry-or-sector/automotive-oems | audienceRole: mobility-global:contextual-variables/segmentation-and-user-context/audience-role/oem-and-supplier-roles/supply-chain-analyst ...,,
https://www.spglobal.com/automotive-insights/en/blogs/2024/4/electric-vehicles-battery-production-india,Blog or Automotive Insights,/content/mobility-global/en-us/automotive-insights/blogs/2024/4/electric-vehicles-battery-production-india,electric-vehicles-battery-production-india,EXISTING PAGE,Content already in AEM,APPLIED (9 tags),taxonomy-all-pages.zip,9,pillars: mobility-global:pillars/planning-solutions | insightsThoughtLeaderContentType: mobility-global:insights-and-intelligence/insight-and-thought-leader-content-type/analysis-and-reports | insightsThoughtLeaderContentType: mobility-global:insights-and-intelligence/insight-and-thought-leader-content-type/market-news-and-updates | topic: mobility-global:insights-and-intelligence/topic/electrification/ev-battery-technology | theme: mobility-global:insights-and-intelligence/topic/electrification/ev-battery-technology | industrySector: mobility-global:contextual-variables/segmentation-and-user-context/industry-or-sector/automotive-oems | audienceRole: mobility-global:contextual-variables/segmentation-and-user-context/audience-role/oem-and-supplier-roles/product-planner | contentFormat: mobility-global:system-and-structural-tags/content-formats/written-formats/short-form-article | marketCountry: mobility-global:contextual-variables/market-context/market-country/india,,
https://www.spglobal.com/automotive-insights/en/blogs/2024/5/automotive-marketing-electric-vehicles,Blog or Automotive Insights,/content/mobility-global/en-us/automotive-insights/blogs/2024/5/automotive-marketing-electric-vehicles,automotive-marketing-electric-vehicles,EXISTING PAGE,Content already in AEM,APPLIED (12 tags),taxonomy-all-pages.zip,12,pillars: mobility-global:pillars/sales-solutions | insightsThoughtLeaderContentType: mobility-global:insights-and-intelligence/insight-and-thought-leader-content-type/analysis-and-reports | insightsThoughtLeaderContentType: mobility-global:insights-and-intelligence/insight-and-thought-leader-content-type/market-news-and-updates | topic: mobility-global:insights-and-intelligence/topic/electrification/ev-adoption | topic: mobility-global:insights-and-intelligence/topic/market-themes-or-analytical-topics/dealer-and-retail-trends | theme: mobility-global:insights-and-intelligence/theme/electric-vehicles | theme: mobility-global:insights-and-intelligence/theme/automotive-consumer-trends | industrySector: mobility-global:contextual-variables/segmentation-and-user-context/industry-or-sector/automotive-oems | industrySector: mobility-global:contextual-variables/segmentation-and-user-context/industry-or-sector/automotive-dealers-and-retailers | audienceRole: mobility-global:contextual-variables/segmentation-and-user-context/audience-role/marketing-and-commercial-roles/marketing-and-media-agencies ...,,
https://www.spglobal.com/automotive-insights/en/blogs/2024/5/average-age-vehicles-united-states-2024,Blog or Automotive Insights,/content/mobility-global/en-us/automotive-insights/blogs/2024/5/average-age-vehicles-united-states-2024,average-age-vehicles-united-states-2024,EXISTING PAGE,Content already in AEM,APPLIED (11 tags),taxonomy-all-pages.zip,11,pillars: mobility-global:pillars/sales-solutions | insightsThoughtLeaderContentType: mobility-global:insights-and-intelligence/insight-and-thought-leader-content-type/analysis-and-reports | insightsThoughtLeaderContentType: mobility-global:insights-and-intelligence/insight-and-thought-leader-content-type/market-news-and-updates | topic: mobility-global:insights-and-intelligence/topic/industry-benchmarks/automotive-industry-forecast-and-analysis | theme: mobility-global:insights-and-intelligence/topic/industry-benchmarks/automotive-industry-forecast-and-analysis | industrySector: mobility-global:contextual-variables/segmentation-and-user-context/industry-or-sector/automotive-aftermarket | audienceRole: mobility-global:contextual-variables/segmentation-and-user-context/audience-role/retail-dealer-aftermarket-roles/aftermarket-provider | contentFormat: mobility-global:system-and-structural-tags/content-formats/written-formats/short-form-article | marketSalesRegion: mobility-global:contextual-variables/market-context/market-sales-region/north-america | marketRegion: mobility-global:contextual-variables/market-context/market-sales-region/north-america ...,,
https://www.spglobal.com/automotive-insights/en/blogs/2024/5/briefcase-can-data-privacy-concerns-spoil-connected-car-party,Blog or Automotive Insights,/content/mobility-global/en-us/automotive-insights/blogs/2024/5/briefcase-can-data-privacy-concerns-spoil-connected-car-party,briefcase-can-data-privacy-concerns-spoil-connected-car-party,EXISTING PAGE,Content already in AEM,APPLIED (10 tags),taxonomy-all-pages.zip,10,pillars: mobility-global:pillars/planning-solutions | insightsThoughtLeaderContentType: mobility-global:insights-and-intelligence/insight-and-thought-leader-content-type/analysis-and-reports | insightsThoughtLeaderContentType: mobility-global:insights-and-intelligence/insight-and-thought-leader-content-type/market-news-and-updates | topic: mobility-global:insights-and-intelligence/topic/technology-and-innovation/connected-cars-and-vehicles | topic: mobility-global:insights-and-intelligence/topic/risk-safety-and-compliance/regulations-and-compliance | theme: mobility-global:insights-and-intelligence/topic/industry-benchmarks/automotive-industry-forecast-and-analysis | regulatoryContext: mobility-global:contextual-variables/regulatory-and-operating-context/regulatory-context/data-privacy | industrySector: mobility-global:contextual-variables/segmentation-and-user-context/industry-or-sector/automotive-oems | audienceRole: mobility-global:contextual-variables/segmentation-and-user-context/audience-role/regulatory-risk-and-policy-roles/government-or-policy-maker | contentFormat: mobility-global:system-and-structural-tags/content-formats/written-formats/short-form-article,,
https://www.spglobal.com/automotive-insights/en/blogs/2024/5/briefcase-eu-regulations-to-spark-surge-ev-charging-convenience,Blog or Automotive Insights,/content/mobility-global/en-us/automotive-insights/blogs/2024/5/briefcase-eu-regulations-to-spark-surge-ev-charging-convenience,briefcase-eu-regulations-to-spark-surge-ev-charging-convenience,EXISTING PAGE,Content already in AEM,APPLIED (10 tags),taxonomy-all-pages.zip,10,pillars: mobility-global:pillars/planning-solutions | insightsThoughtLeaderContentType: mobility-global:insights-and-intelligence/insight-and-thought-leader-content-type/analysis-and-reports | insightsThoughtLeaderContentType: mobility-global:insights-and-intelligence/insight-and-thought-leader-content-type/market-news-and-updates | topic: mobility-global:insights-and-intelligence/topic/electrification/ev-charging-infrastructure | topic: mobility-global:insights-and-intelligence/topic/risk-safety-and-compliance/regulations-and-compliance | theme: mobility-global:insights-and-intelligence/theme/electric-vehicles | regulatoryContext: mobility-global:contextual-variables/regulatory-and-operating-context/regulatory-context/policy | industrySector: mobility-global:contextual-variables/segmentation-and-user-context/industry-or-sector/automotive-oems | audienceRole: mobility-global:contextual-variables/segmentation-and-user-context/audience-role/regulatory-risk-and-policy-roles/government-or-policy-maker | contentFormat: mobility-global:system-and-structural-tags/content-formats/written-formats/short-form-article,,
https://www.spglobal.com/automotive-insights/en/blogs/2024/5/briefcase-india-new-electric-vehicle-policy,Blog or Automotive Insights,/content/mobility-global/en-us/automotive-insights/blogs/2024/5/briefcase-india-new-electric-vehicle-policy,briefcase-india-new-electric-vehicle-policy,EXISTING PAGE,Content already in AEM,APPLIED (10 tags),taxonomy-all-pages.zip,10,pillars: mobility-global:pillars/planning-solutions | insightsThoughtLeaderContentType: mobility-global:insights-and-intelligence/insight-and-thought-leader-content-type/analysis-and-reports | insightsThoughtLeaderContentType: mobility-global:insights-and-intelligence/insight-and-thought-leader-content-type/market-news-and-updates | topic: mobility-global:insights-and-intelligence/topic/risk-safety-and-compliance/regulations-and-compliance | theme: mobility-global:insights-and-intelligence/theme/electric-vehicles | regulatoryContext: mobility-global:contextual-variables/regulatory-and-operating-context/regulatory-context/policy | industrySector: mobility-global:contextual-variables/segmentation-and-user-context/industry-or-sector/automotive-oems | audienceRole: mobility-global:contextual-variables/segmentation-and-user-context/audience-role/regulatory-risk-and-policy-roles/government-or-policy-maker | contentFormat: mobility-global:system-and-structural-tags/content-formats/written-formats/short-form-article | marketCountry: mobility-global:contextual-variables/market-context/market-country/india,,
https://www.spglobal.com/automotive-insights/en/blogs/2024/5/briefcase-software-defined-vehicles-identity-crisis-for-auto,Blog or Automotive Insights,/content/mobility-global/en-us/automotive-insights/blogs/2024/5/briefcase-software-defined-vehicles-identity-crisis-for-auto,briefcase-software-defined-vehicles-identity-crisis-for-auto,EXISTING PAGE,Content already in AEM,APPLIED (8 tags),taxonomy-all-pages.zip,8,pillars: mobility-global:pillars/planning-solutions | insightsThoughtLeaderContentType: mobility-global:insights-and-intelligence/insight-and-thought-leader-content-type/analysis-and-reports | insightsThoughtLeaderContentType: mobility-global:insights-and-intelligence/insight-and-thought-leader-content-type/market-news-and-updates | topic: mobility-global:insights-and-intelligence/topic/technology-and-innovation/software-defined-vehicles-sdv | theme: mobility-global:insights-and-intelligence/theme/software-defined-vehicles | industrySector: mobility-global:contextual-variables/segmentation-and-user-context/industry-or-sector/automotive-oems | audienceRole: mobility-global:contextual-variables/segmentation-and-user-context/audience-role/oem-and-supplier-roles/oem-strategist | contentFormat: mobility-global:system-and-structural-tags/content-formats/written-formats/short-form-article,,
https://www.spglobal.com/automotive-insights/en/blogs/2024/5/briefcase-the-game-of-tariffs-ev-battery-imports,Blog or Automotive Insights,/content/mobility-global/en-us/automotive-insights/blogs/2024/5/briefcase-the-game-of-tariffs-ev-battery-imports,briefcase-the-game-of-tariffs-ev-battery-imports,EXISTING PAGE,Content already in AEM,APPLIED (12 tags),taxonomy-all-pages.zip,12,pillars: mobility-global:pillars/planning-solutions | insightsThoughtLeaderContentType: mobility-global:insights-and-intelligence/insight-and-thought-leader-content-type/analysis-and-reports | insightsThoughtLeaderContentType: mobility-global:insights-and-intelligence/insight-and-thought-leader-content-type/market-news-and-updates | topic: mobility-global:insights-and-intelligence/topic/macro-economic-drivers/automotive-tariffs-and-trade-policy | topic: mobility-global:insights-and-intelligence/topic/electrification/ev-battery-technology | theme: mobility-global:insights-and-intelligence/theme/automotive-tariffs | regulatoryContext: mobility-global:contextual-variables/regulatory-and-operating-context/regulatory-context/policy | industrySector: mobility-global:contextual-variables/segmentation-and-user-context/industry-or-sector/automotive-oems | industrySector: mobility-global:contextual-variables/segmentation-and-user-context/industry-or-sector/automotive-suppliers-and-supply-chain | audienceRole: mobility-global:contextual-variables/segmentation-and-user-context/audience-role/oem-and-supplier-roles/oem-strategist ...,,
https://www.spglobal.com/automotive-insights/en/blogs/2024/5/electric-motors-eaxles-growth-trends,Blog or Automotive Insights,/content/mobility-global/en-us/automotive-insights/blogs/2024/5/electric-motors-eaxles-growth-trends,electric-motors-eaxles-growth-trends,EXISTING PAGE,Content already in AEM,APPLIED (10 tags),taxonomy-all-pages.zip,10,pillars: mobility-global:pillars/planning-solutions | insightsThoughtLeaderContentType: mobility-global:insights-and-intelligence/insight-and-thought-leader-content-type/analysis-and-reports | insightsThoughtLeaderContentType: mobility-global:insights-and-intelligence/insight-and-thought-leader-content-type/market-news-and-updates | topic: mobility-global:insights-and-intelligence/topic/supply-chain-and-manufacturing/automotive-parts-and-components | theme: mobility-global:insights-and-intelligence/theme/automotive-supply-chain | industrySector: mobility-global:contextual-variables/segmentation-and-user-context/industry-or-sector/automotive-oems | industrySector: mobility-global:contextual-variables/segmentation-and-user-context/industry-or-sector/automotive-suppliers-and-supply-chain | audienceRole: mobility-global:contextual-variables/segmentation-and-user-context/audience-role/oem-and-supplier-roles/product-planner | audienceRole: mobility-global:contextual-variables/segmentation-and-user-context/audience-role/oem-and-supplier-roles/technical-specialists | contentFormat: mobility-global:system-and-structural-tags/content-formats/written-formats/short-form-article,,
https://www.spglobal.com/automotive-insights/en/blogs/2024/5/fuel-for-thought-average-age-vehicles-2024,Blog or Automotive Insights,/content/mobility-global/en-us/automotive-insights/blogs/2024/5/fuel-for-thought-average-age-vehicles-2024,fuel-for-thought-average-age-vehicles-2024,EXISTING PAGE,Content already in AEM,APPLIED (8 tags),taxonomy-all-pages.zip,8,pillars: mobility-global:pillars/sales-solutions | insightsThoughtLeaderContentType: mobility-global:insights-and-intelligence/insight-and-thought-leader-content-type/analysis-and-reports | insightsThoughtLeaderContentType: mobility-global:insights-and-intelligence/insight-and-thought-leader-content-type/market-news-and-updates | topic: mobility-global:insights-and-intelligence/topic/industry-benchmarks/automotive-industry-forecast-and-analysis | theme: mobility-global:insights-and-intelligence/topic/industry-benchmarks/automotive-industry-forecast-and-analysis | industrySector: mobility-global:contextual-variables/segmentation-and-user-context/industry-or-sector/automotive-aftermarket | audienceRole: mobility-global:contextual-variables/segmentation-and-user-context/audience-role/retail-dealer-aftermarket-roles/aftermarket-provider | contentFormat: mobility-global:system-and-structural-tags/content-formats/written-formats/short-form-article,,
https://www.spglobal.com/automotive-insights/en/blogs/2024/5/global-ev-demand-raises-concerns-about-battery-cell,Blog or Automotive Insights,/content/mobility-global/en-us/automotive-insights/blogs/2024/5/global-ev-demand-raises-concerns-about-battery-cell,global-ev-demand-raises-concerns-about-battery-cell,EXISTING PAGE,Content already in AEM,APPLIED (13 tags),taxonomy-all-pages.zip,13,pillars: mobility-global:pillars/planning-solutions | insightsThoughtLeaderContentType: mobility-global:insights-and-intelligence/insight-and-thought-leader-content-type/analysis-and-reports | insightsThoughtLeaderContentType: mobility-global:insights-and-intelligence/insight-and-thought-leader-content-type/market-news-and-updates | topic: mobility-global:insights-and-intelligence/topic/electrification/ev-battery-technology | topic: mobility-global:insights-and-intelligence/topic/electrification/ev-adoption | topic: mobility-global:insights-and-intelligence/topic/supply-chain-and-manufacturing/automotive-supply-chain-disruption-and-resilience | theme: mobility-global:insights-and-intelligence/theme/electric-vehicles | theme: mobility-global:insights-and-intelligence/topic/electrification/ev-battery-technology | industrySector: mobility-global:contextual-variables/segmentation-and-user-context/industry-or-sector/automotive-oems | industrySector: mobility-global:contextual-variables/segmentation-and-user-context/industry-or-sector/automotive-suppliers-and-supply-chain ...,,
https://www.spglobal.com/automotive-insights/en/blogs/2024/5/may-2024-automotive-sales-united-states,Blog or Automotive Insights,/content/mobility-global/en-us/automotive-insights/blogs/2024/5/may-2024-automotive-sales-united-states,may-2024-automotive-sales-united-states,EXISTING PAGE,Content already in AEM,APPLIED (11 tags),taxonomy-all-pages.zip,11,pillars: mobility-global:pillars/planning-solutions | insightsThoughtLeaderContentType: mobility-global:insights-and-intelligence/insight-and-thought-leader-content-type/data-and-forecasts | insightsThoughtLeaderContentType: mobility-global:insights-and-intelligence/insight-and-thought-leader-content-type/market-news-and-updates | topic: mobility-global:insights-and-intelligence/topic/industry-benchmarks/automotive-industry-forecast-and-analysis | theme: mobility-global:insights-and-intelligence/topic/industry-benchmarks/automotive-industry-forecast-and-analysis | industrySector: mobility-global:contextual-variables/segmentation-and-user-context/industry-or-sector/automotive-oems | audienceRole: mobility-global:contextual-variables/segmentation-and-user-context/audience-role/marketing-and-commercial-roles/market-analyst | contentFormat: mobility-global:system-and-structural-tags/content-formats/written-formats/short-form-article | marketSalesRegion: mobility-global:contextual-variables/market-context/market-sales-region/north-america | marketRegion: mobility-global:contextual-variables/market-context/market-sales-region/north-america ...,,
https://www.spglobal.com/automotive-insights/en/blogs/2024/6/9-highlights-survey-autonomous-vehicles,Blog or Automotive Insights,/content/mobility-global/en-us/automotive-insights/blogs/2024/6/9-highlights-survey-autonomous-vehicles,9-highlights-survey-autonomous-vehicles,EXISTING PAGE,Content already in AEM,APPLIED (7 tags),taxonomy-all-pages.zip,7,pillars: mobility-global:pillars/planning-solutions | insightsThoughtLeaderContentType: mobility-global:insights-and-intelligence/insight-and-thought-leader-content-type/analysis-and-reports | topic: mobility-global:insights-and-intelligence/topic/technology-and-innovation/autonomous-vehicles-and-adas | theme: mobility-global:insights-and-intelligence/theme/future-of-mobility | industrySector: mobility-global:contextual-variables/segmentation-and-user-context/industry-or-sector/automotive-oems | audienceRole: mobility-global:contextual-variables/segmentation-and-user-context/audience-role/oem-and-supplier-roles/product-planner | contentFormat: mobility-global:system-and-structural-tags/content-formats/written-formats/short-form-article,,
https://www.spglobal.com/automotive-insights/en/blogs/2024/6/automotive-insights-q1-2024-canadian-ev-information-and-analys,Blog or Automotive Insights,/content/mobility-global/en-us/automotive-insights/blogs/2024/6/automotive-insights-q1-2024-canadian-ev-information-and-analys,automotive-insights-q1-2024-canadian-ev-information-and-analys,EXISTING PAGE,Content already in AEM,APPLIED (11 tags),taxonomy-all-pages.zip,11,pillars: mobility-global:pillars/planning-solutions | insightsThoughtLeaderContentType: mobility-global:insights-and-intelligence/insight-and-thought-leader-content-type/analysis-and-reports | topic: mobility-global:insights-and-intelligence/topic/electrification/ev-adoption | topic: mobility-global:insights-and-intelligence/topic/market-themes-or-analytical-topics/market-segmentation-insights | theme: mobility-global:insights-and-intelligence/theme/electric-vehicles | industrySector: mobility-global:contextual-variables/segmentation-and-user-context/industry-or-sector/automotive-oems | audienceRole: mobility-global:contextual-variables/segmentation-and-user-context/audience-role/marketing-and-commercial-roles/market-analyst | contentFormat: mobility-global:system-and-structural-tags/content-formats/written-formats/short-form-article | marketSalesRegion: mobility-global:contextual-variables/market-context/market-sales-region/north-america | marketRegion: mobility-global:contextual-variables/market-context/market-sales-region/north-america ...,,
https://www.spglobal.com/automotive-insights/en/blogs/2024/6/briefcase-automotive-semiconductor-industry-positive-outlook,Blog or Automotive Insights,/content/mobility-global/en-us/automotive-insights/blogs/2024/6/briefcase-automotive-semiconductor-industry-positive-outlook,briefcase-automotive-semiconductor-industry-positive-outlook,EXISTING PAGE,Content already in AEM,APPLIED (11 tags),taxonomy-all-pages.zip,11,pillars: mobility-global:pillars/planning-solutions | insightsThoughtLeaderContentType: mobility-global:insights-and-intelligence/insight-and-thought-leader-content-type/analysis-and-reports | insightsThoughtLeaderContentType: mobility-global:insights-and-intelligence/insight-and-thought-leader-content-type/market-news-and-updates | topic: mobility-global:insights-and-intelligence/topic/technology-and-innovation/automotive-semiconductors | theme: mobility-global:insights-and-intelligence/theme/automotive-supply-chain | theme: mobility-global:insights-and-intelligence/theme/supply-chain-resilience | industrySector: mobility-global:contextual-variables/segmentation-and-user-context/industry-or-sector/automotive-suppliers-and-supply-chain | industrySector: mobility-global:contextual-variables/segmentation-and-user-context/industry-or-sector/automotive-oems | audienceRole: mobility-global:contextual-variables/segmentation-and-user-context/audience-role/oem-and-supplier-roles/supply-chain-analyst | audienceRole: mobility-global:contextual-variables/segmentation-and-user-context/audience-role/oem-and-supplier-roles/procurement ...,,
https://www.spglobal.com/automotive-insights/en/blogs/2024/6/briefcase-chinese-suppliers-gain-strong-foothold-lidar-market,Blog or Automotive Insights,/content/mobility-global/en-us/automotive-insights/blogs/2024/6/briefcase-chinese-suppliers-gain-strong-foothold-lidar-market,briefcase-chinese-suppliers-gain-strong-foothold-lidar-market,EXISTING PAGE,Content already in AEM,APPLIED (15 tags),taxonomy-all-pages.zip,15,pillars: mobility-global:pillars/planning-solutions | insightsThoughtLeaderContentType: mobility-global:insights-and-intelligence/insight-and-thought-leader-content-type/analysis-and-reports | insightsThoughtLeaderContentType: mobility-global:insights-and-intelligence/insight-and-thought-leader-content-type/market-news-and-updates | topic: mobility-global:insights-and-intelligence/topic/technology-and-innovation/autonomous-vehicles-and-adas | topic: mobility-global:insights-and-intelligence/topic/supply-chain-and-manufacturing/automotive-parts-and-components | topic: mobility-global:insights-and-intelligence/topic/market-themes-or-analytical-topics/competitive-landscape | theme: mobility-global:insights-and-intelligence/theme/automotive-supply-chain | industrySector: mobility-global:contextual-variables/segmentation-and-user-context/industry-or-sector/automotive-suppliers-and-supply-chain | industrySector: mobility-global:contextual-variables/segmentation-and-user-context/industry-or-sector/automotive-oems | audienceRole: mobility-global:contextual-variables/segmentation-and-user-context/audience-role/oem-and-supplier-roles/supply-chain-analyst ...,,
https://www.spglobal.com/automotive-insights/en/blogs/2024/6/briefcase-ev-manufacturing-in-thailand-chinese-automakers,Blog or Automotive Insights,/content/mobility-global/en-us/automotive-insights/blogs/2024/6/briefcase-ev-manufacturing-in-thailand-chinese-automakers,briefcase-ev-manufacturing-in-thailand-chinese-automakers,EXISTING PAGE,Content already in AEM,APPLIED (11 tags),taxonomy-all-pages.zip,11,pillars: mobility-global:pillars/planning-solutions | insightsThoughtLeaderContentType: mobility-global:insights-and-intelligence/insight-and-thought-leader-content-type/analysis-and-reports | insightsThoughtLeaderContentType: mobility-global:insights-and-intelligence/insight-and-thought-leader-content-type/market-news-and-updates | topic: mobility-global:insights-and-intelligence/topic/market-themes-or-analytical-topics/global-automotive-markets | topic: mobility-global:insights-and-intelligence/topic/industry-benchmarks/vehicle-production-forecasts | theme: mobility-global:insights-and-intelligence/theme/electric-vehicles | theme: mobility-global:insights-and-intelligence/topic/industry-benchmarks/automotive-industry-forecast-and-analysis | industrySector: mobility-global:contextual-variables/segmentation-and-user-context/industry-or-sector/automotive-oems | audienceRole: mobility-global:contextual-variables/segmentation-and-user-context/audience-role/oem-and-supplier-roles/oem-strategist | audienceRole: mobility-global:contextual-variables/segmentation-and-user-context/audience-role/marketing-and-commercial-roles/market-analyst ...,,
https://www.spglobal.com/automotive-insights/en/blogs/2024/6/connectivity-and-ota-updates,Blog or Automotive Insights,/content/mobility-global/en-us/automotive-insights/blogs/2024/6/connectivity-and-ota-updates,connectivity-and-ota-updates,EXISTING PAGE,Content already in AEM,APPLIED (10 tags),taxonomy-all-pages.zip,10,pillars: mobility-global:pillars/planning-solutions | insightsThoughtLeaderContentType: mobility-global:insights-and-intelligence/insight-and-thought-leader-content-type/analysis-and-reports | insightsThoughtLeaderContentType: mobility-global:insights-and-intelligence/insight-and-thought-leader-content-type/market-news-and-updates | topic: mobility-global:insights-and-intelligence/topic/technology-and-innovation/connected-cars-and-vehicles | topic: mobility-global:insights-and-intelligence/topic/technology-and-innovation/software-defined-vehicles-sdv | theme: mobility-global:insights-and-intelligence/theme/software-defined-vehicles | industrySector: mobility-global:contextual-variables/segmentation-and-user-context/industry-or-sector/automotive-oems | audienceRole: mobility-global:contextual-variables/segmentation-and-user-context/audience-role/oem-and-supplier-roles/product-planner | audienceRole: mobility-global:contextual-variables/segmentation-and-user-context/audience-role/oem-and-supplier-roles/technical-specialists | contentFormat: mobility-global:system-and-structural-tags/content-formats/written-formats/short-form-article,,
https://www.spglobal.com/automotive-insights/en/blogs/2024/6/demographic-marketing-automotive-industry,Blog or Automotive Insights,/content/mobility-global/en-us/automotive-insights/blogs/2024/6/demographic-marketing-automotive-industry,demographic-marketing-automotive-industry,EXISTING PAGE,Content already in AEM,APPLIED (8 tags),taxonomy-all-pages.zip,8,pillars: mobility-global:pillars/sales-solutions | insightsThoughtLeaderContentType: mobility-global:insights-and-intelligence/insight-and-thought-leader-content-type/analysis-and-reports | topic: mobility-global:insights-and-intelligence/topic/market-themes-or-analytical-topics/demographic-trends | topic: mobility-global:insights-and-intelligence/topic/market-themes-or-analytical-topics/consumer-behavior-insights | theme: mobility-global:insights-and-intelligence/theme/automotive-consumer-trends | industrySector: mobility-global:contextual-variables/segmentation-and-user-context/industry-or-sector/automotive-oems | audienceRole: mobility-global:contextual-variables/segmentation-and-user-context/audience-role/marketing-and-commercial-roles/marketing-and-media-agencies | contentFormat: mobility-global:system-and-structural-tags/content-formats/written-formats/short-form-article,,
https://www.spglobal.com/automotive-insights/en/blogs/2024/6/electric-vehicle-growth-canada-usa,Blog or Automotive Insights,/content/mobility-global/en-us/automotive-insights/blogs/2024/6/electric-vehicle-growth-canada-usa,electric-vehicle-growth-canada-usa,EXISTING PAGE,Content already in AEM,APPLIED (9 tags),taxonomy-all-pages.zip,9,pillars: mobility-global:pillars/planning-solutions | insightsThoughtLeaderContentType: mobility-global:insights-and-intelligence/insight-and-thought-leader-content-type/analysis-and-reports | insightsThoughtLeaderContentType: mobility-global:insights-and-intelligence/insight-and-thought-leader-content-type/market-news-and-updates | topic: mobility-global:insights-and-intelligence/topic/electrification/ev-adoption | topic: mobility-global:insights-and-intelligence/topic/market-themes-or-analytical-topics/market-segmentation-insights | theme: mobility-global:insights-and-intelligence/theme/electric-vehicles | industrySector: mobility-global:contextual-variables/segmentation-and-user-context/industry-or-sector/automotive-oems | audienceRole: mobility-global:contextual-variables/segmentation-and-user-context/audience-role/marketing-and-commercial-roles/market-analyst | contentFormat: mobility-global:system-and-structural-tags/content-formats/written-formats/short-form-article,,
https://www.spglobal.com/automotive-insights/en/blogs/2024/6/powertrain-and-investments-propel-americas-electrification,Blog or Automotive Insights,/content/mobility-global/en-us/automotive-insights/blogs/2024/6/powertrain-and-investments-propel-americas-electrification,powertrain-and-investments-propel-americas-electrification,EXISTING PAGE,Content already in AEM,APPLIED (8 tags),taxonomy-all-pages.zip,8,pillars: mobility-global:pillars/planning-solutions | insightsThoughtLeaderContentType: mobility-global:insights-and-intelligence/insight-and-thought-leader-content-type/analysis-and-reports | insightsThoughtLeaderContentType: mobility-global:insights-and-intelligence/insight-and-thought-leader-content-type/market-news-and-updates | theme: mobility-global:insights-and-intelligence/topic/industry-benchmarks/automotive-industry-forecast-and-analysis | industrySector: mobility-global:contextual-variables/segmentation-and-user-context/industry-or-sector/automotive-oems | audienceRole: mobility-global:contextual-variables/segmentation-and-user-context/audience-role/oem-and-supplier-roles/product-planner | audienceRole: mobility-global:contextual-variables/segmentation-and-user-context/audience-role/oem-and-supplier-roles/oem-strategist | contentFormat: mobility-global:system-and-structural-tags/content-formats/written-formats/short-form-article,,
https://www.spglobal.com/automotive-insights/en/blogs/2024/6/surprising-trends-us-electric-vehicle-market,Blog or Automotive Insights,/content/mobility-global/en-us/automotive-insights/blogs/2024/6/surprising-trends-us-electric-vehicle-market,surprising-trends-us-electric-vehicle-market,EXISTING PAGE,Content already in AEM,APPLIED (12 tags),taxonomy-all-pages.zip,12,pillars: mobility-global:pillars/planning-solutions | insightsThoughtLeaderContentType: mobility-global:insights-and-intelligence/insight-and-thought-leader-content-type/analysis-and-reports | insightsThoughtLeaderContentType: mobility-global:insights-and-intelligence/insight-and-thought-leader-content-type/market-news-and-updates | topic: mobility-global:insights-and-intelligence/topic/electrification/ev-adoption | topic: mobility-global:insights-and-intelligence/topic/market-themes-or-analytical-topics/market-segmentation-insights | theme: mobility-global:insights-and-intelligence/theme/electric-vehicles | industrySector: mobility-global:contextual-variables/segmentation-and-user-context/industry-or-sector/automotive-oems | audienceRole: mobility-global:contextual-variables/segmentation-and-user-context/audience-role/marketing-and-commercial-roles/market-analyst | contentFormat: mobility-global:system-and-structural-tags/content-formats/written-formats/short-form-article | marketSalesRegion: mobility-global:contextual-variables/market-context/market-sales-region/north-america ...,,
https://www.spglobal.com/automotive-insights/en/blogs/2024/6/us-auto-sales-june-2024,Blog or Automotive Insights,/content/mobility-global/en-us/automotive-insights/blogs/2024/6/us-auto-sales-june-2024,us-auto-sales-june-2024,EXISTING PAGE,Content already in AEM,APPLIED (11 tags),taxonomy-all-pages.zip,11,pillars: mobility-global:pillars/planning-solutions | insightsThoughtLeaderContentType: mobility-global:insights-and-intelligence/insight-and-thought-leader-content-type/data-and-forecasts | insightsThoughtLeaderContentType: mobility-global:insights-and-intelligence/insight-and-thought-leader-content-type/market-news-and-updates | topic: mobility-global:insights-and-intelligence/topic/industry-benchmarks/automotive-industry-forecast-and-analysis | theme: mobility-global:insights-and-intelligence/topic/industry-benchmarks/automotive-industry-forecast-and-analysis | industrySector: mobility-global:contextual-variables/segmentation-and-user-context/industry-or-sector/automotive-oems | audienceRole: mobility-global:contextual-variables/segmentation-and-user-context/audience-role/marketing-and-commercial-roles/market-analyst | contentFormat: mobility-global:system-and-structural-tags/content-formats/written-formats/short-form-article | marketSalesRegion: mobility-global:contextual-variables/market-context/market-sales-region/north-america | marketRegion: mobility-global:contextual-variables/market-context/market-sales-region/north-america ...,,
https://www.spglobal.com/automotive-insights/en/blogs/2024/7/a-breakdown-on-europe-chinese-ev-tariffs,Blog or Automotive Insights,/content/mobility-global/en-us/automotive-insights/blogs/2024/7/a-breakdown-on-europe-chinese-ev-tariffs,a-breakdown-on-europe-chinese-ev-tariffs,EXISTING PAGE,Content already in AEM,APPLIED (12 tags),taxonomy-all-pages.zip,12,pillars: mobility-global:pillars/planning-solutions | insightsThoughtLeaderContentType: mobility-global:insights-and-intelligence/insight-and-thought-leader-content-type/analysis-and-reports | insightsThoughtLeaderContentType: mobility-global:insights-and-intelligence/insight-and-thought-leader-content-type/market-news-and-updates | topic: mobility-global:insights-and-intelligence/topic/macro-economic-drivers/automotive-tariffs-and-trade-policy | theme: mobility-global:insights-and-intelligence/theme/automotive-tariffs | theme: mobility-global:insights-and-intelligence/theme/electric-vehicles | regulatoryContext: mobility-global:contextual-variables/regulatory-and-operating-context/regulatory-context/policy | industrySector: mobility-global:contextual-variables/segmentation-and-user-context/industry-or-sector/automotive-oems | audienceRole: mobility-global:contextual-variables/segmentation-and-user-context/audience-role/oem-and-supplier-roles/oem-strategist | audienceRole: mobility-global:contextual-variables/segmentation-and-user-context/audience-role/regulatory-risk-and-policy-roles/government-or-policy-maker ...,,
https://www.spglobal.com/automotive-insights/en/blogs/2024/7/auto-industry-responds-to-eu-tariffs-on-china-evs,Blog or Automotive Insights,/content/mobility-global/en-us/automotive-insights/blogs/2024/7/auto-industry-responds-to-eu-tariffs-on-china-evs,auto-industry-responds-to-eu-tariffs-on-china-evs,EXISTING PAGE,Content already in AEM,APPLIED (12 tags),taxonomy-all-pages.zip,12,pillars: mobility-global:pillars/planning-solutions | insightsThoughtLeaderContentType: mobility-global:insights-and-intelligence/insight-and-thought-leader-content-type/analysis-and-reports | insightsThoughtLeaderContentType: mobility-global:insights-and-intelligence/insight-and-thought-leader-content-type/market-news-and-updates | topic: mobility-global:insights-and-intelligence/topic/macro-economic-drivers/automotive-tariffs-and-trade-policy | theme: mobility-global:insights-and-intelligence/theme/automotive-tariffs | theme: mobility-global:insights-and-intelligence/theme/electric-vehicles | regulatoryContext: mobility-global:contextual-variables/regulatory-and-operating-context/regulatory-context/policy | industrySector: mobility-global:contextual-variables/segmentation-and-user-context/industry-or-sector/automotive-oems | audienceRole: mobility-global:contextual-variables/segmentation-and-user-context/audience-role/oem-and-supplier-roles/oem-strategist | audienceRole: mobility-global:contextual-variables/segmentation-and-user-context/audience-role/regulatory-risk-and-policy-roles/government-or-policy-maker ...,,
https://www.spglobal.com/automotive-insights/en/blogs/2024/7/briefcase-how-rivian-deal-propels-volkswagen-forward-sdv-race,Blog or Automotive Insights,/content/mobility-global/en-us/automotive-insights/blogs/2024/7/briefcase-how-rivian-deal-propels-volkswagen-forward-sdv-race,briefcase-how-rivian-deal-propels-volkswagen-forward-sdv-race,EXISTING PAGE,Content already in AEM,APPLIED (11 tags),taxonomy-all-pages.zip,11,pillars: mobility-global:pillars/planning-solutions | insightsThoughtLeaderContentType: mobility-global:insights-and-intelligence/insight-and-thought-leader-content-type/analysis-and-reports | insightsThoughtLeaderContentType: mobility-global:insights-and-intelligence/insight-and-thought-leader-content-type/market-news-and-updates | topic: mobility-global:insights-and-intelligence/topic/technology-and-innovation/software-defined-vehicles-sdv | topic: mobility-global:insights-and-intelligence/topic/market-themes-or-analytical-topics/competitive-landscape | topic: mobility-global:insights-and-intelligence/theme/software-defined-vehicles | theme: mobility-global:insights-and-intelligence/theme/software-defined-vehicles | industrySector: mobility-global:contextual-variables/segmentation-and-user-context/industry-or-sector/automotive-oems | audienceRole: mobility-global:contextual-variables/segmentation-and-user-context/audience-role/oem-and-supplier-roles/oem-strategist | audienceRole: mobility-global:contextual-variables/segmentation-and-user-context/audience-role/oem-and-supplier-roles/competitive-intelligence ...,,
https://www.spglobal.com/automotive-insights/en/blogs/2024/7/briefcase-oems-battery-sourcing-conundrum,Blog or Automotive Insights,/content/mobility-global/en-us/automotive-insights/blogs/2024/7/briefcase-oems-battery-sourcing-conundrum,briefcase-oems-battery-sourcing-conundrum,EXISTING PAGE,Content already in AEM,APPLIED (11 tags),taxonomy-all-pages.zip,11,pillars: mobility-global:pillars/planning-solutions | insightsThoughtLeaderContentType: mobility-global:insights-and-intelligence/insight-and-thought-leader-content-type/analysis-and-reports | insightsThoughtLeaderContentType: mobility-global:insights-and-intelligence/insight-and-thought-leader-content-type/market-news-and-updates | topic: mobility-global:insights-and-intelligence/topic/electrification/ev-battery-technology | topic: mobility-global:insights-and-intelligence/topic/supply-chain-and-manufacturing/automotive-supply-chain-risk-management | theme: mobility-global:insights-and-intelligence/topic/electrification/ev-battery-technology | theme: mobility-global:insights-and-intelligence/theme/automotive-supply-chain | industrySector: mobility-global:contextual-variables/segmentation-and-user-context/industry-or-sector/automotive-oems | audienceRole: mobility-global:contextual-variables/segmentation-and-user-context/audience-role/oem-and-supplier-roles/procurement | audienceRole: mobility-global:contextual-variables/segmentation-and-user-context/audience-role/oem-and-supplier-roles/supply-chain-analyst ...,,
https://www.spglobal.com/automotive-insights/en/blogs/2024/7/fuel-for-thought-ev-battery-energy-demand-forecast,Blog or Automotive Insights,/content/mobility-global/en-us/automotive-insights/blogs/2024/7/fuel-for-thought-ev-battery-energy-demand-forecast,fuel-for-thought-ev-battery-energy-demand-forecast,EXISTING PAGE,Content already in AEM,APPLIED (11 tags),taxonomy-all-pages.zip,11,pillars: mobility-global:pillars/planning-solutions | insightsThoughtLeaderContentType: mobility-global:insights-and-intelligence/insight-and-thought-leader-content-type/data-and-forecasts | insightsThoughtLeaderContentType: mobility-global:insights-and-intelligence/insight-and-thought-leader-content-type/analysis-and-reports | topic: mobility-global:insights-and-intelligence/topic/electrification/ev-battery-technology | theme: mobility-global:insights-and-intelligence/topic/industry-benchmarks/automotive-industry-forecast-and-analysis | theme: mobility-global:insights-and-intelligence/topic/electrification/ev-battery-technology | industrySector: mobility-global:contextual-variables/segmentation-and-user-context/industry-or-sector/automotive-oems | industrySector: mobility-global:contextual-variables/segmentation-and-user-context/industry-or-sector/automotive-suppliers-and-supply-chain | audienceRole: mobility-global:contextual-variables/segmentation-and-user-context/audience-role/oem-and-supplier-roles/product-planner | audienceRole: mobility-global:contextual-variables/segmentation-and-user-context/audience-role/oem-and-supplier-roles/supply-chain-analyst ...,,
https://www.spglobal.com/automotive-insights/en/blogs/2024/7/july-light-vehicle-production-forecast,Blog or Automotive Insights,/content/mobility-global/en-us/automotive-insights/blogs/2024/7/july-light-vehicle-production-forecast,july-light-vehicle-production-forecast,EXISTING PAGE,Content already in AEM,APPLIED (8 tags),taxonomy-all-pages.zip,8,pillars: mobility-global:pillars/planning-solutions | insightsThoughtLeaderContentType: mobility-global:insights-and-intelligence/insight-and-thought-leader-content-type/data-and-forecasts | insightsThoughtLeaderContentType: mobility-global:insights-and-intelligence/insight-and-thought-leader-content-type/market-news-and-updates | topic: mobility-global:insights-and-intelligence/topic/industry-benchmarks/vehicle-production-forecasts | theme: mobility-global:insights-and-intelligence/topic/industry-benchmarks/automotive-industry-forecast-and-analysis | industrySector: mobility-global:contextual-variables/segmentation-and-user-context/industry-or-sector/automotive-oems | audienceRole: mobility-global:contextual-variables/segmentation-and-user-context/audience-role/marketing-and-commercial-roles/market-analyst | contentFormat: mobility-global:system-and-structural-tags/content-formats/written-formats/short-form-article,,
https://www.spglobal.com/automotive-insights/en/blogs/2024/7/july-us-auto-sales-to-realize-bounce-from-june-impacts,Blog or Automotive Insights,/content/mobility-global/en-us/automotive-insights/blogs/2024/7/july-us-auto-sales-to-realize-bounce-from-june-impacts,july-us-auto-sales-to-realize-bounce-from-june-impacts,EXISTING PAGE,Content already in AEM,APPLIED (11 tags),taxonomy-all-pages.zip,11,pillars: mobility-global:pillars/planning-solutions | insightsThoughtLeaderContentType: mobility-global:insights-and-intelligence/insight-and-thought-leader-content-type/data-and-forecasts | insightsThoughtLeaderContentType: mobility-global:insights-and-intelligence/insight-and-thought-leader-content-type/market-news-and-updates | topic: mobility-global:insights-and-intelligence/topic/industry-benchmarks/automotive-industry-forecast-and-analysis | theme: mobility-global:insights-and-intelligence/topic/industry-benchmarks/automotive-industry-forecast-and-analysis | industrySector: mobility-global:contextual-variables/segmentation-and-user-context/industry-or-sector/automotive-oems | audienceRole: mobility-global:contextual-variables/segmentation-and-user-context/audience-role/marketing-and-commercial-roles/market-analyst | contentFormat: mobility-global:system-and-structural-tags/content-formats/written-formats/short-form-article | marketSalesRegion: mobility-global:contextual-variables/market-context/market-sales-region/north-america | marketRegion: mobility-global:contextual-variables/market-context/market-sales-region/north-america ...,,
https://www.spglobal.com/automotive-insights/en/blogs/2024/7/toyota-tundra-represents-growing-competition-in-pickup-segment,Blog or Automotive Insights,/content/mobility-global/en-us/automotive-insights/blogs/2024/7/toyota-tundra-represents-growing-competition-in-pickup-segment,toyota-tundra-represents-growing-competition-in-pickup-segment,EXISTING PAGE,Content already in AEM,APPLIED (10 tags),taxonomy-all-pages.zip,10,pillars: mobility-global:pillars/planning-solutions | insightsThoughtLeaderContentType: mobility-global:insights-and-intelligence/insight-and-thought-leader-content-type/analysis-and-reports | insightsThoughtLeaderContentType: mobility-global:insights-and-intelligence/insight-and-thought-leader-content-type/market-news-and-updates | topic: mobility-global:insights-and-intelligence/topic/market-themes-or-analytical-topics/competitive-landscape | topic: mobility-global:insights-and-intelligence/topic/market-themes-or-analytical-topics/market-segmentation-insights | theme: mobility-global:insights-and-intelligence/topic/industry-benchmarks/automotive-industry-forecast-and-analysis | industrySector: mobility-global:contextual-variables/segmentation-and-user-context/industry-or-sector/automotive-oems | audienceRole: mobility-global:contextual-variables/segmentation-and-user-context/audience-role/oem-and-supplier-roles/competitive-intelligence | audienceRole: mobility-global:contextual-variables/segmentation-and-user-context/audience-role/marketing-and-commercial-roles/market-analyst | contentFormat: mobility-global:system-and-structural-tags/content-formats/written-formats/short-form-article,,
https://www.spglobal.com/automotive-insights/en/blogs/2024/8/august-2024-auto-sales-united-states,Blog or Automotive Insights,/content/mobility-global/en-us/automotive-insights/blogs/2024/8/august-2024-auto-sales-united-states,august-2024-auto-sales-united-states,EXISTING PAGE,Content already in AEM,APPLIED (11 tags),taxonomy-all-pages.zip,11,pillars: mobility-global:pillars/planning-solutions | insightsThoughtLeaderContentType: mobility-global:insights-and-intelligence/insight-and-thought-leader-content-type/data-and-forecasts | insightsThoughtLeaderContentType: mobility-global:insights-and-intelligence/insight-and-thought-leader-content-type/market-news-and-updates | topic: mobility-global:insights-and-intelligence/topic/industry-benchmarks/automotive-industry-forecast-and-analysis | theme: mobility-global:insights-and-intelligence/topic/industry-benchmarks/automotive-industry-forecast-and-analysis | industrySector: mobility-global:contextual-variables/segmentation-and-user-context/industry-or-sector/automotive-oems | audienceRole: mobility-global:contextual-variables/segmentation-and-user-context/audience-role/marketing-and-commercial-roles/market-analyst | contentFormat: mobility-global:system-and-structural-tags/content-formats/written-formats/short-form-article | marketSalesRegion: mobility-global:contextual-variables/market-context/market-sales-region/north-america | marketRegion: mobility-global:contextual-variables/market-context/market-sales-region/north-america ...,,
https://www.spglobal.com/automotive-insights/en/blogs/2024/8/automakers-struggle-to-sustain-profit-margins,Blog or Automotive Insights,/content/mobility-global/en-us/automotive-insights/blogs/2024/8/automakers-struggle-to-sustain-profit-margins,automakers-struggle-to-sustain-profit-margins,EXISTING PAGE,Content already in AEM,APPLIED (8 tags),taxonomy-all-pages.zip,8,pillars: mobility-global:pillars/planning-solutions | insightsThoughtLeaderContentType: mobility-global:insights-and-intelligence/insight-and-thought-leader-content-type/analysis-and-reports | insightsThoughtLeaderContentType: mobility-global:insights-and-intelligence/insight-and-thought-leader-content-type/market-news-and-updates | topic: mobility-global:insights-and-intelligence/topic/market-themes-or-analytical-topics/market-volatility-trends | theme: mobility-global:insights-and-intelligence/topic/industry-benchmarks/automotive-industry-forecast-and-analysis | industrySector: mobility-global:contextual-variables/segmentation-and-user-context/industry-or-sector/automotive-oems | audienceRole: mobility-global:contextual-variables/segmentation-and-user-context/audience-role/oem-and-supplier-roles/oem-strategist | contentFormat: mobility-global:system-and-structural-tags/content-formats/written-formats/short-form-article,,
https://www.spglobal.com/automotive-insights/en/blogs/2024/8/automotive-loyalty-hybrid-electric-vehicle-buyers,Blog or Automotive Insights,/content/mobility-global/en-us/automotive-insights/blogs/2024/8/automotive-loyalty-hybrid-electric-vehicle-buyers,automotive-loyalty-hybrid-electric-vehicle-buyers,EXISTING PAGE,Content already in AEM,APPLIED (8 tags),taxonomy-all-pages.zip,8,pillars: mobility-global:pillars/sales-solutions | productFamily: mobility-global:products-and-platforms/product-families/loyalty | insightsThoughtLeaderContentType: mobility-global:insights-and-intelligence/insight-and-thought-leader-content-type/analysis-and-reports | topic: mobility-global:insights-and-intelligence/topic/market-themes-or-analytical-topics/automotive-consumer-demand | theme: mobility-global:insights-and-intelligence/theme/automotive-consumer-trends | industrySector: mobility-global:contextual-variables/segmentation-and-user-context/industry-or-sector/automotive-oems | audienceRole: mobility-global:contextual-variables/segmentation-and-user-context/audience-role/marketing-and-commercial-roles/market-analyst | contentFormat: mobility-global:system-and-structural-tags/content-formats/written-formats/short-form-article,,
https://www.spglobal.com/automotive-insights/en/blogs/2024/8/briefcase-another-semiconductor-shortage-may-be-coming,Blog or Automotive Insights,/content/mobility-global/en-us/automotive-insights/blogs/2024/8/briefcase-another-semiconductor-shortage-may-be-coming,briefcase-another-semiconductor-shortage-may-be-coming,EXISTING PAGE,Content already in AEM,APPLIED (11 tags),taxonomy-all-pages.zip,11,pillars: mobility-global:pillars/planning-solutions | insightsThoughtLeaderContentType: mobility-global:insights-and-intelligence/insight-and-thought-leader-content-type/analysis-and-reports | insightsThoughtLeaderContentType: mobility-global:insights-and-intelligence/insight-and-thought-leader-content-type/market-news-and-updates | topic: mobility-global:insights-and-intelligence/topic/technology-and-innovation/automotive-semiconductors | topic: mobility-global:insights-and-intelligence/topic/supply-chain-and-manufacturing/automotive-supply-chain-disruption-and-resilience | theme: mobility-global:insights-and-intelligence/theme/automotive-supply-chain | industrySector: mobility-global:contextual-variables/segmentation-and-user-context/industry-or-sector/automotive-suppliers-and-supply-chain | industrySector: mobility-global:contextual-variables/segmentation-and-user-context/industry-or-sector/automotive-oems | audienceRole: mobility-global:contextual-variables/segmentation-and-user-context/audience-role/oem-and-supplier-roles/supply-chain-analyst | audienceRole: mobility-global:contextual-variables/segmentation-and-user-context/audience-role/oem-and-supplier-roles/procurement ...,,
https://www.spglobal.com/automotive-insights/en/blogs/2024/8/briefcase-ev-software-challenges-lessons-from-volvo-and-volksw,Blog or Automotive Insights,/content/mobility-global/en-us/automotive-insights/blogs/2024/8/briefcase-ev-software-challenges-lessons-from-volvo-and-volksw,briefcase-ev-software-challenges-lessons-from-volvo-and-volksw,EXISTING PAGE,Content already in AEM,APPLIED (9 tags),taxonomy-all-pages.zip,9,pillars: mobility-global:pillars/planning-solutions | insightsThoughtLeaderContentType: mobility-global:insights-and-intelligence/insight-and-thought-leader-content-type/analysis-and-reports | insightsThoughtLeaderContentType: mobility-global:insights-and-intelligence/insight-and-thought-leader-content-type/market-news-and-updates | topic: mobility-global:insights-and-intelligence/topic/technology-and-innovation/software-defined-vehicles-sdv | theme: mobility-global:insights-and-intelligence/theme/software-defined-vehicles | industrySector: mobility-global:contextual-variables/segmentation-and-user-context/industry-or-sector/automotive-oems | audienceRole: mobility-global:contextual-variables/segmentation-and-user-context/audience-role/oem-and-supplier-roles/oem-strategist | audienceRole: mobility-global:contextual-variables/segmentation-and-user-context/audience-role/oem-and-supplier-roles/technical-specialists | contentFormat: mobility-global:system-and-structural-tags/content-formats/written-formats/short-form-article,,
https://www.spglobal.com/automotive-insights/en/blogs/2024/8/briefcase-south-korean-companies-eye-low-cost-lfp-battery-mkt,Blog or Automotive Insights,/content/mobility-global/en-us/automotive-insights/blogs/2024/8/briefcase-south-korean-companies-eye-low-cost-lfp-battery-mkt,briefcase-south-korean-companies-eye-low-cost-lfp-battery-mkt,EXISTING PAGE,Content already in AEM,APPLIED (14 tags),taxonomy-all-pages.zip,14,pillars: mobility-global:pillars/planning-solutions | insightsThoughtLeaderContentType: mobility-global:insights-and-intelligence/insight-and-thought-leader-content-type/analysis-and-reports | insightsThoughtLeaderContentType: mobility-global:insights-and-intelligence/insight-and-thought-leader-content-type/market-news-and-updates | topic: mobility-global:insights-and-intelligence/topic/electrification/ev-battery-technology | topic: mobility-global:insights-and-intelligence/topic/market-themes-or-analytical-topics/competitive-landscape | theme: mobility-global:insights-and-intelligence/topic/electrification/ev-battery-technology | industrySector: mobility-global:contextual-variables/segmentation-and-user-context/industry-or-sector/automotive-suppliers-and-supply-chain | industrySector: mobility-global:contextual-variables/segmentation-and-user-context/industry-or-sector/automotive-oems | audienceRole: mobility-global:contextual-variables/segmentation-and-user-context/audience-role/oem-and-supplier-roles/business-development | audienceRole: mobility-global:contextual-variables/segmentation-and-user-context/audience-role/oem-and-supplier-roles/supply-chain-analyst ...,,
https://www.spglobal.com/automotive-insights/en/blogs/2024/8/briefcase-steering-into-the-future-telematics-is-the-wheel-deal,Blog or Automotive Insights,/content/mobility-global/en-us/automotive-insights/blogs/2024/8/briefcase-steering-into-the-future-telematics-is-the-wheel-deal,briefcase-steering-into-the-future-telematics-is-the-wheel-deal,EXISTING PAGE,Content already in AEM,APPLIED (8 tags),taxonomy-all-pages.zip,8,pillars: mobility-global:pillars/planning-solutions | insightsThoughtLeaderContentType: mobility-global:insights-and-intelligence/insight-and-thought-leader-content-type/analysis-and-reports | insightsThoughtLeaderContentType: mobility-global:insights-and-intelligence/insight-and-thought-leader-content-type/market-news-and-updates | topic: mobility-global:insights-and-intelligence/topic/technology-and-innovation/connected-cars-and-vehicles | theme: mobility-global:insights-and-intelligence/theme/future-of-mobility | industrySector: mobility-global:contextual-variables/segmentation-and-user-context/industry-or-sector/automotive-oems | audienceRole: mobility-global:contextual-variables/segmentation-and-user-context/audience-role/oem-and-supplier-roles/product-planner | contentFormat: mobility-global:system-and-structural-tags/content-formats/written-formats/short-form-article,,
https://www.spglobal.com/automotive-insights/en/blogs/2024/8/electric-vehicle-adoption-trends-its-not-all-grim,Blog or Automotive Insights,/content/mobility-global/en-us/automotive-insights/blogs/2024/8/electric-vehicle-adoption-trends-its-not-all-grim,electric-vehicle-adoption-trends-its-not-all-grim,EXISTING PAGE,Content already in AEM,APPLIED (9 tags),taxonomy-all-pages.zip,9,pillars: mobility-global:pillars/planning-solutions | insightsThoughtLeaderContentType: mobility-global:insights-and-intelligence/insight-and-thought-leader-content-type/analysis-and-reports | insightsThoughtLeaderContentType: mobility-global:insights-and-intelligence/insight-and-thought-leader-content-type/market-news-and-updates | topic: mobility-global:insights-and-intelligence/topic/electrification/ev-adoption | topic: mobility-global:insights-and-intelligence/topic/market-themes-or-analytical-topics/automotive-consumer-demand | theme: mobility-global:insights-and-intelligence/topic/industry-benchmarks/automotive-industry-forecast-and-analysis | industrySector: mobility-global:contextual-variables/segmentation-and-user-context/industry-or-sector/automotive-oems | audienceRole: mobility-global:contextual-variables/segmentation-and-user-context/audience-role/marketing-and-commercial-roles/market-analyst | contentFormat: mobility-global:system-and-structural-tags/content-formats/written-formats/short-form-article,,
https://www.spglobal.com/automotive-insights/en/blogs/2024/8/fuel-for-thought-electric-vehicle-adoption-trends-china,Blog or Automotive Insights,/content/mobility-global/en-us/automotive-insights/blogs/2024/8/fuel-for-thought-electric-vehicle-adoption-trends-china,fuel-for-thought-electric-vehicle-adoption-trends-china,EXISTING PAGE,Content already in AEM,APPLIED (13 tags),taxonomy-all-pages.zip,13,pillars: mobility-global:pillars/planning-solutions | insightsThoughtLeaderContentType: mobility-global:insights-and-intelligence/insight-and-thought-leader-content-type/analysis-and-reports | insightsThoughtLeaderContentType: mobility-global:insights-and-intelligence/insight-and-thought-leader-content-type/market-news-and-updates | topic: mobility-global:insights-and-intelligence/theme/electric-vehicles | topic: mobility-global:insights-and-intelligence/topic/electrification/ev-adoption | topic: mobility-global:insights-and-intelligence/topic/market-themes-or-analytical-topics/global-automotive-markets | theme: mobility-global:insights-and-intelligence/topic/industry-benchmarks/automotive-industry-forecast-and-analysis | industrySector: mobility-global:contextual-variables/segmentation-and-user-context/industry-or-sector/automotive-oems | audienceRole: mobility-global:contextual-variables/segmentation-and-user-context/audience-role/marketing-and-commercial-roles/market-analyst | contentFormat: mobility-global:system-and-structural-tags/content-formats/written-formats/short-form-article ...,,
https://www.spglobal.com/automotive-insights/en/blogs/2024/8/light-vehicle-production-forecast-august-2024,Blog or Automotive Insights,/content/mobility-global/en-us/automotive-insights/blogs/2024/8/light-vehicle-production-forecast-august-2024,light-vehicle-production-forecast-august-2024,EXISTING PAGE,Content already in AEM,APPLIED (8 tags),taxonomy-all-pages.zip,8,pillars: mobility-global:pillars/planning-solutions | insightsThoughtLeaderContentType: mobility-global:insights-and-intelligence/insight-and-thought-leader-content-type/data-and-forecasts | insightsThoughtLeaderContentType: mobility-global:insights-and-intelligence/insight-and-thought-leader-content-type/market-news-and-updates | topic: mobility-global:insights-and-intelligence/topic/industry-benchmarks/vehicle-production-forecasts | theme: mobility-global:insights-and-intelligence/topic/industry-benchmarks/automotive-industry-forecast-and-analysis | industrySector: mobility-global:contextual-variables/segmentation-and-user-context/industry-or-sector/automotive-oems | audienceRole: mobility-global:contextual-variables/segmentation-and-user-context/audience-role/marketing-and-commercial-roles/market-analyst | contentFormat: mobility-global:system-and-structural-tags/content-formats/written-formats/short-form-article,,
https://www.spglobal.com/automotive-insights/en/blogs/2024/8/motor-shows-where-are-they-now,Blog or Automotive Insights,/content/mobility-global/en-us/automotive-insights/blogs/2024/8/motor-shows-where-are-they-now,motor-shows-where-are-they-now,EXISTING PAGE,Content already in AEM,APPLIED (6 tags),taxonomy-all-pages.zip,6,pillars: mobility-global:pillars/sales-solutions | insightsThoughtLeaderContentType: mobility-global:insights-and-intelligence/insight-and-thought-leader-content-type/events-and-webinars | insightsThoughtLeaderContentType: mobility-global:insights-and-intelligence/insight-and-thought-leader-content-type/analysis-and-reports | topic: mobility-global:insights-and-intelligence/topic/industry-benchmarks/automotive-industry-forecast-and-analysis | theme: mobility-global:insights-and-intelligence/topic/industry-benchmarks/automotive-industry-forecast-and-analysis | contentFormat: mobility-global:system-and-structural-tags/content-formats/written-formats/short-form-article,,
https://www.spglobal.com/automotive-insights/en/blogs/2024/8/the-growing-popularity-of-ev-leasing,Blog or Automotive Insights,/content/mobility-global/en-us/automotive-insights/blogs/2024/8/the-growing-popularity-of-ev-leasing,the-growing-popularity-of-ev-leasing,EXISTING PAGE,Content already in AEM,APPLIED (12 tags),taxonomy-all-pages.zip,12,pillars: mobility-global:pillars/sales-solutions | insightsThoughtLeaderContentType: mobility-global:insights-and-intelligence/insight-and-thought-leader-content-type/analysis-and-reports | insightsThoughtLeaderContentType: mobility-global:insights-and-intelligence/insight-and-thought-leader-content-type/market-news-and-updates | topic: mobility-global:insights-and-intelligence/topic/electrification/ev-adoption | topic: mobility-global:insights-and-intelligence/topic/market-themes-or-analytical-topics/consumer-behavior-insights | theme: mobility-global:insights-and-intelligence/theme/automotive-consumer-trends | theme: mobility-global:insights-and-intelligence/theme/electric-vehicles | industrySector: mobility-global:contextual-variables/segmentation-and-user-context/industry-or-sector/fleet-management-and-leasing | industrySector: mobility-global:contextual-variables/segmentation-and-user-context/industry-or-sector/automotive-dealers-and-retailers | audienceRole: mobility-global:contextual-variables/segmentation-and-user-context/audience-role/fleet-and-commercial-roles/leasing-or-financial-services ...,,
https://www.spglobal.com/automotive-insights/en/blogs/2024/8/us-automotive-brand-loyalty-rates,Blog or Automotive Insights,/content/mobility-global/en-us/automotive-insights/blogs/2024/8/us-automotive-brand-loyalty-rates,us-automotive-brand-loyalty-rates,EXISTING PAGE,Content already in AEM,APPLIED (11 tags),taxonomy-all-pages.zip,11,pillars: mobility-global:pillars/sales-solutions | productFamily: mobility-global:products-and-platforms/product-families/loyalty | insightsThoughtLeaderContentType: mobility-global:insights-and-intelligence/insight-and-thought-leader-content-type/analysis-and-reports | topic: mobility-global:products-and-platforms/product-families/loyalty | theme: mobility-global:insights-and-intelligence/theme/automotive-consumer-trends | industrySector: mobility-global:contextual-variables/segmentation-and-user-context/industry-or-sector/automotive-oems | audienceRole: mobility-global:contextual-variables/segmentation-and-user-context/audience-role/marketing-and-commercial-roles/market-analyst | contentFormat: mobility-global:system-and-structural-tags/content-formats/written-formats/short-form-article | marketSalesRegion: mobility-global:contextual-variables/market-context/market-sales-region/north-america | marketRegion: mobility-global:contextual-variables/market-context/market-sales-region/north-america ...,,
https://www.spglobal.com/automotive-insights/en/blogs/2024/9/briefcase-india-ev-infrastructure-growth-nearly-fully-charged,Blog or Automotive Insights,/content/mobility-global/en-us/automotive-insights/blogs/2024/9/briefcase-india-ev-infrastructure-growth-nearly-fully-charged,briefcase-india-ev-infrastructure-growth-nearly-fully-charged,EXISTING PAGE,Content already in AEM,APPLIED (9 tags),taxonomy-all-pages.zip,9,pillars: mobility-global:pillars/planning-solutions | insightsThoughtLeaderContentType: mobility-global:insights-and-intelligence/insight-and-thought-leader-content-type/analysis-and-reports | insightsThoughtLeaderContentType: mobility-global:insights-and-intelligence/insight-and-thought-leader-content-type/market-news-and-updates | topic: mobility-global:insights-and-intelligence/topic/electrification/ev-charging-infrastructure | theme: mobility-global:insights-and-intelligence/theme/electric-vehicles | industrySector: mobility-global:contextual-variables/segmentation-and-user-context/industry-or-sector/automotive-oems | audienceRole: mobility-global:contextual-variables/segmentation-and-user-context/audience-role/regulatory-risk-and-policy-roles/government-or-policy-maker | contentFormat: mobility-global:system-and-structural-tags/content-formats/written-formats/short-form-article | marketCountry: mobility-global:contextual-variables/market-context/market-country/india,,
https://www.spglobal.com/automotive-insights/en/blogs/2024/9/canada-tariffs-chinese-products-electric-vehicles,Blog or Automotive Insights,/content/mobility-global/en-us/automotive-insights/blogs/2024/9/canada-tariffs-chinese-products-electric-vehicles,canada-tariffs-chinese-products-electric-vehicles,EXISTING PAGE,Content already in AEM,APPLIED (10 tags),taxonomy-all-pages.zip,10,pillars: mobility-global:pillars/planning-solutions | insightsThoughtLeaderContentType: mobility-global:insights-and-intelligence/insight-and-thought-leader-content-type/analysis-and-reports | insightsThoughtLeaderContentType: mobility-global:insights-and-intelligence/insight-and-thought-leader-content-type/market-news-and-updates | topic: mobility-global:insights-and-intelligence/topic/macro-economic-drivers/automotive-tariffs-and-trade-policy | theme: mobility-global:insights-and-intelligence/theme/automotive-tariffs | regulatoryContext: mobility-global:contextual-variables/regulatory-and-operating-context/regulatory-context/policy | industrySector: mobility-global:contextual-variables/segmentation-and-user-context/industry-or-sector/automotive-oems | audienceRole: mobility-global:contextual-variables/segmentation-and-user-context/audience-role/oem-and-supplier-roles/oem-strategist | audienceRole: mobility-global:contextual-variables/segmentation-and-user-context/audience-role/regulatory-risk-and-policy-roles/government-or-policy-maker | contentFormat: mobility-global:system-and-structural-tags/content-formats/written-formats/short-form-article,,
https://www.spglobal.com/automotive-insights/en/blogs/2024/9/canadian-automotive-insights-q2-2024,Blog or Automotive Insights,/content/mobility-global/en-us/automotive-insights/blogs/2024/9/canadian-automotive-insights-q2-2024,canadian-automotive-insights-q2-2024,EXISTING PAGE,Content already in AEM,APPLIED (10 tags),taxonomy-all-pages.zip,10,pillars: mobility-global:pillars/planning-solutions | insightsThoughtLeaderContentType: mobility-global:insights-and-intelligence/insight-and-thought-leader-content-type/analysis-and-reports | topic: mobility-global:insights-and-intelligence/topic/electrification/ev-adoption | theme: mobility-global:insights-and-intelligence/theme/electric-vehicles | industrySector: mobility-global:contextual-variables/segmentation-and-user-context/industry-or-sector/automotive-oems | audienceRole: mobility-global:contextual-variables/segmentation-and-user-context/audience-role/marketing-and-commercial-roles/market-analyst | contentFormat: mobility-global:system-and-structural-tags/content-formats/written-formats/short-form-article | marketSalesRegion: mobility-global:contextual-variables/market-context/market-sales-region/north-america | marketRegion: mobility-global:contextual-variables/market-context/market-sales-region/north-america | marketCountry: mobility-global:contextual-variables/market-context/market-country/canada,,
https://www.spglobal.com/automotive-insights/en/blogs/2024/9/challenges-of-phantom-braking,Blog or Automotive Insights,/content/mobility-global/en-us/automotive-insights/blogs/2024/9/challenges-of-phantom-braking,challenges-of-phantom-braking,EXISTING PAGE,Content already in AEM,APPLIED (11 tags),taxonomy-all-pages.zip,11,pillars: mobility-global:pillars/planning-solutions | insightsThoughtLeaderContentType: mobility-global:insights-and-intelligence/insight-and-thought-leader-content-type/analysis-and-reports | insightsThoughtLeaderContentType: mobility-global:insights-and-intelligence/insight-and-thought-leader-content-type/market-news-and-updates | topic: mobility-global:insights-and-intelligence/topic/technology-and-innovation/autonomous-vehicles-and-adas | topic: mobility-global:insights-and-intelligence/topic/risk-safety-and-compliance | theme: mobility-global:insights-and-intelligence/theme/automotive-supply-chain | regulatoryContext: mobility-global:contextual-variables/regulatory-and-operating-context/regulatory-context/safety-regulations | industrySector: mobility-global:contextual-variables/segmentation-and-user-context/industry-or-sector/automotive-oems | audienceRole: mobility-global:contextual-variables/segmentation-and-user-context/audience-role/oem-and-supplier-roles/technical-specialists | audienceRole: mobility-global:contextual-variables/segmentation-and-user-context/audience-role/regulatory-risk-and-policy-roles/government-or-policy-maker ...,,
https://www.spglobal.com/automotive-insights/en/blogs/2024/9/emissions-regulations-drive-electric-vehicles-europe,Blog or Automotive Insights,/content/mobility-global/en-us/automotive-insights/blogs/2024/9/emissions-regulations-drive-electric-vehicles-europe,emissions-regulations-drive-electric-vehicles-europe,EXISTING PAGE,Content already in AEM,APPLIED (9 tags),taxonomy-all-pages.zip,9,pillars: mobility-global:pillars/planning-solutions | insightsThoughtLeaderContentType: mobility-global:insights-and-intelligence/insight-and-thought-leader-content-type/analysis-and-reports | insightsThoughtLeaderContentType: mobility-global:insights-and-intelligence/insight-and-thought-leader-content-type/market-news-and-updates | topic: mobility-global:insights-and-intelligence/topic/risk-safety-and-compliance/regulations-and-compliance | theme: mobility-global:insights-and-intelligence/theme/electric-vehicles | regulatoryContext: mobility-global:contextual-variables/regulatory-and-operating-context/regulatory-context/emissions-standards | industrySector: mobility-global:contextual-variables/segmentation-and-user-context/industry-or-sector/automotive-oems | audienceRole: mobility-global:contextual-variables/segmentation-and-user-context/audience-role/regulatory-risk-and-policy-roles/government-or-policy-maker | contentFormat: mobility-global:system-and-structural-tags/content-formats/written-formats/short-form-article,,
https://www.spglobal.com/automotive-insights/en/blogs/2024/9/fault-lines-in-the-connected-car-data-landscape,Blog or Automotive Insights,/content/mobility-global/en-us/automotive-insights/blogs/2024/9/fault-lines-in-the-connected-car-data-landscape,fault-lines-in-the-connected-car-data-landscape,EXISTING PAGE,Content already in AEM,APPLIED (11 tags),taxonomy-all-pages.zip,11,pillars: mobility-global:pillars/planning-solutions | insightsThoughtLeaderContentType: mobility-global:insights-and-intelligence/insight-and-thought-leader-content-type/analysis-and-reports | insightsThoughtLeaderContentType: mobility-global:insights-and-intelligence/insight-and-thought-leader-content-type/market-news-and-updates | topic: mobility-global:insights-and-intelligence/topic/technology-and-innovation/connected-cars-and-vehicles | topic: mobility-global:insights-and-intelligence/topic/risk-safety-and-compliance/regulations-and-compliance | theme: mobility-global:insights-and-intelligence/theme/future-of-mobility | regulatoryContext: mobility-global:contextual-variables/regulatory-and-operating-context/regulatory-context/data-privacy | industrySector: mobility-global:contextual-variables/segmentation-and-user-context/industry-or-sector/automotive-oems | audienceRole: mobility-global:contextual-variables/segmentation-and-user-context/audience-role/oem-and-supplier-roles/oem-strategist | audienceRole: mobility-global:contextual-variables/segmentation-and-user-context/audience-role/regulatory-risk-and-policy-roles/government-or-policy-maker ...,,
https://www.spglobal.com/automotive-insights/en/blogs/2024/9/how-stellantis-is-embracing-software-defined-vehicles,Blog or Automotive Insights,/content/mobility-global/en-us/automotive-insights/blogs/2024/9/how-stellantis-is-embracing-software-defined-vehicles,how-stellantis-is-embracing-software-defined-vehicles,EXISTING PAGE,Content already in AEM,APPLIED (8 tags),taxonomy-all-pages.zip,8,pillars: mobility-global:pillars/planning-solutions | insightsThoughtLeaderContentType: mobility-global:insights-and-intelligence/insight-and-thought-leader-content-type/analysis-and-reports | topic: mobility-global:insights-and-intelligence/topic/technology-and-innovation/software-defined-vehicles-sdv | theme: mobility-global:insights-and-intelligence/theme/software-defined-vehicles | industrySector: mobility-global:contextual-variables/segmentation-and-user-context/industry-or-sector/automotive-oems | audienceRole: mobility-global:contextual-variables/segmentation-and-user-context/audience-role/oem-and-supplier-roles/oem-strategist | audienceRole: mobility-global:contextual-variables/segmentation-and-user-context/audience-role/oem-and-supplier-roles/product-planner | contentFormat: mobility-global:system-and-structural-tags/content-formats/written-formats/short-form-article,,
https://www.spglobal.com/automotive-insights/en/blogs/2024/9/navigating-the-future-of-automotive-retail,Blog or Automotive Insights,/content/mobility-global/en-us/automotive-insights/blogs/2024/9/navigating-the-future-of-automotive-retail,navigating-the-future-of-automotive-retail,EXISTING PAGE,Content already in AEM,APPLIED (7 tags),taxonomy-all-pages.zip,7,pillars: mobility-global:pillars/sales-solutions | insightsThoughtLeaderContentType: mobility-global:insights-and-intelligence/insight-and-thought-leader-content-type/analysis-and-reports | topic: mobility-global:insights-and-intelligence/topic/market-themes-or-analytical-topics/dealer-and-retail-trends | theme: mobility-global:insights-and-intelligence/theme/future-of-mobility | industrySector: mobility-global:contextual-variables/segmentation-and-user-context/industry-or-sector/automotive-dealers-and-retailers | audienceRole: mobility-global:contextual-variables/segmentation-and-user-context/audience-role/retail-dealer-aftermarket-roles/dealer-or-retailer | contentFormat: mobility-global:system-and-structural-tags/content-formats/written-formats/short-form-article,,
https://www.spglobal.com/automotive-insights/en/blogs/2024/9/oems-gently-braking-on-ev-investment,Blog or Automotive Insights,/content/mobility-global/en-us/automotive-insights/blogs/2024/9/oems-gently-braking-on-ev-investment,oems-gently-braking-on-ev-investment,EXISTING PAGE,Content already in AEM,APPLIED (9 tags),taxonomy-all-pages.zip,9,pillars: mobility-global:pillars/planning-solutions | insightsThoughtLeaderContentType: mobility-global:insights-and-intelligence/insight-and-thought-leader-content-type/analysis-and-reports | insightsThoughtLeaderContentType: mobility-global:insights-and-intelligence/insight-and-thought-leader-content-type/market-news-and-updates | topic: mobility-global:insights-and-intelligence/topic/electrification/ev-adoption | topic: mobility-global:insights-and-intelligence/topic/market-themes-or-analytical-topics/market-volatility-trends | theme: mobility-global:insights-and-intelligence/theme/electric-vehicles | industrySector: mobility-global:contextual-variables/segmentation-and-user-context/industry-or-sector/automotive-oems | audienceRole: mobility-global:contextual-variables/segmentation-and-user-context/audience-role/oem-and-supplier-roles/oem-strategist | contentFormat: mobility-global:system-and-structural-tags/content-formats/written-formats/short-form-article,,
https://www.spglobal.com/automotive-insights/en/blogs/2024/9/self-driving-cars-gain-momentum-in-us,Blog or Automotive Insights,/content/mobility-global/en-us/automotive-insights/blogs/2024/9/self-driving-cars-gain-momentum-in-us,self-driving-cars-gain-momentum-in-us,EXISTING PAGE,Content already in AEM,APPLIED (11 tags),taxonomy-all-pages.zip,11,pillars: mobility-global:pillars/planning-solutions | insightsThoughtLeaderContentType: mobility-global:insights-and-intelligence/insight-and-thought-leader-content-type/analysis-and-reports | insightsThoughtLeaderContentType: mobility-global:insights-and-intelligence/insight-and-thought-leader-content-type/market-news-and-updates | topic: mobility-global:insights-and-intelligence/topic/technology-and-innovation/autonomous-vehicles-and-adas | theme: mobility-global:insights-and-intelligence/theme/future-of-mobility | industrySector: mobility-global:contextual-variables/segmentation-and-user-context/industry-or-sector/automotive-oems | audienceRole: mobility-global:contextual-variables/segmentation-and-user-context/audience-role/oem-and-supplier-roles/product-planner | contentFormat: mobility-global:system-and-structural-tags/content-formats/written-formats/short-form-article | marketSalesRegion: mobility-global:contextual-variables/market-context/market-sales-region/north-america | marketRegion: mobility-global:contextual-variables/market-context/market-sales-region/north-america ...,,
https://www.spglobal.com/automotive-insights/en/blogs/2024/9/semiconductor-supply-chain-disruption-us-china-trade-conflict,Blog or Automotive Insights,/content/mobility-global/en-us/automotive-insights/blogs/2024/9/semiconductor-supply-chain-disruption-us-china-trade-conflict,semiconductor-supply-chain-disruption-us-china-trade-conflict,EXISTING PAGE,Content already in AEM,APPLIED (14 tags),taxonomy-all-pages.zip,14,pillars: mobility-global:pillars/planning-solutions | insightsThoughtLeaderContentType: mobility-global:insights-and-intelligence/insight-and-thought-leader-content-type/analysis-and-reports | insightsThoughtLeaderContentType: mobility-global:insights-and-intelligence/insight-and-thought-leader-content-type/market-news-and-updates | topic: mobility-global:insights-and-intelligence/topic/macro-economic-drivers/automotive-tariffs-and-trade-policy | topic: mobility-global:insights-and-intelligence/topic/supply-chain-and-manufacturing/automotive-supply-chain-disruption-and-resilience | topic: mobility-global:insights-and-intelligence/topic/technology-and-innovation/automotive-semiconductors | theme: mobility-global:insights-and-intelligence/theme/automotive-supply-chain | theme: mobility-global:insights-and-intelligence/theme/supply-chain-resilience | regulatoryContext: mobility-global:contextual-variables/regulatory-and-operating-context/regulatory-context/policy | industrySector: mobility-global:contextual-variables/segmentation-and-user-context/industry-or-sector/automotive-suppliers-and-supply-chain ...,,
https://www.spglobal.com/automotive-insights/en/blogs/2024/9/september-2024-us-auto-sales-preview,Blog or Automotive Insights,/content/mobility-global/en-us/automotive-insights/blogs/2024/9/september-2024-us-auto-sales-preview,september-2024-us-auto-sales-preview,EXISTING PAGE,Content already in AEM,APPLIED (11 tags),taxonomy-all-pages.zip,11,pillars: mobility-global:pillars/planning-solutions | insightsThoughtLeaderContentType: mobility-global:insights-and-intelligence/insight-and-thought-leader-content-type/data-and-forecasts | insightsThoughtLeaderContentType: mobility-global:insights-and-intelligence/insight-and-thought-leader-content-type/market-news-and-updates | topic: mobility-global:insights-and-intelligence/topic/industry-benchmarks/automotive-industry-forecast-and-analysis | theme: mobility-global:insights-and-intelligence/topic/industry-benchmarks/automotive-industry-forecast-and-analysis | industrySector: mobility-global:contextual-variables/segmentation-and-user-context/industry-or-sector/automotive-oems | audienceRole: mobility-global:contextual-variables/segmentation-and-user-context/audience-role/marketing-and-commercial-roles/market-analyst | contentFormat: mobility-global:system-and-structural-tags/content-formats/written-formats/short-form-article | marketSalesRegion: mobility-global:contextual-variables/market-context/market-sales-region/north-america | marketRegion: mobility-global:contextual-variables/market-context/market-sales-region/north-america ...,,
https://www.spglobal.com/automotive-insights/en/blogs/2024/9/september-light-vehicle-production-forecast,Blog or Automotive Insights,/content/mobility-global/en-us/automotive-insights/blogs/2024/9/september-light-vehicle-production-forecast,september-light-vehicle-production-forecast,EXISTING PAGE,Content already in AEM,APPLIED (9 tags),taxonomy-all-pages.zip,9,pillars: mobility-global:pillars/planning-solutions | insightsThoughtLeaderContentType: mobility-global:insights-and-intelligence/insight-and-thought-leader-content-type/data-and-forecasts | insightsThoughtLeaderContentType: mobility-global:insights-and-intelligence/insight-and-thought-leader-content-type/market-news-and-updates | topic: mobility-global:insights-and-intelligence/topic/industry-benchmarks/automotive-industry-forecast-and-analysis | topic: mobility-global:insights-and-intelligence/topic/industry-benchmarks/vehicle-production-forecasts | theme: mobility-global:insights-and-intelligence/topic/industry-benchmarks/automotive-industry-forecast-and-analysis | industrySector: mobility-global:contextual-variables/segmentation-and-user-context/industry-or-sector/automotive-oems | audienceRole: mobility-global:contextual-variables/segmentation-and-user-context/audience-role/marketing-and-commercial-roles/market-analyst | contentFormat: mobility-global:system-and-structural-tags/content-formats/written-formats/short-form-article,,
https://www.spglobal.com/automotive-insights/en/blogs/2024/9/understanding-global-automotive-demand-in-2024,Blog or Automotive Insights,/content/mobility-global/en-us/automotive-insights/blogs/2024/9/understanding-global-automotive-demand-in-2024,understanding-global-automotive-demand-in-2024,EXISTING PAGE,Content already in AEM,APPLIED (8 tags),taxonomy-all-pages.zip,8,pillars: mobility-global:pillars/planning-solutions | insightsThoughtLeaderContentType: mobility-global:insights-and-intelligence/insight-and-thought-leader-content-type/analysis-and-reports | topic: mobility-global:insights-and-intelligence/topic/market-themes-or-analytical-topics/global-automotive-markets | topic: mobility-global:insights-and-intelligence/topic/market-themes-or-analytical-topics/automotive-consumer-demand | theme: mobility-global:insights-and-intelligence/topic/industry-benchmarks/automotive-industry-forecast-and-analysis | industrySector: mobility-global:contextual-variables/segmentation-and-user-context/industry-or-sector/automotive-oems | audienceRole: mobility-global:contextual-variables/segmentation-and-user-context/audience-role/marketing-and-commercial-roles/market-analyst | contentFormat: mobility-global:system-and-structural-tags/content-formats/written-formats/short-form-article,,
https://www.spglobal.com/automotive-insights/en/blogs/2024/9/us-auto-market-oems-captive-lenders-challenges,Blog or Automotive Insights,/content/mobility-global/en-us/automotive-insights/blogs/2024/9/us-auto-market-oems-captive-lenders-challenges,us-auto-market-oems-captive-lenders-challenges,EXISTING PAGE,Content already in AEM,APPLIED (16 tags),taxonomy-all-pages.zip,16,pillars: mobility-global:pillars/sales-solutions | insightsThoughtLeaderContentType: mobility-global:insights-and-intelligence/insight-and-thought-leader-content-type/analysis-and-reports | insightsThoughtLeaderContentType: mobility-global:insights-and-intelligence/insight-and-thought-leader-content-type/market-news-and-updates | topic: mobility-global:insights-and-intelligence/topic/market-themes-or-analytical-topics/market-volatility-trends | topic: mobility-global:insights-and-intelligence/topic/market-themes-or-analytical-topics/dealer-and-retail-trends | theme: mobility-global:insights-and-intelligence/topic/industry-benchmarks/automotive-industry-forecast-and-analysis | industrySector: mobility-global:contextual-variables/segmentation-and-user-context/industry-or-sector/automotive-oems | industrySector: mobility-global:contextual-variables/segmentation-and-user-context/industry-or-sector/fleet-management-and-leasing | industrySector: mobility-global:contextual-variables/segmentation-and-user-context/industry-or-sector/automotive-dealers-and-retailers | audienceRole: mobility-global:contextual-variables/segmentation-and-user-context/audience-role/oem-and-supplier-roles/oem-strategist ...,,
https://www.spglobal.com/automotive-insights/en/blogs/2024/9/us-medium-heavy-commercial-vehicle-forecast,Blog or Automotive Insights,/content/mobility-global/en-us/automotive-insights/blogs/2024/9/us-medium-heavy-commercial-vehicle-forecast,us-medium-heavy-commercial-vehicle-forecast,EXISTING PAGE,Content already in AEM,APPLIED (11 tags),taxonomy-all-pages.zip,11,pillars: mobility-global:pillars/planning-solutions | insightsThoughtLeaderContentType: mobility-global:insights-and-intelligence/insight-and-thought-leader-content-type/data-and-forecasts | insightsThoughtLeaderContentType: mobility-global:insights-and-intelligence/insight-and-thought-leader-content-type/market-news-and-updates | theme: mobility-global:insights-and-intelligence/topic/industry-benchmarks/automotive-industry-forecast-and-analysis | theme: mobility-global:insights-and-intelligence/theme/commercial-vehicle-market | industrySector: mobility-global:contextual-variables/segmentation-and-user-context/industry-or-sector/automotive-oems | audienceRole: mobility-global:contextual-variables/segmentation-and-user-context/audience-role/marketing-and-commercial-roles/market-analyst | contentFormat: mobility-global:system-and-structural-tags/content-formats/written-formats/short-form-article | marketSalesRegion: mobility-global:contextual-variables/market-context/market-sales-region/north-america | marketRegion: mobility-global:contextual-variables/market-context/market-sales-region/north-america ...,,
https://www.spglobal.com/automotive-insights/en/blogs/2025/01/ai-automotive-trends-ces-2025-recap,Blog or Automotive Insights,/content/mobility-global/en-us/automotive-insights/blogs/2025/01/ai-automotive-trends-ces-2025-recap,ai-automotive-trends-ces-2025-recap,EXISTING PAGE,Content already in AEM,APPLIED (9 tags),taxonomy-all-pages.zip,9,pillars: mobility-global:pillars/planning-solutions | insightsThoughtLeaderContentType: mobility-global:insights-and-intelligence/insight-and-thought-leader-content-type/events-and-webinars | insightsThoughtLeaderContentType: mobility-global:insights-and-intelligence/insight-and-thought-leader-content-type/analysis-and-reports | theme: mobility-global:insights-and-intelligence/theme/future-of-mobility | industrySector: mobility-global:contextual-variables/segmentation-and-user-context/industry-or-sector/automotive-oems | industrySector: mobility-global:contextual-variables/segmentation-and-user-context/industry-or-sector/automotive-suppliers-and-supply-chain | audienceRole: mobility-global:contextual-variables/segmentation-and-user-context/audience-role/oem-and-supplier-roles/technical-specialists | audienceRole: mobility-global:contextual-variables/segmentation-and-user-context/audience-role/oem-and-supplier-roles/oem-strategist | contentFormat: mobility-global:system-and-structural-tags/content-formats/written-formats/short-form-article,,
https://www.spglobal.com/automotive-insights/en/blogs/2025/01/automotive-suppliers-outlook-2025-trends-and-challenges,Blog or Automotive Insights,/content/mobility-global/en-us/automotive-insights/blogs/2025/01/automotive-suppliers-outlook-2025-trends-and-challenges,automotive-suppliers-outlook-2025-trends-and-challenges,EXISTING PAGE,Content already in AEM,APPLIED (10 tags),taxonomy-all-pages.zip,10,pillars: mobility-global:pillars/planning-solutions | insightsThoughtLeaderContentType: mobility-global:insights-and-intelligence/insight-and-thought-leader-content-type/analysis-and-reports | topic: mobility-global:insights-and-intelligence/topic/market-themes-or-analytical-topics/market-volatility-trends | topic: mobility-global:insights-and-intelligence/topic/supply-chain-and-manufacturing/automotive-supply-chain-disruption-and-resilience | theme: mobility-global:insights-and-intelligence/topic/industry-benchmarks/automotive-industry-forecast-and-analysis | theme: mobility-global:insights-and-intelligence/theme/automotive-supply-chain | theme: mobility-global:insights-and-intelligence/theme/supply-chain-resilience | industrySector: mobility-global:contextual-variables/segmentation-and-user-context/industry-or-sector/automotive-suppliers-and-supply-chain | audienceRole: mobility-global:contextual-variables/segmentation-and-user-context/audience-role/oem-and-supplier-roles/supply-chain-analyst | contentFormat: mobility-global:system-and-structural-tags/content-formats/written-formats/short-form-article,,
https://www.spglobal.com/automotive-insights/en/blogs/2025/01/briefcase-honda-nissan-merger-a-potential-game-changer,Blog or Automotive Insights,/content/mobility-global/en-us/automotive-insights/blogs/2025/01/briefcase-honda-nissan-merger-a-potential-game-changer,briefcase-honda-nissan-merger-a-potential-game-changer,EXISTING PAGE,Content already in AEM,APPLIED (13 tags),taxonomy-all-pages.zip,13,pillars: mobility-global:pillars/planning-solutions | insightsThoughtLeaderContentType: mobility-global:insights-and-intelligence/insight-and-thought-leader-content-type/analysis-and-reports | insightsThoughtLeaderContentType: mobility-global:insights-and-intelligence/insight-and-thought-leader-content-type/market-news-and-updates | topic: mobility-global:insights-and-intelligence/topic/market-themes-or-analytical-topics/competitive-landscape | topic: mobility-global:insights-and-intelligence/topic/market-themes-or-analytical-topics/market-volatility-trends | theme: mobility-global:insights-and-intelligence/topic/industry-benchmarks/automotive-industry-forecast-and-analysis | industrySector: mobility-global:contextual-variables/segmentation-and-user-context/industry-or-sector/automotive-oems | audienceRole: mobility-global:contextual-variables/segmentation-and-user-context/audience-role/oem-and-supplier-roles/oem-strategist | audienceRole: mobility-global:contextual-variables/segmentation-and-user-context/audience-role/oem-and-supplier-roles/competitive-intelligence | contentFormat: mobility-global:system-and-structural-tags/content-formats/written-formats/short-form-article ...,,
https://www.spglobal.com/automotive-insights/en/blogs/2025/01/january-auto-sales-2025-begin-year-on-positive-note,Blog or Automotive Insights,/content/mobility-global/en-us/automotive-insights/blogs/2025/01/january-auto-sales-2025-begin-year-on-positive-note,january-auto-sales-2025-begin-year-on-positive-note,EXISTING PAGE,Content already in AEM,APPLIED (8 tags),taxonomy-all-pages.zip,8,pillars: mobility-global:pillars/planning-solutions | insightsThoughtLeaderContentType: mobility-global:insights-and-intelligence/insight-and-thought-leader-content-type/data-and-forecasts | insightsThoughtLeaderContentType: mobility-global:insights-and-intelligence/insight-and-thought-leader-content-type/market-news-and-updates | topic: mobility-global:insights-and-intelligence/topic/industry-benchmarks/automotive-industry-forecast-and-analysis | theme: mobility-global:insights-and-intelligence/topic/industry-benchmarks/automotive-industry-forecast-and-analysis | industrySector: mobility-global:contextual-variables/segmentation-and-user-context/industry-or-sector/automotive-oems | audienceRole: mobility-global:contextual-variables/segmentation-and-user-context/audience-role/marketing-and-commercial-roles/market-analyst | contentFormat: mobility-global:system-and-structural-tags/content-formats/written-formats/short-form-article,,
https://www.spglobal.com/automotive-insights/en/blogs/2025/01/luxury-car-market-lexus-outperforms-rivals,Blog or Automotive Insights,/content/mobility-global/en-us/automotive-insights/blogs/2025/01/luxury-car-market-lexus-outperforms-rivals,luxury-car-market-lexus-outperforms-rivals,EXISTING PAGE,Content already in AEM,APPLIED (10 tags),taxonomy-all-pages.zip,10,pillars: mobility-global:pillars/planning-solutions | insightsThoughtLeaderContentType: mobility-global:insights-and-intelligence/insight-and-thought-leader-content-type/analysis-and-reports | insightsThoughtLeaderContentType: mobility-global:insights-and-intelligence/insight-and-thought-leader-content-type/market-news-and-updates | topic: mobility-global:insights-and-intelligence/topic/market-themes-or-analytical-topics/competitive-landscape | topic: mobility-global:insights-and-intelligence/topic/market-themes-or-analytical-topics/market-segmentation-insights | theme: mobility-global:insights-and-intelligence/topic/industry-benchmarks/automotive-industry-forecast-and-analysis | industrySector: mobility-global:contextual-variables/segmentation-and-user-context/industry-or-sector/automotive-oems | audienceRole: mobility-global:contextual-variables/segmentation-and-user-context/audience-role/oem-and-supplier-roles/competitive-intelligence | audienceRole: mobility-global:contextual-variables/segmentation-and-user-context/audience-role/marketing-and-commercial-roles/market-analyst | contentFormat: mobility-global:system-and-structural-tags/content-formats/written-formats/short-form-article,,
https://www.spglobal.com/automotive-insights/en/blogs/2025/01/nada-show-2025-accelerate-your-sales-cycle,Blog or Automotive Insights,/content/mobility-global/en-us/automotive-insights/blogs/2025/01/nada-show-2025-accelerate-your-sales-cycle,nada-show-2025-accelerate-your-sales-cycle,EXISTING PAGE,Content already in AEM,APPLIED (6 tags),taxonomy-all-pages.zip,6,pillars: mobility-global:pillars/sales-solutions | insightsThoughtLeaderContentType: mobility-global:insights-and-intelligence/insight-and-thought-leader-content-type/events-and-webinars | insightsThoughtLeaderContentType: mobility-global:insights-and-intelligence/insight-and-thought-leader-content-type/analysis-and-reports | topic: mobility-global:insights-and-intelligence/topic/market-themes-or-analytical-topics/dealer-and-retail-trends | theme: mobility-global:insights-and-intelligence/theme/automotive-consumer-trends | contentFormat: mobility-global:system-and-structural-tags/content-formats/written-formats/short-form-article,,
https://www.spglobal.com/automotive-insights/en/blogs/2025/01/trucking-industry-forecast-for-the-next-decade-and-beyond,Blog or Automotive Insights,/content/mobility-global/en-us/automotive-insights/blogs/2025/01/trucking-industry-forecast-for-the-next-decade-and-beyond,trucking-industry-forecast-for-the-next-decade-and-beyond,EXISTING PAGE,Content already in AEM,APPLIED (8 tags),taxonomy-all-pages.zip,8,pillars: mobility-global:pillars/planning-solutions | insightsThoughtLeaderContentType: mobility-global:insights-and-intelligence/insight-and-thought-leader-content-type/data-and-forecasts | insightsThoughtLeaderContentType: mobility-global:insights-and-intelligence/insight-and-thought-leader-content-type/analysis-and-reports | theme: mobility-global:insights-and-intelligence/topic/industry-benchmarks/automotive-industry-forecast-and-analysis | theme: mobility-global:insights-and-intelligence/theme/commercial-vehicle-market | industrySector: mobility-global:contextual-variables/segmentation-and-user-context/industry-or-sector/automotive-oems | audienceRole: mobility-global:contextual-variables/segmentation-and-user-context/audience-role/marketing-and-commercial-roles/market-analyst | contentFormat: mobility-global:system-and-structural-tags/content-formats/written-formats/short-form-article,,
https://www.spglobal.com/automotive-insights/en/blogs/2025/01/us-automotive-inventory-levels-2024,Blog or Automotive Insights,/content/mobility-global/en-us/automotive-insights/blogs/2025/01/us-automotive-inventory-levels-2024,us-automotive-inventory-levels-2024,EXISTING PAGE,Content already in AEM,APPLIED (11 tags),taxonomy-all-pages.zip,11,pillars: mobility-global:pillars/sales-solutions | insightsThoughtLeaderContentType: mobility-global:insights-and-intelligence/insight-and-thought-leader-content-type/analysis-and-reports | insightsThoughtLeaderContentType: mobility-global:insights-and-intelligence/insight-and-thought-leader-content-type/market-news-and-updates | topic: mobility-global:insights-and-intelligence/topic/industry-benchmarks/automotive-industry-forecast-and-analysis | topic: mobility-global:insights-and-intelligence/theme/automotive-consumer-trends | theme: mobility-global:insights-and-intelligence/topic/industry-benchmarks/automotive-industry-forecast-and-analysis | theme: mobility-global:insights-and-intelligence/theme/automotive-consumer-trends | contentFormat: mobility-global:system-and-structural-tags/content-formats/written-formats/short-form-article | marketSalesRegion: mobility-global:contextual-variables/market-context/market-sales-region/north-america | marketRegion: mobility-global:contextual-variables/market-context/market-sales-region/north-america ...,,
https://www.spglobal.com/automotive-insights/en/blogs/2025/01/volkswagen-union-negotiations-deal-germany,Blog or Automotive Insights,/content/mobility-global/en-us/automotive-insights/blogs/2025/01/volkswagen-union-negotiations-deal-germany,volkswagen-union-negotiations-deal-germany,EXISTING PAGE,Content already in AEM,APPLIED (10 tags),taxonomy-all-pages.zip,10,pillars: mobility-global:pillars/planning-solutions | insightsThoughtLeaderContentType: mobility-global:insights-and-intelligence/insight-and-thought-leader-content-type/market-news-and-updates | topic: mobility-global:insights-and-intelligence/topic/industry-benchmarks/automotive-industry-forecast-and-analysis | topic: mobility-global:insights-and-intelligence/theme/automotive-consumer-trends | theme: mobility-global:insights-and-intelligence/topic/industry-benchmarks/automotive-industry-forecast-and-analysis | theme: mobility-global:insights-and-intelligence/theme/automotive-consumer-trends | contentFormat: mobility-global:system-and-structural-tags/content-formats/written-formats/short-form-article | marketSalesRegion: mobility-global:contextual-variables/market-context/market-region/europe | marketRegion: mobility-global:contextual-variables/market-context/market-region/europe | marketCountry: mobility-global:contextual-variables/market-context/market-country/germany,,
https://www.spglobal.com/automotive-insights/en/blogs/2025/01/where-are-ev-battery-prices-headed-in-2025-and-beyond,Blog or Automotive Insights,/content/mobility-global/en-us/automotive-insights/blogs/2025/01/where-are-ev-battery-prices-headed-in-2025-and-beyond,where-are-ev-battery-prices-headed-in-2025-and-beyond,EXISTING PAGE,Content already in AEM,APPLIED (10 tags),taxonomy-all-pages.zip,10,pillars: mobility-global:pillars/planning-solutions | insightsThoughtLeaderContentType: mobility-global:insights-and-intelligence/insight-and-thought-leader-content-type/analysis-and-reports | topic: mobility-global:insights-and-intelligence/topic/electrification/ev-battery-technology | topic: mobility-global:insights-and-intelligence/topic/market-themes-or-analytical-topics/pricing-trends | theme: mobility-global:insights-and-intelligence/topic/electrification/ev-battery-technology | industrySector: mobility-global:contextual-variables/segmentation-and-user-context/industry-or-sector/automotive-oems | industrySector: mobility-global:contextual-variables/segmentation-and-user-context/industry-or-sector/automotive-suppliers-and-supply-chain | audienceRole: mobility-global:contextual-variables/segmentation-and-user-context/audience-role/oem-and-supplier-roles/product-planner | audienceRole: mobility-global:contextual-variables/segmentation-and-user-context/audience-role/oem-and-supplier-roles/supply-chain-analyst | contentFormat: mobility-global:system-and-structural-tags/content-formats/written-formats/short-form-article,,
https://www.spglobal.com/automotive-insights/en/blogs/2025/02/2025-commercial-vehicle-industry-forecast-europe,Blog or Automotive Insights,/content/mobility-global/en-us/automotive-insights/blogs/2025/02/2025-commercial-vehicle-industry-forecast-europe,2025-commercial-vehicle-industry-forecast-europe,EXISTING PAGE,Content already in AEM,APPLIED (8 tags),taxonomy-all-pages.zip,8,pillars: mobility-global:pillars/planning-solutions | insightsThoughtLeaderContentType: mobility-global:insights-and-intelligence/insight-and-thought-leader-content-type/data-and-forecasts | insightsThoughtLeaderContentType: mobility-global:insights-and-intelligence/insight-and-thought-leader-content-type/analysis-and-reports | theme: mobility-global:insights-and-intelligence/topic/industry-benchmarks/automotive-industry-forecast-and-analysis | theme: mobility-global:insights-and-intelligence/theme/commercial-vehicle-market | industrySector: mobility-global:contextual-variables/segmentation-and-user-context/industry-or-sector/automotive-oems | audienceRole: mobility-global:contextual-variables/segmentation-and-user-context/audience-role/marketing-and-commercial-roles/market-analyst | contentFormat: mobility-global:system-and-structural-tags/content-formats/written-formats/short-form-article,,
https://www.spglobal.com/automotive-insights/en/blogs/2025/02/29th-annual-automotive-loyalty-awards,Blog or Automotive Insights,/content/mobility-global/en-us/automotive-insights/blogs/2025/02/29th-annual-automotive-loyalty-awards,29th-annual-automotive-loyalty-awards,EXISTING PAGE,Content already in AEM,APPLIED (9 tags),taxonomy-all-pages.zip,9,pillars: mobility-global:pillars/sales-solutions | productFamily: mobility-global:products-and-platforms/product-families/loyalty | insightsThoughtLeaderContentType: mobility-global:insights-and-intelligence/insight-and-thought-leader-content-type/events-and-webinars | insightsThoughtLeaderContentType: mobility-global:insights-and-intelligence/insight-and-thought-leader-content-type/analysis-and-reports | topic: mobility-global:products-and-platforms/product-families/loyalty | theme: mobility-global:insights-and-intelligence/theme/automotive-consumer-trends | industrySector: mobility-global:contextual-variables/segmentation-and-user-context/industry-or-sector/automotive-oems | audienceRole: mobility-global:contextual-variables/segmentation-and-user-context/audience-role/marketing-and-commercial-roles/market-analyst | contentFormat: mobility-global:system-and-structural-tags/content-formats/written-formats/short-form-article,,
https://www.spglobal.com/automotive-insights/en/blogs/2025/02/beyond-the-buzz-ai-in-the-automotive-industry,Blog or Automotive Insights,/content/mobility-global/en-us/automotive-insights/blogs/2025/02/beyond-the-buzz-ai-in-the-automotive-industry,beyond-the-buzz-ai-in-the-automotive-industry,EXISTING PAGE,Content already in AEM,APPLIED (6 tags),taxonomy-all-pages.zip,6,pillars: mobility-global:pillars/planning-solutions | insightsThoughtLeaderContentType: mobility-global:insights-and-intelligence/insight-and-thought-leader-content-type/analysis-and-reports | theme: mobility-global:insights-and-intelligence/theme/future-of-mobility | industrySector: mobility-global:contextual-variables/segmentation-and-user-context/industry-or-sector/automotive-oems | audienceRole: mobility-global:contextual-variables/segmentation-and-user-context/audience-role/oem-and-supplier-roles/technical-specialists | contentFormat: mobility-global:system-and-structural-tags/content-formats/written-formats/short-form-article,,
https://www.spglobal.com/automotive-insights/en/blogs/2025/02/bridging-gaps-carbon-reporting-automotive-industry,Blog or Automotive Insights,/content/mobility-global/en-us/automotive-insights/blogs/2025/02/bridging-gaps-carbon-reporting-automotive-industry,bridging-gaps-carbon-reporting-automotive-industry,EXISTING PAGE,Content already in AEM,APPLIED (9 tags),taxonomy-all-pages.zip,9,pillars: mobility-global:pillars/planning-solutions | insightsThoughtLeaderContentType: mobility-global:insights-and-intelligence/insight-and-thought-leader-content-type/analysis-and-reports | topic: mobility-global:insights-and-intelligence/topic/risk-safety-and-compliance/regulations-and-compliance | topic: mobility-global:insights-and-intelligence/topic/sustainability-and-esg/automotive-sustainability-and-esg | theme: mobility-global:insights-and-intelligence/theme/automotive-sustainability | regulatoryContext: mobility-global:contextual-variables/regulatory-and-operating-context/regulatory-context/emissions-standards | industrySector: mobility-global:contextual-variables/segmentation-and-user-context/industry-or-sector/automotive-oems | audienceRole: mobility-global:contextual-variables/segmentation-and-user-context/audience-role/regulatory-risk-and-policy-roles/government-or-policy-maker | contentFormat: mobility-global:system-and-structural-tags/content-formats/written-formats/short-form-article,,
https://www.spglobal.com/automotive-insights/en/blogs/2025/02/byd-in-europe-expansion,Blog or Automotive Insights,/content/mobility-global/en-us/automotive-insights/blogs/2025/02/byd-in-europe-expansion,byd-in-europe-expansion,EXISTING PAGE,Content already in AEM,APPLIED (11 tags),taxonomy-all-pages.zip,11,pillars: mobility-global:pillars/planning-solutions | insightsThoughtLeaderContentType: mobility-global:insights-and-intelligence/insight-and-thought-leader-content-type/analysis-and-reports | insightsThoughtLeaderContentType: mobility-global:insights-and-intelligence/insight-and-thought-leader-content-type/market-news-and-updates | topic: mobility-global:insights-and-intelligence/topic/market-themes-or-analytical-topics/global-automotive-markets | topic: mobility-global:insights-and-intelligence/topic/market-themes-or-analytical-topics/competitive-landscape | theme: mobility-global:insights-and-intelligence/topic/industry-benchmarks/automotive-industry-forecast-and-analysis | industrySector: mobility-global:contextual-variables/segmentation-and-user-context/industry-or-sector/automotive-oems | audienceRole: mobility-global:contextual-variables/segmentation-and-user-context/audience-role/oem-and-supplier-roles/oem-strategist | audienceRole: mobility-global:contextual-variables/segmentation-and-user-context/audience-role/marketing-and-commercial-roles/market-analyst | contentFormat: mobility-global:system-and-structural-tags/content-formats/written-formats/short-form-article ...,,
https://www.spglobal.com/automotive-insights/en/blogs/2025/02/electric-vehicle-industry-in-india-shows-promising-growth,Blog or Automotive Insights,/content/mobility-global/en-us/automotive-insights/blogs/2025/02/electric-vehicle-industry-in-india-shows-promising-growth,electric-vehicle-industry-in-india-shows-promising-growth,EXISTING PAGE,Content already in AEM,APPLIED (10 tags),taxonomy-all-pages.zip,10,pillars: mobility-global:pillars/planning-solutions | insightsThoughtLeaderContentType: mobility-global:insights-and-intelligence/insight-and-thought-leader-content-type/analysis-and-reports | insightsThoughtLeaderContentType: mobility-global:insights-and-intelligence/insight-and-thought-leader-content-type/market-news-and-updates | topic: mobility-global:insights-and-intelligence/topic/market-themes-or-analytical-topics/global-automotive-markets | theme: mobility-global:insights-and-intelligence/topic/industry-benchmarks/automotive-industry-forecast-and-analysis | theme: mobility-global:insights-and-intelligence/theme/electric-vehicles | industrySector: mobility-global:contextual-variables/segmentation-and-user-context/industry-or-sector/automotive-oems | audienceRole: mobility-global:contextual-variables/segmentation-and-user-context/audience-role/marketing-and-commercial-roles/market-analyst | contentFormat: mobility-global:system-and-structural-tags/content-formats/written-formats/short-form-article | marketCountry: mobility-global:contextual-variables/market-context/market-country/india,,
https://www.spglobal.com/automotive-insights/en/blogs/2025/02/electric-vehicle-market-trends-conquest-insights,Blog or Automotive Insights,/content/mobility-global/en-us/automotive-insights/blogs/2025/02/electric-vehicle-market-trends-conquest-insights,electric-vehicle-market-trends-conquest-insights,EXISTING PAGE,Content already in AEM,APPLIED (10 tags),taxonomy-all-pages.zip,10,pillars: mobility-global:pillars/planning-solutions | insightsThoughtLeaderContentType: mobility-global:insights-and-intelligence/insight-and-thought-leader-content-type/analysis-and-reports | insightsThoughtLeaderContentType: mobility-global:insights-and-intelligence/insight-and-thought-leader-content-type/market-news-and-updates | topic: mobility-global:insights-and-intelligence/topic/electrification/ev-adoption | topic: mobility-global:insights-and-intelligence/topic/market-themes-or-analytical-topics/competitive-landscape | theme: mobility-global:insights-and-intelligence/theme/electric-vehicles | industrySector: mobility-global:contextual-variables/segmentation-and-user-context/industry-or-sector/automotive-oems | audienceRole: mobility-global:contextual-variables/segmentation-and-user-context/audience-role/marketing-and-commercial-roles/market-analyst | audienceRole: mobility-global:contextual-variables/segmentation-and-user-context/audience-role/oem-and-supplier-roles/competitive-intelligence | contentFormat: mobility-global:system-and-structural-tags/content-formats/written-formats/short-form-article,,
https://www.spglobal.com/automotive-insights/en/blogs/2025/02/geopolitics-ai-level-4-autonomy,Blog or Automotive Insights,/content/mobility-global/en-us/automotive-insights/blogs/2025/02/geopolitics-ai-level-4-autonomy,geopolitics-ai-level-4-autonomy,EXISTING PAGE,Content already in AEM,APPLIED (7 tags),taxonomy-all-pages.zip,7,pillars: mobility-global:pillars/planning-solutions | insightsThoughtLeaderContentType: mobility-global:insights-and-intelligence/insight-and-thought-leader-content-type/analysis-and-reports | topic: mobility-global:insights-and-intelligence/topic/technology-and-innovation/autonomous-vehicles-and-adas | theme: mobility-global:insights-and-intelligence/theme/future-of-mobility | industrySector: mobility-global:contextual-variables/segmentation-and-user-context/industry-or-sector/automotive-oems | audienceRole: mobility-global:contextual-variables/segmentation-and-user-context/audience-role/regulatory-risk-and-policy-roles/government-or-policy-maker | contentFormat: mobility-global:system-and-structural-tags/content-formats/written-formats/short-form-article,,
https://www.spglobal.com/automotive-insights/en/blogs/2025/02/incentives-affordability-vehicle-marketing,Blog or Automotive Insights,/content/mobility-global/en-us/automotive-insights/blogs/2025/02/incentives-affordability-vehicle-marketing,incentives-affordability-vehicle-marketing,EXISTING PAGE,Content already in AEM,APPLIED (10 tags),taxonomy-all-pages.zip,10,pillars: mobility-global:pillars/sales-solutions | insightsThoughtLeaderContentType: mobility-global:insights-and-intelligence/insight-and-thought-leader-content-type/analysis-and-reports | topic: mobility-global:insights-and-intelligence/topic/market-themes-or-analytical-topics/pricing-trends | topic: mobility-global:insights-and-intelligence/topic/market-themes-or-analytical-topics/dealer-and-retail-trends | theme: mobility-global:insights-and-intelligence/theme/automotive-consumer-trends | industrySector: mobility-global:contextual-variables/segmentation-and-user-context/industry-or-sector/automotive-dealers-and-retailers | industrySector: mobility-global:contextual-variables/segmentation-and-user-context/industry-or-sector/automotive-oems | audienceRole: mobility-global:contextual-variables/segmentation-and-user-context/audience-role/retail-dealer-aftermarket-roles/dealer-or-retailer | audienceRole: mobility-global:contextual-variables/segmentation-and-user-context/audience-role/marketing-and-commercial-roles/marketing-and-media-agencies | contentFormat: mobility-global:system-and-structural-tags/content-formats/written-formats/short-form-article,,
https://www.spglobal.com/automotive-insights/en/blogs/2025/02/semiconductor-tariffs-impact-automotive-costs,Blog or Automotive Insights,/content/mobility-global/en-us/automotive-insights/blogs/2025/02/semiconductor-tariffs-impact-automotive-costs,semiconductor-tariffs-impact-automotive-costs,EXISTING PAGE,Content already in AEM,APPLIED (13 tags),taxonomy-all-pages.zip,13,pillars: mobility-global:pillars/planning-solutions | insightsThoughtLeaderContentType: mobility-global:insights-and-intelligence/insight-and-thought-leader-content-type/analysis-and-reports | insightsThoughtLeaderContentType: mobility-global:insights-and-intelligence/insight-and-thought-leader-content-type/market-news-and-updates | topic: mobility-global:insights-and-intelligence/topic/macro-economic-drivers/automotive-tariffs-and-trade-policy | topic: mobility-global:insights-and-intelligence/topic/technology-and-innovation/automotive-semiconductors | theme: mobility-global:insights-and-intelligence/theme/automotive-supply-chain | theme: mobility-global:insights-and-intelligence/theme/supply-chain-resilience | regulatoryContext: mobility-global:contextual-variables/regulatory-and-operating-context/regulatory-context/policy | industrySector: mobility-global:contextual-variables/segmentation-and-user-context/industry-or-sector/automotive-suppliers-and-supply-chain | industrySector: mobility-global:contextual-variables/segmentation-and-user-context/industry-or-sector/automotive-oems ...,,
https://www.spglobal.com/automotive-insights/en/blogs/2025/02/strategies-to-grow-customer-loyalty-automotive-industry,Blog or Automotive Insights,/content/mobility-global/en-us/automotive-insights/blogs/2025/02/strategies-to-grow-customer-loyalty-automotive-industry,strategies-to-grow-customer-loyalty-automotive-industry,EXISTING PAGE,Content already in AEM,APPLIED (10 tags),taxonomy-all-pages.zip,10,pillars: mobility-global:pillars/sales-solutions | productFamily: mobility-global:products-and-platforms/product-families/loyalty | insightsThoughtLeaderContentType: mobility-global:insights-and-intelligence/insight-and-thought-leader-content-type/analysis-and-reports | topic: mobility-global:products-and-platforms/product-families/loyalty | theme: mobility-global:insights-and-intelligence/theme/automotive-consumer-trends | industrySector: mobility-global:contextual-variables/segmentation-and-user-context/industry-or-sector/automotive-oems | industrySector: mobility-global:contextual-variables/segmentation-and-user-context/industry-or-sector/automotive-dealers-and-retailers | audienceRole: mobility-global:contextual-variables/segmentation-and-user-context/audience-role/marketing-and-commercial-roles/market-analyst | audienceRole: mobility-global:contextual-variables/segmentation-and-user-context/audience-role/retail-dealer-aftermarket-roles/dealer-or-retailer | contentFormat: mobility-global:system-and-structural-tags/content-formats/written-formats/short-form-article,,
https://www.spglobal.com/automotive-insights/en/blogs/2025/03/2024-us-commercial-vehicle-market-stability-ev-growth,Blog or Automotive Insights,/content/mobility-global/en-us/automotive-insights/blogs/2025/03/2024-us-commercial-vehicle-market-stability-ev-growth,2024-us-commercial-vehicle-market-stability-ev-growth,EXISTING PAGE,Content already in AEM,APPLIED (10 tags),taxonomy-all-pages.zip,10,pillars: mobility-global:pillars/planning-solutions | insightsThoughtLeaderContentType: mobility-global:insights-and-intelligence/insight-and-thought-leader-content-type/analysis-and-reports | theme: mobility-global:insights-and-intelligence/topic/industry-benchmarks/automotive-industry-forecast-and-analysis | theme: mobility-global:insights-and-intelligence/theme/commercial-vehicle-market | industrySector: mobility-global:contextual-variables/segmentation-and-user-context/industry-or-sector/automotive-oems | audienceRole: mobility-global:contextual-variables/segmentation-and-user-context/audience-role/marketing-and-commercial-roles/market-analyst | contentFormat: mobility-global:system-and-structural-tags/content-formats/written-formats/short-form-article | marketSalesRegion: mobility-global:contextual-variables/market-context/market-sales-region/north-america | marketRegion: mobility-global:contextual-variables/market-context/market-sales-region/north-america | marketCountry: mobility-global:contextual-variables/market-context/market-country/united-states,,
https://www.spglobal.com/automotive-insights/en/blogs/2025/03/canada-electric-vehicle-industry-insights,Blog or Automotive Insights,/content/mobility-global/en-us/automotive-insights/blogs/2025/03/canada-electric-vehicle-industry-insights,canada-electric-vehicle-industry-insights,EXISTING PAGE,Content already in AEM,APPLIED (11 tags),taxonomy-all-pages.zip,11,pillars: mobility-global:pillars/planning-solutions | insightsThoughtLeaderContentType: mobility-global:insights-and-intelligence/insight-and-thought-leader-content-type/analysis-and-reports | topic: mobility-global:insights-and-intelligence/topic/market-themes-or-analytical-topics/market-segmentation-insights | topic: mobility-global:insights-and-intelligence/topic/electrification/ev-adoption | theme: mobility-global:insights-and-intelligence/theme/electric-vehicles | industrySector: mobility-global:contextual-variables/segmentation-and-user-context/industry-or-sector/automotive-oems | audienceRole: mobility-global:contextual-variables/segmentation-and-user-context/audience-role/marketing-and-commercial-roles/market-analyst | contentFormat: mobility-global:system-and-structural-tags/content-formats/written-formats/short-form-article | marketSalesRegion: mobility-global:contextual-variables/market-context/market-sales-region/north-america | marketRegion: mobility-global:contextual-variables/market-context/market-sales-region/north-america ...,,
https://www.spglobal.com/automotive-insights/en/blogs/2025/03/electrification-electric-vehicle-trends-united-states,Blog or Automotive Insights,/content/mobility-global/en-us/automotive-insights/blogs/2025/03/electrification-electric-vehicle-trends-united-states,electrification-electric-vehicle-trends-united-states,EXISTING PAGE,Content already in AEM,APPLIED (11 tags),taxonomy-all-pages.zip,11,pillars: mobility-global:pillars/planning-solutions | insightsThoughtLeaderContentType: mobility-global:insights-and-intelligence/insight-and-thought-leader-content-type/analysis-and-reports | insightsThoughtLeaderContentType: mobility-global:insights-and-intelligence/insight-and-thought-leader-content-type/market-news-and-updates | topic: mobility-global:insights-and-intelligence/topic/electrification/ev-adoption | theme: mobility-global:insights-and-intelligence/theme/electric-vehicles | industrySector: mobility-global:contextual-variables/segmentation-and-user-context/industry-or-sector/automotive-oems | audienceRole: mobility-global:contextual-variables/segmentation-and-user-context/audience-role/marketing-and-commercial-roles/market-analyst | contentFormat: mobility-global:system-and-structural-tags/content-formats/written-formats/short-form-article | marketSalesRegion: mobility-global:contextual-variables/market-context/market-sales-region/north-america | marketRegion: mobility-global:contextual-variables/market-context/market-sales-region/north-america ...,,
https://www.spglobal.com/automotive-insights/en/blogs/2025/03/hydrogen-trucks-in-india-green-hydrogen-potential,Blog or Automotive Insights,/content/mobility-global/en-us/automotive-insights/blogs/2025/03/hydrogen-trucks-in-india-green-hydrogen-potential,hydrogen-trucks-in-india-green-hydrogen-potential,EXISTING PAGE,Content already in AEM,APPLIED (9 tags),taxonomy-all-pages.zip,9,pillars: mobility-global:pillars/planning-solutions | insightsThoughtLeaderContentType: mobility-global:insights-and-intelligence/insight-and-thought-leader-content-type/analysis-and-reports | insightsThoughtLeaderContentType: mobility-global:insights-and-intelligence/insight-and-thought-leader-content-type/market-news-and-updates | topic: mobility-global:insights-and-intelligence/topic/sustainability-and-esg/automotive-sustainability-and-esg | theme: mobility-global:insights-and-intelligence/theme/automotive-sustainability | industrySector: mobility-global:contextual-variables/segmentation-and-user-context/industry-or-sector/automotive-oems | audienceRole: mobility-global:contextual-variables/segmentation-and-user-context/audience-role/oem-and-supplier-roles/product-planner | contentFormat: mobility-global:system-and-structural-tags/content-formats/written-formats/short-form-article | marketCountry: mobility-global:contextual-variables/market-context/market-country/india,,
https://www.spglobal.com/automotive-insights/en/blogs/2025/03/hyundai-investment-us-localization-efforts,Blog or Automotive Insights,/content/mobility-global/en-us/automotive-insights/blogs/2025/03/hyundai-investment-us-localization-efforts,hyundai-investment-us-localization-efforts,EXISTING PAGE,Content already in AEM,APPLIED (8 tags),taxonomy-all-pages.zip,8,pillars: mobility-global:pillars/planning-solutions | insightsThoughtLeaderContentType: mobility-global:insights-and-intelligence/insight-and-thought-leader-content-type/market-news-and-updates | topic: mobility-global:insights-and-intelligence/topic/market-themes-or-analytical-topics/market-volatility-trends | theme: mobility-global:insights-and-intelligence/topic/industry-benchmarks/automotive-industry-forecast-and-analysis | contentFormat: mobility-global:system-and-structural-tags/content-formats/written-formats/short-form-article | marketSalesRegion: mobility-global:contextual-variables/market-context/market-sales-region/north-america | marketRegion: mobility-global:contextual-variables/market-context/market-sales-region/north-america | marketCountry: mobility-global:contextual-variables/market-context/market-country/united-states,,
https://www.spglobal.com/automotive-insights/en/blogs/2025/03/india-ev-market-trends-future,Blog or Automotive Insights,/content/mobility-global/en-us/automotive-insights/blogs/2025/03/india-ev-market-trends-future,india-ev-market-trends-future,EXISTING PAGE,Content already in AEM,APPLIED (8 tags),taxonomy-all-pages.zip,8,pillars: mobility-global:pillars/planning-solutions | insightsThoughtLeaderContentType: mobility-global:insights-and-intelligence/insight-and-thought-leader-content-type/analysis-and-reports | insightsThoughtLeaderContentType: mobility-global:insights-and-intelligence/insight-and-thought-leader-content-type/market-news-and-updates | theme: mobility-global:insights-and-intelligence/theme/electric-vehicles | industrySector: mobility-global:contextual-variables/segmentation-and-user-context/industry-or-sector/automotive-oems | audienceRole: mobility-global:contextual-variables/segmentation-and-user-context/audience-role/marketing-and-commercial-roles/market-analyst | contentFormat: mobility-global:system-and-structural-tags/content-formats/written-formats/short-form-article | marketCountry: mobility-global:contextual-variables/market-context/market-country/india,,
https://www.spglobal.com/automotive-insights/en/blogs/2025/03/metal-tariffs-automotive-industry-impact,Blog or Automotive Insights,/content/mobility-global/en-us/automotive-insights/blogs/2025/03/metal-tariffs-automotive-industry-impact,metal-tariffs-automotive-industry-impact,EXISTING PAGE,Content already in AEM,APPLIED (11 tags),taxonomy-all-pages.zip,11,pillars: mobility-global:pillars/planning-solutions | insightsThoughtLeaderContentType: mobility-global:insights-and-intelligence/insight-and-thought-leader-content-type/analysis-and-reports | insightsThoughtLeaderContentType: mobility-global:insights-and-intelligence/insight-and-thought-leader-content-type/market-news-and-updates | topic: mobility-global:insights-and-intelligence/topic/macro-economic-drivers/automotive-tariffs-and-trade-policy | theme: mobility-global:insights-and-intelligence/theme/automotive-tariffs | regulatoryContext: mobility-global:contextual-variables/regulatory-and-operating-context/regulatory-context/policy | industrySector: mobility-global:contextual-variables/segmentation-and-user-context/industry-or-sector/automotive-oems | industrySector: mobility-global:contextual-variables/segmentation-and-user-context/industry-or-sector/automotive-suppliers-and-supply-chain | audienceRole: mobility-global:contextual-variables/segmentation-and-user-context/audience-role/oem-and-supplier-roles/oem-strategist | audienceRole: mobility-global:contextual-variables/segmentation-and-user-context/audience-role/oem-and-supplier-roles/supply-chain-analyst ...,,
https://www.spglobal.com/automotive-insights/en/blogs/2025/03/more-oems-expected-to-push-level-3-autonomy,Blog or Automotive Insights,/content/mobility-global/en-us/automotive-insights/blogs/2025/03/more-oems-expected-to-push-level-3-autonomy,more-oems-expected-to-push-level-3-autonomy,EXISTING PAGE,Content already in AEM,APPLIED (8 tags),taxonomy-all-pages.zip,8,pillars: mobility-global:pillars/planning-solutions | insightsThoughtLeaderContentType: mobility-global:insights-and-intelligence/insight-and-thought-leader-content-type/analysis-and-reports | topic: mobility-global:insights-and-intelligence/topic/technology-and-innovation/autonomous-vehicles-and-adas | theme: mobility-global:insights-and-intelligence/theme/future-of-mobility | industrySector: mobility-global:contextual-variables/segmentation-and-user-context/industry-or-sector/automotive-oems | audienceRole: mobility-global:contextual-variables/segmentation-and-user-context/audience-role/oem-and-supplier-roles/product-planner | audienceRole: mobility-global:contextual-variables/segmentation-and-user-context/audience-role/oem-and-supplier-roles/technical-specialists | contentFormat: mobility-global:system-and-structural-tags/content-formats/written-formats/short-form-article,,
https://www.spglobal.com/automotive-insights/en/blogs/2025/03/tesla-robotaxi-bold-vision-significant-roadblocks,Blog or Automotive Insights,/content/mobility-global/en-us/automotive-insights/blogs/2025/03/tesla-robotaxi-bold-vision-significant-roadblocks,tesla-robotaxi-bold-vision-significant-roadblocks,EXISTING PAGE,Content already in AEM,APPLIED (8 tags),taxonomy-all-pages.zip,8,pillars: mobility-global:pillars/planning-solutions | insightsThoughtLeaderContentType: mobility-global:insights-and-intelligence/insight-and-thought-leader-content-type/analysis-and-reports | topic: mobility-global:insights-and-intelligence/topic/technology-and-innovation/autonomous-vehicles-and-adas | theme: mobility-global:insights-and-intelligence/theme/future-of-mobility | industrySector: mobility-global:contextual-variables/segmentation-and-user-context/industry-or-sector/automotive-oems | audienceRole: mobility-global:contextual-variables/segmentation-and-user-context/audience-role/oem-and-supplier-roles/oem-strategist | audienceRole: mobility-global:contextual-variables/segmentation-and-user-context/audience-role/oem-and-supplier-roles/product-planner | contentFormat: mobility-global:system-and-structural-tags/content-formats/written-formats/short-form-article,,
https://www.spglobal.com/automotive-insights/en/blogs/2025/04/auto-supply-chain-suppliers-mergers,Blog or Automotive Insights,/content/mobility-global/en-us/automotive-insights/blogs/2025/04/auto-supply-chain-suppliers-mergers,auto-supply-chain-suppliers-mergers,EXISTING PAGE,Content already in AEM,APPLIED (11 tags),taxonomy-all-pages.zip,11,pillars: mobility-global:pillars/planning-solutions | insightsThoughtLeaderContentType: mobility-global:insights-and-intelligence/insight-and-thought-leader-content-type/analysis-and-reports | insightsThoughtLeaderContentType: mobility-global:insights-and-intelligence/insight-and-thought-leader-content-type/market-news-and-updates | topic: mobility-global:insights-and-intelligence/topic/supply-chain-and-manufacturing/automotive-supply-chain-disruption-and-resilience | topic: mobility-global:insights-and-intelligence/topic/market-themes-or-analytical-topics/market-volatility-trends | theme: mobility-global:insights-and-intelligence/theme/automotive-supply-chain | theme: mobility-global:insights-and-intelligence/theme/supply-chain-resilience | industrySector: mobility-global:contextual-variables/segmentation-and-user-context/industry-or-sector/automotive-suppliers-and-supply-chain | audienceRole: mobility-global:contextual-variables/segmentation-and-user-context/audience-role/oem-and-supplier-roles/supply-chain-analyst | audienceRole: mobility-global:contextual-variables/segmentation-and-user-context/audience-role/oem-and-supplier-roles/business-development ...,,
https://www.spglobal.com/automotive-insights/en/blogs/2025/04/byd-charges-ahead-super-e-platform,Blog or Automotive Insights,/content/mobility-global/en-us/automotive-insights/blogs/2025/04/byd-charges-ahead-super-e-platform,byd-charges-ahead-super-e-platform,EXISTING PAGE,Content already in AEM,APPLIED (8 tags),taxonomy-all-pages.zip,8,pillars: mobility-global:pillars/planning-solutions | insightsThoughtLeaderContentType: mobility-global:insights-and-intelligence/insight-and-thought-leader-content-type/analysis-and-reports | theme: mobility-global:insights-and-intelligence/theme/electric-vehicles | theme: mobility-global:insights-and-intelligence/theme/future-of-mobility | industrySector: mobility-global:contextual-variables/segmentation-and-user-context/industry-or-sector/automotive-oems | audienceRole: mobility-global:contextual-variables/segmentation-and-user-context/audience-role/oem-and-supplier-roles/product-planner | audienceRole: mobility-global:contextual-variables/segmentation-and-user-context/audience-role/oem-and-supplier-roles/competitive-intelligence | contentFormat: mobility-global:system-and-structural-tags/content-formats/written-formats/short-form-article,,
https://www.spglobal.com/automotive-insights/en/blogs/2025/04/catl-byd-battery-tech-news,Blog or Automotive Insights,/content/mobility-global/en-us/automotive-insights/blogs/2025/04/catl-byd-battery-tech-news,catl-byd-battery-tech-news,EXISTING PAGE,Content already in AEM,APPLIED (12 tags),taxonomy-all-pages.zip,12,pillars: mobility-global:pillars/planning-solutions | insightsThoughtLeaderContentType: mobility-global:insights-and-intelligence/insight-and-thought-leader-content-type/market-news-and-updates | topic: mobility-global:insights-and-intelligence/topic/electrification/ev-battery-technology | topic: mobility-global:insights-and-intelligence/topic/market-themes-or-analytical-topics/competitive-landscape | theme: mobility-global:insights-and-intelligence/topic/electrification/ev-battery-technology | industrySector: mobility-global:contextual-variables/segmentation-and-user-context/industry-or-sector/automotive-suppliers-and-supply-chain | audienceRole: mobility-global:contextual-variables/segmentation-and-user-context/audience-role/oem-and-supplier-roles/business-development | audienceRole: mobility-global:contextual-variables/segmentation-and-user-context/audience-role/oem-and-supplier-roles/technical-specialists | contentFormat: mobility-global:system-and-structural-tags/content-formats/written-formats/short-form-article | marketSalesRegion: mobility-global:contextual-variables/market-context/market-sales-region/greater-china ...,,
https://www.spglobal.com/automotive-insights/en/blogs/2025/04/future-of-automotive-procurement-key-trends,Blog or Automotive Insights,/content/mobility-global/en-us/automotive-insights/blogs/2025/04/future-of-automotive-procurement-key-trends,future-of-automotive-procurement-key-trends,EXISTING PAGE,Content already in AEM,APPLIED (11 tags),taxonomy-all-pages.zip,11,pillars: mobility-global:pillars/planning-solutions | insightsThoughtLeaderContentType: mobility-global:insights-and-intelligence/insight-and-thought-leader-content-type/analysis-and-reports | topic: mobility-global:insights-and-intelligence/topic/supply-chain-and-manufacturing/automotive-supply-chain-risk-management | topic: mobility-global:insights-and-intelligence/topic/supply-chain-and-manufacturing/automotive-supply-chain-disruption-and-resilience | theme: mobility-global:insights-and-intelligence/theme/automotive-supply-chain | theme: mobility-global:insights-and-intelligence/theme/supply-chain-resilience | industrySector: mobility-global:contextual-variables/segmentation-and-user-context/industry-or-sector/automotive-oems | industrySector: mobility-global:contextual-variables/segmentation-and-user-context/industry-or-sector/automotive-suppliers-and-supply-chain | audienceRole: mobility-global:contextual-variables/segmentation-and-user-context/audience-role/oem-and-supplier-roles/procurement | audienceRole: mobility-global:contextual-variables/segmentation-and-user-context/audience-role/oem-and-supplier-roles/supply-chain-analyst ...,,
https://www.spglobal.com/automotive-insights/en/blogs/2025/04/hyundai-pleos-software-launch-shifts-mobility-game,Blog or Automotive Insights,/content/mobility-global/en-us/automotive-insights/blogs/2025/04/hyundai-pleos-software-launch-shifts-mobility-game,hyundai-pleos-software-launch-shifts-mobility-game,EXISTING PAGE,Content already in AEM,APPLIED (8 tags),taxonomy-all-pages.zip,8,pillars: mobility-global:pillars/planning-solutions | insightsThoughtLeaderContentType: mobility-global:insights-and-intelligence/insight-and-thought-leader-content-type/market-news-and-updates | topic: mobility-global:insights-and-intelligence/topic/technology-and-innovation/software-defined-vehicles-sdv | theme: mobility-global:insights-and-intelligence/theme/software-defined-vehicles | industrySector: mobility-global:contextual-variables/segmentation-and-user-context/industry-or-sector/automotive-oems | audienceRole: mobility-global:contextual-variables/segmentation-and-user-context/audience-role/oem-and-supplier-roles/oem-strategist | audienceRole: mobility-global:contextual-variables/segmentation-and-user-context/audience-role/oem-and-supplier-roles/product-planner | contentFormat: mobility-global:system-and-structural-tags/content-formats/written-formats/short-form-article,,
https://www.spglobal.com/automotive-insights/en/blogs/2025/04/lexus-german-cars-luxury-car-buyers-behavior,Blog or Automotive Insights,/content/mobility-global/en-us/automotive-insights/blogs/2025/04/lexus-german-cars-luxury-car-buyers-behavior,lexus-german-cars-luxury-car-buyers-behavior,EXISTING PAGE,Content already in AEM,APPLIED (7 tags),taxonomy-all-pages.zip,7,pillars: mobility-global:pillars/sales-solutions | insightsThoughtLeaderContentType: mobility-global:insights-and-intelligence/insight-and-thought-leader-content-type/analysis-and-reports | topic: mobility-global:insights-and-intelligence/topic/market-themes-or-analytical-topics/consumer-behavior-insights | theme: mobility-global:insights-and-intelligence/theme/automotive-consumer-trends | industrySector: mobility-global:contextual-variables/segmentation-and-user-context/industry-or-sector/automotive-oems | audienceRole: mobility-global:contextual-variables/segmentation-and-user-context/audience-role/marketing-and-commercial-roles/market-analyst | contentFormat: mobility-global:system-and-structural-tags/content-formats/written-formats/short-form-article,,
https://www.spglobal.com/automotive-insights/en/blogs/2025/04/suppliers-outpace-automaker-profits-q4-2024,Blog or Automotive Insights,/content/mobility-global/en-us/automotive-insights/blogs/2025/04/suppliers-outpace-automaker-profits-q4-2024,suppliers-outpace-automaker-profits-q4-2024,EXISTING PAGE,Content already in AEM,APPLIED (9 tags),taxonomy-all-pages.zip,9,pillars: mobility-global:pillars/planning-solutions | insightsThoughtLeaderContentType: mobility-global:insights-and-intelligence/insight-and-thought-leader-content-type/analysis-and-reports | theme: mobility-global:insights-and-intelligence/topic/industry-benchmarks/automotive-industry-forecast-and-analysis | theme: mobility-global:insights-and-intelligence/theme/automotive-supply-chain | industrySector: mobility-global:contextual-variables/segmentation-and-user-context/industry-or-sector/automotive-suppliers-and-supply-chain | industrySector: mobility-global:contextual-variables/segmentation-and-user-context/industry-or-sector/automotive-oems | audienceRole: mobility-global:contextual-variables/segmentation-and-user-context/audience-role/oem-and-supplier-roles/supply-chain-analyst | audienceRole: mobility-global:contextual-variables/segmentation-and-user-context/audience-role/marketing-and-commercial-roles/market-analyst | contentFormat: mobility-global:system-and-structural-tags/content-formats/written-formats/short-form-article,,
https://www.spglobal.com/automotive-insights/en/blogs/2025/05/autonomous-vehicles-and-rising-consumer-trust,Blog or Automotive Insights,/content/mobility-global/en-us/automotive-insights/blogs/2025/05/autonomous-vehicles-and-rising-consumer-trust,autonomous-vehicles-and-rising-consumer-trust,EXISTING PAGE,Content already in AEM,APPLIED (8 tags),taxonomy-all-pages.zip,8,pillars: mobility-global:pillars/planning-solutions | insightsThoughtLeaderContentType: mobility-global:insights-and-intelligence/insight-and-thought-leader-content-type/analysis-and-reports | topic: mobility-global:insights-and-intelligence/topic/technology-and-innovation/autonomous-vehicles-and-adas | topic: mobility-global:insights-and-intelligence/topic/market-themes-or-analytical-topics/consumer-behavior-insights | theme: mobility-global:insights-and-intelligence/theme/future-of-mobility | industrySector: mobility-global:contextual-variables/segmentation-and-user-context/industry-or-sector/automotive-oems | audienceRole: mobility-global:contextual-variables/segmentation-and-user-context/audience-role/marketing-and-commercial-roles/market-analyst | contentFormat: mobility-global:system-and-structural-tags/content-formats/written-formats/short-form-article,,
https://www.spglobal.com/automotive-insights/en/blogs/2025/05/average-age-of-vehicle-in-us,Blog or Automotive Insights,/content/mobility-global/en-us/automotive-insights/blogs/2025/05/average-age-of-vehicle-in-us,average-age-of-vehicle-in-us,EXISTING PAGE,Content already in AEM,APPLIED (7 tags),taxonomy-all-pages.zip,7,pillars: mobility-global:pillars/sales-solutions | insightsThoughtLeaderContentType: mobility-global:insights-and-intelligence/insight-and-thought-leader-content-type/analysis-and-reports | topic: mobility-global:insights-and-intelligence/topic/industry-benchmarks/automotive-industry-forecast-and-analysis | contentFormat: mobility-global:system-and-structural-tags/content-formats/written-formats/short-form-article | marketSalesRegion: mobility-global:contextual-variables/market-context/market-sales-region/north-america | marketRegion: mobility-global:contextual-variables/market-context/market-sales-region/north-america | marketCountry: mobility-global:contextual-variables/market-context/market-country/united-states,,
https://www.spglobal.com/automotive-insights/en/blogs/2025/05/benchmarking-guide-software-defined-vehicles,Blog or Automotive Insights,/content/mobility-global/en-us/automotive-insights/blogs/2025/05/benchmarking-guide-software-defined-vehicles,benchmarking-guide-software-defined-vehicles,EXISTING PAGE,Content already in AEM,APPLIED (7 tags),taxonomy-all-pages.zip,7,pillars: mobility-global:pillars/planning-solutions | insightsThoughtLeaderContentType: mobility-global:insights-and-intelligence/insight-and-thought-leader-content-type/analysis-and-reports | topic: mobility-global:insights-and-intelligence/topic/technology-and-innovation/software-defined-vehicles-sdv | theme: mobility-global:insights-and-intelligence/theme/software-defined-vehicles | industrySector: mobility-global:contextual-variables/segmentation-and-user-context/industry-or-sector/automotive-oems | audienceRole: mobility-global:contextual-variables/segmentation-and-user-context/audience-role/oem-and-supplier-roles/competitive-intelligence | contentFormat: mobility-global:system-and-structural-tags/content-formats/written-formats/short-form-article,,
https://www.spglobal.com/automotive-insights/en/blogs/2025/05/california-advanced-clean-cars-zev-rules,Blog or Automotive Insights,/content/mobility-global/en-us/automotive-insights/blogs/2025/05/california-advanced-clean-cars-zev-rules,california-advanced-clean-cars-zev-rules,EXISTING PAGE,Content already in AEM,APPLIED (14 tags),taxonomy-all-pages.zip,14,pillars: mobility-global:pillars/planning-solutions | insightsThoughtLeaderContentType: mobility-global:insights-and-intelligence/insight-and-thought-leader-content-type/analysis-and-reports | insightsThoughtLeaderContentType: mobility-global:insights-and-intelligence/insight-and-thought-leader-content-type/market-news-and-updates | topic: mobility-global:insights-and-intelligence/topic/risk-safety-and-compliance/regulations-and-compliance | topic: mobility-global:insights-and-intelligence/topic/sustainability-and-esg/automotive-sustainability-and-esg | theme: mobility-global:insights-and-intelligence/theme/automotive-sustainability | regulatoryContext: mobility-global:contextual-variables/regulatory-and-operating-context/regulatory-context/policy | regulatoryContext: mobility-global:contextual-variables/regulatory-and-operating-context/regulatory-context/emissions-standards | industrySector: mobility-global:contextual-variables/segmentation-and-user-context/industry-or-sector/automotive-oems | audienceRole: mobility-global:contextual-variables/segmentation-and-user-context/audience-role/regulatory-risk-and-policy-roles/government-or-policy-maker ...,,
https://www.spglobal.com/automotive-insights/en/blogs/2025/05/commercial-vehicle-forecast-cut-2025-tariffs-economy,Blog or Automotive Insights,/content/mobility-global/en-us/automotive-insights/blogs/2025/05/commercial-vehicle-forecast-cut-2025-tariffs-economy,commercial-vehicle-forecast-cut-2025-tariffs-economy,EXISTING PAGE,Content already in AEM,APPLIED (11 tags),taxonomy-all-pages.zip,11,pillars: mobility-global:pillars/planning-solutions | insightsThoughtLeaderContentType: mobility-global:insights-and-intelligence/insight-and-thought-leader-content-type/data-and-forecasts | insightsThoughtLeaderContentType: mobility-global:insights-and-intelligence/insight-and-thought-leader-content-type/analysis-and-reports | topic: mobility-global:insights-and-intelligence/topic/macro-economic-drivers/automotive-tariffs-and-trade-policy | topic: mobility-global:insights-and-intelligence/topic/macro-economic-drivers | topic: mobility-global:insights-and-intelligence/topic/industry-benchmarks/automotive-industry-forecast-and-analysis | theme: mobility-global:insights-and-intelligence/topic/industry-benchmarks/automotive-industry-forecast-and-analysis | theme: mobility-global:insights-and-intelligence/theme/commercial-vehicle-market | industrySector: mobility-global:contextual-variables/segmentation-and-user-context/industry-or-sector/automotive-oems | audienceRole: mobility-global:contextual-variables/segmentation-and-user-context/audience-role/marketing-and-commercial-roles/market-analyst ...,,
https://www.spglobal.com/automotive-insights/en/blogs/2025/05/critical-minerals-shortages-looming-threat-ev-industry,Blog or Automotive Insights,/content/mobility-global/en-us/automotive-insights/blogs/2025/05/critical-minerals-shortages-looming-threat-ev-industry,critical-minerals-shortages-looming-threat-ev-industry,EXISTING PAGE,Content already in AEM,APPLIED (10 tags),taxonomy-all-pages.zip,10,pillars: mobility-global:pillars/planning-solutions | insightsThoughtLeaderContentType: mobility-global:insights-and-intelligence/insight-and-thought-leader-content-type/analysis-and-reports | topic: mobility-global:insights-and-intelligence/topic/supply-chain-and-manufacturing/automotive-supply-chain-disruption-and-resilience | theme: mobility-global:insights-and-intelligence/theme/automotive-supply-chain | theme: mobility-global:insights-and-intelligence/theme/supply-chain-resilience | industrySector: mobility-global:contextual-variables/segmentation-and-user-context/industry-or-sector/automotive-suppliers-and-supply-chain | industrySector: mobility-global:contextual-variables/segmentation-and-user-context/industry-or-sector/automotive-oems | audienceRole: mobility-global:contextual-variables/segmentation-and-user-context/audience-role/oem-and-supplier-roles/supply-chain-analyst | audienceRole: mobility-global:contextual-variables/segmentation-and-user-context/audience-role/oem-and-supplier-roles/procurement | contentFormat: mobility-global:system-and-structural-tags/content-formats/written-formats/short-form-article,,
https://www.spglobal.com/automotive-insights/en/blogs/2025/05/how-oems-can-navigate-end-of-life-vehicles-directive,Blog or Automotive Insights,/content/mobility-global/en-us/automotive-insights/blogs/2025/05/how-oems-can-navigate-end-of-life-vehicles-directive,how-oems-can-navigate-end-of-life-vehicles-directive,EXISTING PAGE,Content already in AEM,APPLIED (9 tags),taxonomy-all-pages.zip,9,pillars: mobility-global:pillars/planning-solutions | insightsThoughtLeaderContentType: mobility-global:insights-and-intelligence/insight-and-thought-leader-content-type/analysis-and-reports | topic: mobility-global:insights-and-intelligence/topic/risk-safety-and-compliance/regulations-and-compliance | topic: mobility-global:insights-and-intelligence/topic/sustainability-and-esg/automotive-circular-economy | theme: mobility-global:insights-and-intelligence/theme/automotive-sustainability | regulatoryContext: mobility-global:contextual-variables/regulatory-and-operating-context/regulatory-context/policy | industrySector: mobility-global:contextual-variables/segmentation-and-user-context/industry-or-sector/automotive-oems | audienceRole: mobility-global:contextual-variables/segmentation-and-user-context/audience-role/regulatory-risk-and-policy-roles/government-or-policy-maker | contentFormat: mobility-global:system-and-structural-tags/content-formats/written-formats/short-form-article,,
https://www.spglobal.com/automotive-insights/en/blogs/2025/05/motorcycle-powersports-industry-loyalty-hits-five-year-high,Blog or Automotive Insights,/content/mobility-global/en-us/automotive-insights/blogs/2025/05/motorcycle-powersports-industry-loyalty-hits-five-year-high,motorcycle-powersports-industry-loyalty-hits-five-year-high,EXISTING PAGE,Content already in AEM,APPLIED (6 tags),taxonomy-all-pages.zip,6,pillars: mobility-global:pillars/sales-solutions | productFamily: mobility-global:products-and-platforms/product-families/loyalty | insightsThoughtLeaderContentType: mobility-global:insights-and-intelligence/insight-and-thought-leader-content-type/analysis-and-reports | topic: mobility-global:products-and-platforms/product-families/loyalty | theme: mobility-global:insights-and-intelligence/theme/automotive-consumer-trends | contentFormat: mobility-global:system-and-structural-tags/content-formats/written-formats/short-form-article,,
https://www.spglobal.com/automotive-insights/en/blogs/2025/05/nevi-program-freeze-shakes-ev-charging-industry,Blog or Automotive Insights,/content/mobility-global/en-us/automotive-insights/blogs/2025/05/nevi-program-freeze-shakes-ev-charging-industry,nevi-program-freeze-shakes-ev-charging-industry,EXISTING PAGE,Content already in AEM,APPLIED (14 tags),taxonomy-all-pages.zip,14,pillars: mobility-global:pillars/planning-solutions | insightsThoughtLeaderContentType: mobility-global:insights-and-intelligence/insight-and-thought-leader-content-type/analysis-and-reports | insightsThoughtLeaderContentType: mobility-global:insights-and-intelligence/insight-and-thought-leader-content-type/market-news-and-updates | topic: mobility-global:insights-and-intelligence/topic/electrification/ev-charging-infrastructure | topic: mobility-global:insights-and-intelligence/topic/risk-safety-and-compliance/regulations-and-compliance | theme: mobility-global:insights-and-intelligence/theme/electric-vehicles | regulatoryContext: mobility-global:contextual-variables/regulatory-and-operating-context/regulatory-context/policy | industrySector: mobility-global:contextual-variables/segmentation-and-user-context/industry-or-sector/automotive-oems | industrySector: mobility-global:contextual-variables/segmentation-and-user-context/industry-or-sector/automotive-suppliers-and-supply-chain | audienceRole: mobility-global:contextual-variables/segmentation-and-user-context/audience-role/regulatory-risk-and-policy-roles/government-or-policy-maker ...,,
https://www.spglobal.com/automotive-insights/en/blogs/2025/05/revamping-automotive-sourcing-electric-vehicle-market,Blog or Automotive Insights,/content/mobility-global/en-us/automotive-insights/blogs/2025/05/revamping-automotive-sourcing-electric-vehicle-market,revamping-automotive-sourcing-electric-vehicle-market,EXISTING PAGE,Content already in AEM,APPLIED (10 tags),taxonomy-all-pages.zip,10,pillars: mobility-global:pillars/planning-solutions | insightsThoughtLeaderContentType: mobility-global:insights-and-intelligence/insight-and-thought-leader-content-type/analysis-and-reports | topic: mobility-global:insights-and-intelligence/topic/supply-chain-and-manufacturing/automotive-supply-chain-risk-management | theme: mobility-global:insights-and-intelligence/theme/automotive-supply-chain | theme: mobility-global:insights-and-intelligence/theme/supply-chain-resilience | industrySector: mobility-global:contextual-variables/segmentation-and-user-context/industry-or-sector/automotive-oems | industrySector: mobility-global:contextual-variables/segmentation-and-user-context/industry-or-sector/automotive-suppliers-and-supply-chain | audienceRole: mobility-global:contextual-variables/segmentation-and-user-context/audience-role/oem-and-supplier-roles/procurement | audienceRole: mobility-global:contextual-variables/segmentation-and-user-context/audience-role/oem-and-supplier-roles/supply-chain-analyst | contentFormat: mobility-global:system-and-structural-tags/content-formats/written-formats/short-form-article,,
https://www.spglobal.com/automotive-insights/en/blogs/2025/05/shanghai-auto-show-2025-highlights,Blog or Automotive Insights,/content/mobility-global/en-us/automotive-insights/blogs/2025/05/shanghai-auto-show-2025-highlights,shanghai-auto-show-2025-highlights,EXISTING PAGE,Content already in AEM,APPLIED (8 tags),taxonomy-all-pages.zip,8,pillars: mobility-global:pillars/planning-solutions | insightsThoughtLeaderContentType: mobility-global:insights-and-intelligence/insight-and-thought-leader-content-type/events-and-webinars | topic: mobility-global:insights-and-intelligence/topic/industry-benchmarks/automotive-industry-forecast-and-analysis | theme: mobility-global:insights-and-intelligence/topic/industry-benchmarks/automotive-industry-forecast-and-analysis | contentFormat: mobility-global:system-and-structural-tags/content-formats/written-formats/short-form-article | marketSalesRegion: mobility-global:contextual-variables/market-context/market-sales-region/greater-china | marketRegion: mobility-global:contextual-variables/market-context/market-sales-region/greater-china | marketCountry: mobility-global:contextual-variables/market-context/market-country/mainland-china,,
https://www.spglobal.com/automotive-insights/en/blogs/2025/05/shanghai-auto-show-2025-highlights-reevs,Blog or Automotive Insights,/content/mobility-global/en-us/automotive-insights/blogs/2025/05/shanghai-auto-show-2025-highlights-reevs,shanghai-auto-show-2025-highlights-reevs,EXISTING PAGE,Content already in AEM,APPLIED (10 tags),taxonomy-all-pages.zip,10,pillars: mobility-global:pillars/planning-solutions | insightsThoughtLeaderContentType: mobility-global:insights-and-intelligence/insight-and-thought-leader-content-type/events-and-webinars | topic: mobility-global:insights-and-intelligence/topic/industry-benchmarks/automotive-industry-forecast-and-analysis | theme: mobility-global:insights-and-intelligence/topic/industry-benchmarks/automotive-industry-forecast-and-analysis | industrySector: mobility-global:contextual-variables/segmentation-and-user-context/industry-or-sector/automotive-oems | audienceRole: mobility-global:contextual-variables/segmentation-and-user-context/audience-role/oem-and-supplier-roles/product-planner | contentFormat: mobility-global:system-and-structural-tags/content-formats/written-formats/short-form-article | marketSalesRegion: mobility-global:contextual-variables/market-context/market-sales-region/greater-china | marketRegion: mobility-global:contextual-variables/market-context/market-sales-region/greater-china | marketCountry: mobility-global:contextual-variables/market-context/market-country/mainland-china,,
https://www.spglobal.com/automotive-insights/en/blogs/2025/05/superfast-ev-charging-china,Blog or Automotive Insights,/content/mobility-global/en-us/automotive-insights/blogs/2025/05/superfast-ev-charging-china,superfast-ev-charging-china,EXISTING PAGE,Content already in AEM,APPLIED (12 tags),taxonomy-all-pages.zip,12,pillars: mobility-global:pillars/planning-solutions | insightsThoughtLeaderContentType: mobility-global:insights-and-intelligence/insight-and-thought-leader-content-type/analysis-and-reports | topic: mobility-global:insights-and-intelligence/topic/electrification/ev-charging-infrastructure | theme: mobility-global:insights-and-intelligence/theme/electric-vehicles | industrySector: mobility-global:contextual-variables/segmentation-and-user-context/industry-or-sector/automotive-oems | industrySector: mobility-global:contextual-variables/segmentation-and-user-context/industry-or-sector/automotive-suppliers-and-supply-chain | audienceRole: mobility-global:contextual-variables/segmentation-and-user-context/audience-role/oem-and-supplier-roles/product-planner | audienceRole: mobility-global:contextual-variables/segmentation-and-user-context/audience-role/oem-and-supplier-roles/technical-specialists | contentFormat: mobility-global:system-and-structural-tags/content-formats/written-formats/short-form-article | marketSalesRegion: mobility-global:contextual-variables/market-context/market-sales-region/greater-china ...,,
https://www.spglobal.com/automotive-insights/en/blogs/2025/06/automotive-computing-the-new-competitive-advantage-for-oems,Blog or Automotive Insights,/content/mobility-global/en-us/automotive-insights/blogs/2025/06/automotive-computing-the-new-competitive-advantage-for-oems,automotive-computing-the-new-competitive-advantage-for-oems,EXISTING PAGE,Content already in AEM,APPLIED (9 tags),taxonomy-all-pages.zip,9,pillars: mobility-global:pillars/planning-solutions | insightsThoughtLeaderContentType: mobility-global:insights-and-intelligence/insight-and-thought-leader-content-type/analysis-and-reports | topic: mobility-global:insights-and-intelligence/topic/technology-and-innovation/software-defined-vehicles-sdv | topic: mobility-global:insights-and-intelligence/topic/market-themes-or-analytical-topics/competitive-landscape | theme: mobility-global:insights-and-intelligence/theme/software-defined-vehicles | industrySector: mobility-global:contextual-variables/segmentation-and-user-context/industry-or-sector/automotive-oems | audienceRole: mobility-global:contextual-variables/segmentation-and-user-context/audience-role/oem-and-supplier-roles/competitive-intelligence | audienceRole: mobility-global:contextual-variables/segmentation-and-user-context/audience-role/oem-and-supplier-roles/technical-specialists | contentFormat: mobility-global:system-and-structural-tags/content-formats/written-formats/short-form-article,,
https://www.spglobal.com/automotive-insights/en/blogs/2025/06/automotive-industry-segments-brand-performance,Blog or Automotive Insights,/content/mobility-global/en-us/automotive-insights/blogs/2025/06/automotive-industry-segments-brand-performance,automotive-industry-segments-brand-performance,EXISTING PAGE,Content already in AEM,APPLIED (12 tags),taxonomy-all-pages.zip,12,pillars: mobility-global:pillars/planning-solutions | insightsThoughtLeaderContentType: mobility-global:insights-and-intelligence/insight-and-thought-leader-content-type/analysis-and-reports | topic: mobility-global:insights-and-intelligence/topic/market-themes-or-analytical-topics/market-segmentation-insights | topic: mobility-global:insights-and-intelligence/topic/market-themes-or-analytical-topics/competitive-landscape | theme: mobility-global:insights-and-intelligence/topic/industry-benchmarks/automotive-industry-forecast-and-analysis | industrySector: mobility-global:contextual-variables/segmentation-and-user-context/industry-or-sector/automotive-oems | audienceRole: mobility-global:contextual-variables/segmentation-and-user-context/audience-role/marketing-and-commercial-roles/market-analyst | audienceRole: mobility-global:contextual-variables/segmentation-and-user-context/audience-role/oem-and-supplier-roles/competitive-intelligence | contentFormat: mobility-global:system-and-structural-tags/content-formats/written-formats/short-form-article | marketSalesRegion: mobility-global:contextual-variables/market-context/market-sales-region/north-america ...,,
https://www.spglobal.com/automotive-insights/en/blogs/2025/06/fisita-2025-how-megatrends-are-transforming-vehicle-planning,Blog or Automotive Insights,/content/mobility-global/en-us/automotive-insights/blogs/2025/06/fisita-2025-how-megatrends-are-transforming-vehicle-planning,fisita-2025-how-megatrends-are-transforming-vehicle-planning,EXISTING PAGE,Content already in AEM,APPLIED (7 tags),taxonomy-all-pages.zip,7,pillars: mobility-global:pillars/planning-solutions | insightsThoughtLeaderContentType: mobility-global:insights-and-intelligence/insight-and-thought-leader-content-type/events-and-webinars | topic: mobility-global:insights-and-intelligence/topic/industry-benchmarks/automotive-industry-forecast-and-analysis | theme: mobility-global:insights-and-intelligence/topic/industry-benchmarks/automotive-industry-forecast-and-analysis | industrySector: mobility-global:contextual-variables/segmentation-and-user-context/industry-or-sector/automotive-oems | audienceRole: mobility-global:contextual-variables/segmentation-and-user-context/audience-role/oem-and-supplier-roles/product-planner | contentFormat: mobility-global:system-and-structural-tags/content-formats/written-formats/short-form-article,,
https://www.spglobal.com/automotive-insights/en/blogs/2025/06/innovative-strategies-for-automotive-supply-chain-resilience,Blog or Automotive Insights,/content/mobility-global/en-us/automotive-insights/blogs/2025/06/innovative-strategies-for-automotive-supply-chain-resilience,innovative-strategies-for-automotive-supply-chain-resilience,EXISTING PAGE,Content already in AEM,APPLIED (10 tags),taxonomy-all-pages.zip,10,pillars: mobility-global:pillars/planning-solutions | insightsThoughtLeaderContentType: mobility-global:insights-and-intelligence/insight-and-thought-leader-content-type/analysis-and-reports | topic: mobility-global:insights-and-intelligence/topic/supply-chain-and-manufacturing/automotive-supply-chain-disruption-and-resilience | topic: mobility-global:insights-and-intelligence/topic/supply-chain-and-manufacturing/automotive-supply-chain-risk-management | theme: mobility-global:insights-and-intelligence/theme/supply-chain-resilience | industrySector: mobility-global:contextual-variables/segmentation-and-user-context/industry-or-sector/automotive-oems | industrySector: mobility-global:contextual-variables/segmentation-and-user-context/industry-or-sector/automotive-suppliers-and-supply-chain | audienceRole: mobility-global:contextual-variables/segmentation-and-user-context/audience-role/oem-and-supplier-roles/supply-chain-analyst | audienceRole: mobility-global:contextual-variables/segmentation-and-user-context/audience-role/oem-and-supplier-roles/oem-strategist | contentFormat: mobility-global:system-and-structural-tags/content-formats/written-formats/short-form-article,,
https://www.spglobal.com/automotive-insights/en/blogs/2025/06/making-the-small-passenger-car-affordable,Blog or Automotive Insights,/content/mobility-global/en-us/automotive-insights/blogs/2025/06/making-the-small-passenger-car-affordable,making-the-small-passenger-car-affordable,EXISTING PAGE,Content already in AEM,APPLIED (9 tags),taxonomy-all-pages.zip,9,pillars: mobility-global:pillars/planning-solutions | insightsThoughtLeaderContentType: mobility-global:insights-and-intelligence/insight-and-thought-leader-content-type/analysis-and-reports | topic: mobility-global:insights-and-intelligence/topic/market-themes-or-analytical-topics/pricing-trends | topic: mobility-global:insights-and-intelligence/topic/market-themes-or-analytical-topics/market-segmentation-insights | theme: mobility-global:insights-and-intelligence/topic/industry-benchmarks/automotive-industry-forecast-and-analysis | industrySector: mobility-global:contextual-variables/segmentation-and-user-context/industry-or-sector/automotive-oems | audienceRole: mobility-global:contextual-variables/segmentation-and-user-context/audience-role/oem-and-supplier-roles/product-planner | audienceRole: mobility-global:contextual-variables/segmentation-and-user-context/audience-role/marketing-and-commercial-roles/market-analyst | contentFormat: mobility-global:system-and-structural-tags/content-formats/written-formats/short-form-article,,
https://www.spglobal.com/automotive-insights/en/blogs/2025/06/new-vehicle-registrations-drop-for-18-34-year-olds,Blog or Automotive Insights,/content/mobility-global/en-us/automotive-insights/blogs/2025/06/new-vehicle-registrations-drop-for-18-34-year-olds,new-vehicle-registrations-drop-for-18-34-year-olds,EXISTING PAGE,Content already in AEM,APPLIED (8 tags),taxonomy-all-pages.zip,8,pillars: mobility-global:pillars/sales-solutions | insightsThoughtLeaderContentType: mobility-global:insights-and-intelligence/insight-and-thought-leader-content-type/analysis-and-reports | topic: mobility-global:insights-and-intelligence/topic/market-themes-or-analytical-topics/demographic-trends | topic: mobility-global:insights-and-intelligence/topic/market-themes-or-analytical-topics/automotive-consumer-demand | theme: mobility-global:insights-and-intelligence/theme/automotive-consumer-trends | industrySector: mobility-global:contextual-variables/segmentation-and-user-context/industry-or-sector/automotive-oems | audienceRole: mobility-global:contextual-variables/segmentation-and-user-context/audience-role/marketing-and-commercial-roles/marketing-and-media-agencies | contentFormat: mobility-global:system-and-structural-tags/content-formats/written-formats/short-form-article,,
https://www.spglobal.com/automotive-insights/en/blogs/2025/06/qualcomm-automotive-technology-automotive-value-chain,Blog or Automotive Insights,/content/mobility-global/en-us/automotive-insights/blogs/2025/06/qualcomm-automotive-technology-automotive-value-chain,qualcomm-automotive-technology-automotive-value-chain,EXISTING PAGE,Content already in AEM,APPLIED (9 tags),taxonomy-all-pages.zip,9,pillars: mobility-global:pillars/planning-solutions | insightsThoughtLeaderContentType: mobility-global:insights-and-intelligence/insight-and-thought-leader-content-type/analysis-and-reports | topic: mobility-global:insights-and-intelligence/topic/technology-and-innovation/automotive-semiconductors | topic: mobility-global:insights-and-intelligence/topic/supply-chain-and-manufacturing/automotive-supply-chain-disruption-and-resilience | theme: mobility-global:insights-and-intelligence/theme/automotive-supply-chain | industrySector: mobility-global:contextual-variables/segmentation-and-user-context/industry-or-sector/automotive-suppliers-and-supply-chain | audienceRole: mobility-global:contextual-variables/segmentation-and-user-context/audience-role/oem-and-supplier-roles/technical-specialists | audienceRole: mobility-global:contextual-variables/segmentation-and-user-context/audience-role/oem-and-supplier-roles/supply-chain-analyst | contentFormat: mobility-global:system-and-structural-tags/content-formats/written-formats/short-form-article,,
https://www.spglobal.com/automotive-insights/en/blogs/2025/06/russia-automotive-market-challenges-foreign-automakers,Blog or Automotive Insights,/content/mobility-global/en-us/automotive-insights/blogs/2025/06/russia-automotive-market-challenges-foreign-automakers,russia-automotive-market-challenges-foreign-automakers,EXISTING PAGE,Content already in AEM,APPLIED (11 tags),taxonomy-all-pages.zip,11,pillars: mobility-global:pillars/planning-solutions | insightsThoughtLeaderContentType: mobility-global:insights-and-intelligence/insight-and-thought-leader-content-type/analysis-and-reports | topic: mobility-global:insights-and-intelligence/topic/market-themes-or-analytical-topics/global-automotive-markets | topic: mobility-global:insights-and-intelligence/topic/market-themes-or-analytical-topics/market-volatility-trends | theme: mobility-global:insights-and-intelligence/topic/industry-benchmarks/automotive-industry-forecast-and-analysis | industrySector: mobility-global:contextual-variables/segmentation-and-user-context/industry-or-sector/automotive-oems | audienceRole: mobility-global:contextual-variables/segmentation-and-user-context/audience-role/marketing-and-commercial-roles/market-analyst | contentFormat: mobility-global:system-and-structural-tags/content-formats/written-formats/short-form-article | marketSalesRegion: mobility-global:contextual-variables/market-context/market-region/europe | marketRegion: mobility-global:contextual-variables/market-context/market-region/europe ...,,
https://www.spglobal.com/automotive-insights/en/blogs/2025/06/sodium-ion-battery-technology,Blog or Automotive Insights,/content/mobility-global/en-us/automotive-insights/blogs/2025/06/sodium-ion-battery-technology,sodium-ion-battery-technology,EXISTING PAGE,Content already in AEM,APPLIED (9 tags),taxonomy-all-pages.zip,9,pillars: mobility-global:pillars/planning-solutions | insightsThoughtLeaderContentType: mobility-global:insights-and-intelligence/insight-and-thought-leader-content-type/analysis-and-reports | topic: mobility-global:insights-and-intelligence/topic/electrification/ev-battery-technology | theme: mobility-global:insights-and-intelligence/topic/electrification/ev-battery-technology | industrySector: mobility-global:contextual-variables/segmentation-and-user-context/industry-or-sector/automotive-oems | industrySector: mobility-global:contextual-variables/segmentation-and-user-context/industry-or-sector/automotive-suppliers-and-supply-chain | audienceRole: mobility-global:contextual-variables/segmentation-and-user-context/audience-role/oem-and-supplier-roles/product-planner | audienceRole: mobility-global:contextual-variables/segmentation-and-user-context/audience-role/oem-and-supplier-roles/technical-specialists | contentFormat: mobility-global:system-and-structural-tags/content-formats/written-formats/short-form-article,,
https://www.spglobal.com/automotive-insights/en/blogs/2025/06/your-automotive-marketing-guide-to-new-vehicle-launches,Blog or Automotive Insights,/content/mobility-global/en-us/automotive-insights/blogs/2025/06/your-automotive-marketing-guide-to-new-vehicle-launches,your-automotive-marketing-guide-to-new-vehicle-launches,EXISTING PAGE,Content already in AEM,APPLIED (5 tags),taxonomy-all-pages.zip,5,pillars: mobility-global:pillars/sales-solutions | insightsThoughtLeaderContentType: mobility-global:insights-and-intelligence/insight-and-thought-leader-content-type/analysis-and-reports | topic: mobility-global:insights-and-intelligence/topic/market-themes-or-analytical-topics/dealer-and-retail-trends | theme: mobility-global:insights-and-intelligence/theme/automotive-consumer-trends | contentFormat: mobility-global:system-and-structural-tags/content-formats/written-formats/short-form-article,,
https://www.spglobal.com/automotive-insights/en/blogs/2025/07/ai-in-automotive-industry,Blog or Automotive Insights,/content/mobility-global/en-us/automotive-insights/blogs/2025/07/ai-in-automotive-industry,ai-in-automotive-industry,EXISTING PAGE,Content already in AEM,APPLIED (7 tags),taxonomy-all-pages.zip,7,pillars: mobility-global:pillars/planning-solutions | insightsThoughtLeaderContentType: mobility-global:insights-and-intelligence/insight-and-thought-leader-content-type/analysis-and-reports | topic: mobility-global:insights-and-intelligence/topic/technology-and-innovation/autonomous-vehicles-and-adas | theme: mobility-global:insights-and-intelligence/theme/future-of-mobility | industrySector: mobility-global:contextual-variables/segmentation-and-user-context/industry-or-sector/automotive-oems | audienceRole: mobility-global:contextual-variables/segmentation-and-user-context/audience-role/oem-and-supplier-roles/technical-specialists | contentFormat: mobility-global:system-and-structural-tags/content-formats/written-formats/short-form-article,,
https://www.spglobal.com/automotive-insights/en/blogs/2025/07/chinas-xiaomi-yu7-launch-shakes-up-ev-landscape,Blog or Automotive Insights,/content/mobility-global/en-us/automotive-insights/blogs/2025/07/chinas-xiaomi-yu7-launch-shakes-up-ev-landscape,chinas-xiaomi-yu7-launch-shakes-up-ev-landscape,EXISTING PAGE,Content already in AEM,APPLIED (11 tags),taxonomy-all-pages.zip,11,pillars: mobility-global:pillars/planning-solutions | insightsThoughtLeaderContentType: mobility-global:insights-and-intelligence/insight-and-thought-leader-content-type/analysis-and-reports | topic: mobility-global:insights-and-intelligence/topic/market-themes-or-analytical-topics/competitive-landscape | theme: mobility-global:insights-and-intelligence/theme/electric-vehicles | industrySector: mobility-global:contextual-variables/segmentation-and-user-context/industry-or-sector/automotive-oems | audienceRole: mobility-global:contextual-variables/segmentation-and-user-context/audience-role/oem-and-supplier-roles/competitive-intelligence | audienceRole: mobility-global:contextual-variables/segmentation-and-user-context/audience-role/marketing-and-commercial-roles/market-analyst | contentFormat: mobility-global:system-and-structural-tags/content-formats/written-formats/short-form-article | marketSalesRegion: mobility-global:contextual-variables/market-context/market-sales-region/greater-china | marketRegion: mobility-global:contextual-variables/market-context/market-sales-region/greater-china ...,,
https://www.spglobal.com/automotive-insights/en/blogs/2025/07/chinese-robotaxi-companies-dominating-middle-east,Blog or Automotive Insights,/content/mobility-global/en-us/automotive-insights/blogs/2025/07/chinese-robotaxi-companies-dominating-middle-east,chinese-robotaxi-companies-dominating-middle-east,EXISTING PAGE,Content already in AEM,APPLIED (8 tags),taxonomy-all-pages.zip,8,pillars: mobility-global:pillars/planning-solutions | insightsThoughtLeaderContentType: mobility-global:insights-and-intelligence/insight-and-thought-leader-content-type/analysis-and-reports | topic: mobility-global:insights-and-intelligence/topic/technology-and-innovation/autonomous-vehicles-and-adas | theme: mobility-global:insights-and-intelligence/theme/future-of-mobility | industrySector: mobility-global:contextual-variables/segmentation-and-user-context/industry-or-sector/automotive-oems | audienceRole: mobility-global:contextual-variables/segmentation-and-user-context/audience-role/oem-and-supplier-roles/oem-strategist | contentFormat: mobility-global:system-and-structural-tags/content-formats/written-formats/short-form-article | marketCountry: mobility-global:contextual-variables/market-context/market-country/mainland-china,,
https://www.spglobal.com/automotive-insights/en/blogs/2025/07/connected-car-study-consumer-priorities-on-connected-services,Blog or Automotive Insights,/content/mobility-global/en-us/automotive-insights/blogs/2025/07/connected-car-study-consumer-priorities-on-connected-services,connected-car-study-consumer-priorities-on-connected-services,EXISTING PAGE,Content already in AEM,APPLIED (9 tags),taxonomy-all-pages.zip,9,pillars: mobility-global:pillars/planning-solutions | insightsThoughtLeaderContentType: mobility-global:insights-and-intelligence/insight-and-thought-leader-content-type/analysis-and-reports | topic: mobility-global:insights-and-intelligence/topic/technology-and-innovation/connected-cars-and-vehicles | topic: mobility-global:insights-and-intelligence/topic/market-themes-or-analytical-topics/consumer-behavior-insights | theme: mobility-global:insights-and-intelligence/theme/future-of-mobility | industrySector: mobility-global:contextual-variables/segmentation-and-user-context/industry-or-sector/automotive-oems | audienceRole: mobility-global:contextual-variables/segmentation-and-user-context/audience-role/oem-and-supplier-roles/product-planner | audienceRole: mobility-global:contextual-variables/segmentation-and-user-context/audience-role/marketing-and-commercial-roles/market-analyst | contentFormat: mobility-global:system-and-structural-tags/content-formats/written-formats/short-form-article,,
https://www.spglobal.com/automotive-insights/en/blogs/2025/07/decoding-vin-numbers-what-insurers-need-to-know,Blog or Automotive Insights,/content/mobility-global/en-us/automotive-insights/blogs/2025/07/decoding-vin-numbers-what-insurers-need-to-know,decoding-vin-numbers-what-insurers-need-to-know,EXISTING PAGE,Content already in AEM,APPLIED (7 tags),taxonomy-all-pages.zip,7,pillars: mobility-global:pillars/sales-solutions | insightsThoughtLeaderContentType: mobility-global:insights-and-intelligence/insight-and-thought-leader-content-type/analysis-and-reports | topic: mobility-global:insights-and-intelligence/topic/industry-benchmarks/automotive-industry-forecast-and-analysis | theme: mobility-global:insights-and-intelligence/topic/industry-benchmarks/automotive-industry-forecast-and-analysis | industrySector: mobility-global:contextual-variables/segmentation-and-user-context/industry-or-sector/fleet-management-and-leasing | audienceRole: mobility-global:contextual-variables/segmentation-and-user-context/audience-role/regulatory-risk-and-policy-roles/insurance-analyst-or-underwriter | contentFormat: mobility-global:system-and-structural-tags/content-formats/written-formats/short-form-article,,
https://www.spglobal.com/automotive-insights/en/blogs/2025/07/electric-vehicle-prices-match-or-beat-gas-cars,Blog or Automotive Insights,/content/mobility-global/en-us/automotive-insights/blogs/2025/07/electric-vehicle-prices-match-or-beat-gas-cars,electric-vehicle-prices-match-or-beat-gas-cars,EXISTING PAGE,Content already in AEM,APPLIED (7 tags),taxonomy-all-pages.zip,7,pillars: mobility-global:pillars/planning-solutions | insightsThoughtLeaderContentType: mobility-global:insights-and-intelligence/insight-and-thought-leader-content-type/analysis-and-reports | topic: mobility-global:insights-and-intelligence/topic/market-themes-or-analytical-topics/pricing-trends | theme: mobility-global:insights-and-intelligence/theme/electric-vehicles | industrySector: mobility-global:contextual-variables/segmentation-and-user-context/industry-or-sector/automotive-oems | audienceRole: mobility-global:contextual-variables/segmentation-and-user-context/audience-role/marketing-and-commercial-roles/market-analyst | contentFormat: mobility-global:system-and-structural-tags/content-formats/written-formats/short-form-article,,
https://www.spglobal.com/automotive-insights/en/blogs/2025/07/electric-vehicle-range-explained,Blog or Automotive Insights,/content/mobility-global/en-us/automotive-insights/blogs/2025/07/electric-vehicle-range-explained,electric-vehicle-range-explained,EXISTING PAGE,Content already in AEM,APPLIED (6 tags),taxonomy-all-pages.zip,6,pillars: mobility-global:pillars/planning-solutions | insightsThoughtLeaderContentType: mobility-global:insights-and-intelligence/insight-and-thought-leader-content-type/analysis-and-reports | theme: mobility-global:insights-and-intelligence/theme/electric-vehicles | industrySector: mobility-global:contextual-variables/segmentation-and-user-context/industry-or-sector/automotive-oems | audienceRole: mobility-global:contextual-variables/segmentation-and-user-context/audience-role/oem-and-supplier-roles/product-planner | contentFormat: mobility-global:system-and-structural-tags/content-formats/written-formats/short-form-article,,
https://www.spglobal.com/automotive-insights/en/blogs/2025/07/ev-sales-stall-new-share-dynamics-grow,Blog or Automotive Insights,/content/mobility-global/en-us/automotive-insights/blogs/2025/07/ev-sales-stall-new-share-dynamics-grow,ev-sales-stall-new-share-dynamics-grow,EXISTING PAGE,Content already in AEM,APPLIED (10 tags),taxonomy-all-pages.zip,10,pillars: mobility-global:pillars/planning-solutions | insightsThoughtLeaderContentType: mobility-global:insights-and-intelligence/insight-and-thought-leader-content-type/analysis-and-reports | insightsThoughtLeaderContentType: mobility-global:insights-and-intelligence/insight-and-thought-leader-content-type/market-news-and-updates | topic: mobility-global:insights-and-intelligence/topic/electrification/ev-adoption | topic: mobility-global:insights-and-intelligence/topic/market-themes-or-analytical-topics/market-volatility-trends | topic: mobility-global:insights-and-intelligence/topic/market-themes-or-analytical-topics/competitive-landscape | theme: mobility-global:insights-and-intelligence/theme/electric-vehicles | industrySector: mobility-global:contextual-variables/segmentation-and-user-context/industry-or-sector/automotive-oems | audienceRole: mobility-global:contextual-variables/segmentation-and-user-context/audience-role/marketing-and-commercial-roles/market-analyst | contentFormat: mobility-global:system-and-structural-tags/content-formats/written-formats/short-form-article,,
https://www.spglobal.com/automotive-insights/en/blogs/2025/07/five-things-auto-pricing-teams-need-to-consider,Blog or Automotive Insights,/content/mobility-global/en-us/automotive-insights/blogs/2025/07/five-things-auto-pricing-teams-need-to-consider,five-things-auto-pricing-teams-need-to-consider,EXISTING PAGE,Content already in AEM,APPLIED (10 tags),taxonomy-all-pages.zip,10,pillars: mobility-global:pillars/sales-solutions | insightsThoughtLeaderContentType: mobility-global:insights-and-intelligence/insight-and-thought-leader-content-type/analysis-and-reports | topic: mobility-global:insights-and-intelligence/topic/market-themes-or-analytical-topics/pricing-trends | topic: mobility-global:insights-and-intelligence/topic/market-themes-or-analytical-topics/dealer-and-retail-trends | theme: mobility-global:insights-and-intelligence/topic/industry-benchmarks/automotive-industry-forecast-and-analysis | industrySector: mobility-global:contextual-variables/segmentation-and-user-context/industry-or-sector/automotive-oems | industrySector: mobility-global:contextual-variables/segmentation-and-user-context/industry-or-sector/automotive-dealers-and-retailers | audienceRole: mobility-global:contextual-variables/segmentation-and-user-context/audience-role/oem-and-supplier-roles/oem-strategist | audienceRole: mobility-global:contextual-variables/segmentation-and-user-context/audience-role/retail-dealer-aftermarket-roles/dealer-or-retailer | contentFormat: mobility-global:system-and-structural-tags/content-formats/written-formats/short-form-article,,
https://www.spglobal.com/automotive-insights/en/blogs/2025/07/four-segments-drive-over-half-of-us-new-vehicle-sales,Blog or Automotive Insights,/content/mobility-global/en-us/automotive-insights/blogs/2025/07/four-segments-drive-over-half-of-us-new-vehicle-sales,four-segments-drive-over-half-of-us-new-vehicle-sales,EXISTING PAGE,Content already in AEM,APPLIED (11 tags),taxonomy-all-pages.zip,11,pillars: mobility-global:pillars/planning-solutions | insightsThoughtLeaderContentType: mobility-global:insights-and-intelligence/insight-and-thought-leader-content-type/analysis-and-reports | topic: mobility-global:insights-and-intelligence/topic/market-themes-or-analytical-topics/market-segmentation-insights | topic: mobility-global:insights-and-intelligence/topic/market-themes-or-analytical-topics/automotive-consumer-demand | theme: mobility-global:insights-and-intelligence/theme/automotive-consumer-trends | industrySector: mobility-global:contextual-variables/segmentation-and-user-context/industry-or-sector/automotive-oems | audienceRole: mobility-global:contextual-variables/segmentation-and-user-context/audience-role/marketing-and-commercial-roles/market-analyst | contentFormat: mobility-global:system-and-structural-tags/content-formats/written-formats/short-form-article | marketSalesRegion: mobility-global:contextual-variables/market-context/market-sales-region/north-america | marketRegion: mobility-global:contextual-variables/market-context/market-sales-region/north-america ...,,
https://www.spglobal.com/automotive-insights/en/blogs/2025/07/germany-leads-open-source-automotive-software,Blog or Automotive Insights,/content/mobility-global/en-us/automotive-insights/blogs/2025/07/germany-leads-open-source-automotive-software,germany-leads-open-source-automotive-software,EXISTING PAGE,Content already in AEM,APPLIED (12 tags),taxonomy-all-pages.zip,12,pillars: mobility-global:pillars/planning-solutions | insightsThoughtLeaderContentType: mobility-global:insights-and-intelligence/insight-and-thought-leader-content-type/analysis-and-reports | topic: mobility-global:insights-and-intelligence/topic/technology-and-innovation/software-defined-vehicles-sdv | theme: mobility-global:insights-and-intelligence/theme/software-defined-vehicles | industrySector: mobility-global:contextual-variables/segmentation-and-user-context/industry-or-sector/automotive-oems | industrySector: mobility-global:contextual-variables/segmentation-and-user-context/industry-or-sector/automotive-suppliers-and-supply-chain | audienceRole: mobility-global:contextual-variables/segmentation-and-user-context/audience-role/oem-and-supplier-roles/technical-specialists | audienceRole: mobility-global:contextual-variables/segmentation-and-user-context/audience-role/oem-and-supplier-roles/product-planner | contentFormat: mobility-global:system-and-structural-tags/content-formats/written-formats/short-form-article | marketSalesRegion: mobility-global:contextual-variables/market-context/market-region/europe ...,,
https://www.spglobal.com/automotive-insights/en/blogs/2025/07/global-electric-vehicles-race-europe,Blog or Automotive Insights,/content/mobility-global/en-us/automotive-insights/blogs/2025/07/global-electric-vehicles-race-europe,global-electric-vehicles-race-europe,EXISTING PAGE,Content already in AEM,APPLIED (10 tags),taxonomy-all-pages.zip,10,pillars: mobility-global:pillars/planning-solutions | insightsThoughtLeaderContentType: mobility-global:insights-and-intelligence/insight-and-thought-leader-content-type/analysis-and-reports | topic: mobility-global:insights-and-intelligence/topic/electrification/ev-adoption | topic: mobility-global:insights-and-intelligence/topic/market-themes-or-analytical-topics/competitive-landscape | topic: mobility-global:insights-and-intelligence/topic/market-themes-or-analytical-topics/global-automotive-markets | theme: mobility-global:insights-and-intelligence/theme/electric-vehicles | industrySector: mobility-global:contextual-variables/segmentation-and-user-context/industry-or-sector/automotive-oems | audienceRole: mobility-global:contextual-variables/segmentation-and-user-context/audience-role/oem-and-supplier-roles/competitive-intelligence | audienceRole: mobility-global:contextual-variables/segmentation-and-user-context/audience-role/marketing-and-commercial-roles/market-analyst | contentFormat: mobility-global:system-and-structural-tags/content-formats/written-formats/short-form-article,,
https://www.spglobal.com/automotive-insights/en/blogs/2025/07/improving-charging-for-next-gen-plug-in-electric-vehicles,Blog or Automotive Insights,/content/mobility-global/en-us/automotive-insights/blogs/2025/07/improving-charging-for-next-gen-plug-in-electric-vehicles,improving-charging-for-next-gen-plug-in-electric-vehicles,EXISTING PAGE,Content already in AEM,APPLIED (7 tags),taxonomy-all-pages.zip,7,pillars: mobility-global:pillars/planning-solutions | insightsThoughtLeaderContentType: mobility-global:insights-and-intelligence/insight-and-thought-leader-content-type/analysis-and-reports | topic: mobility-global:insights-and-intelligence/topic/electrification/ev-charging-infrastructure | theme: mobility-global:insights-and-intelligence/theme/electric-vehicles | industrySector: mobility-global:contextual-variables/segmentation-and-user-context/industry-or-sector/automotive-oems | audienceRole: mobility-global:contextual-variables/segmentation-and-user-context/audience-role/oem-and-supplier-roles/product-planner | contentFormat: mobility-global:system-and-structural-tags/content-formats/written-formats/short-form-article,,
https://www.spglobal.com/automotive-insights/en/blogs/2025/07/lmr-battery-technology-the-next-rival-to-lfp,Blog or Automotive Insights,/content/mobility-global/en-us/automotive-insights/blogs/2025/07/lmr-battery-technology-the-next-rival-to-lfp,lmr-battery-technology-the-next-rival-to-lfp,EXISTING PAGE,Content already in AEM,APPLIED (9 tags),taxonomy-all-pages.zip,9,pillars: mobility-global:pillars/planning-solutions | insightsThoughtLeaderContentType: mobility-global:insights-and-intelligence/insight-and-thought-leader-content-type/analysis-and-reports | topic: mobility-global:insights-and-intelligence/topic/electrification/ev-battery-technology | theme: mobility-global:insights-and-intelligence/topic/electrification/ev-battery-technology | industrySector: mobility-global:contextual-variables/segmentation-and-user-context/industry-or-sector/automotive-oems | industrySector: mobility-global:contextual-variables/segmentation-and-user-context/industry-or-sector/automotive-suppliers-and-supply-chain | audienceRole: mobility-global:contextual-variables/segmentation-and-user-context/audience-role/oem-and-supplier-roles/product-planner | audienceRole: mobility-global:contextual-variables/segmentation-and-user-context/audience-role/oem-and-supplier-roles/technical-specialists | contentFormat: mobility-global:system-and-structural-tags/content-formats/written-formats/short-form-article,,
https://www.spglobal.com/automotive-insights/en/blogs/2025/07/rare-earth-elements-auto-industry-china,Blog or Automotive Insights,/content/mobility-global/en-us/automotive-insights/blogs/2025/07/rare-earth-elements-auto-industry-china,rare-earth-elements-auto-industry-china,EXISTING PAGE,Content already in AEM,APPLIED (13 tags),taxonomy-all-pages.zip,13,pillars: mobility-global:pillars/planning-solutions | insightsThoughtLeaderContentType: mobility-global:insights-and-intelligence/insight-and-thought-leader-content-type/analysis-and-reports | topic: mobility-global:insights-and-intelligence/topic/supply-chain-and-manufacturing/automotive-supply-chain-disruption-and-resilience | theme: mobility-global:insights-and-intelligence/theme/automotive-supply-chain | theme: mobility-global:insights-and-intelligence/theme/supply-chain-resilience | industrySector: mobility-global:contextual-variables/segmentation-and-user-context/industry-or-sector/automotive-oems | industrySector: mobility-global:contextual-variables/segmentation-and-user-context/industry-or-sector/automotive-suppliers-and-supply-chain | audienceRole: mobility-global:contextual-variables/segmentation-and-user-context/audience-role/oem-and-supplier-roles/procurement | audienceRole: mobility-global:contextual-variables/segmentation-and-user-context/audience-role/oem-and-supplier-roles/supply-chain-analyst | contentFormat: mobility-global:system-and-structural-tags/content-formats/written-formats/short-form-article ...,,
https://www.spglobal.com/automotive-insights/en/blogs/2025/07/us-japan-trade-talks-american-cars-japan,Blog or Automotive Insights,/content/mobility-global/en-us/automotive-insights/blogs/2025/07/us-japan-trade-talks-american-cars-japan,us-japan-trade-talks-american-cars-japan,EXISTING PAGE,Content already in AEM,APPLIED (9 tags),taxonomy-all-pages.zip,9,pillars: mobility-global:pillars/planning-solutions | insightsThoughtLeaderContentType: mobility-global:insights-and-intelligence/insight-and-thought-leader-content-type/analysis-and-reports | insightsThoughtLeaderContentType: mobility-global:insights-and-intelligence/insight-and-thought-leader-content-type/market-news-and-updates | topic: mobility-global:insights-and-intelligence/topic/macro-economic-drivers/automotive-tariffs-and-trade-policy | theme: mobility-global:insights-and-intelligence/theme/automotive-tariffs | regulatoryContext: mobility-global:contextual-variables/regulatory-and-operating-context/regulatory-context/policy | industrySector: mobility-global:contextual-variables/segmentation-and-user-context/industry-or-sector/automotive-oems | audienceRole: mobility-global:contextual-variables/segmentation-and-user-context/audience-role/regulatory-risk-and-policy-roles/government-or-policy-maker | contentFormat: mobility-global:system-and-structural-tags/content-formats/written-formats/short-form-article,,
https://www.spglobal.com/automotive-insights/en/blogs/2025/08/adas-vehicles-influencing-collision-frequency,Blog or Automotive Insights,/content/mobility-global/en-us/automotive-insights/blogs/2025/08/adas-vehicles-influencing-collision-frequency,adas-vehicles-influencing-collision-frequency,EXISTING PAGE,Content already in AEM,APPLIED (8 tags),taxonomy-all-pages.zip,8,pillars: mobility-global:pillars/sales-solutions | insightsThoughtLeaderContentType: mobility-global:insights-and-intelligence/insight-and-thought-leader-content-type/analysis-and-reports | topic: mobility-global:insights-and-intelligence/topic/technology-and-innovation/autonomous-vehicles-and-adas | topic: mobility-global:insights-and-intelligence/topic/risk-safety-and-compliance | theme: mobility-global:insights-and-intelligence/theme/future-of-mobility | industrySector: mobility-global:contextual-variables/segmentation-and-user-context/industry-or-sector/fleet-management-and-leasing | audienceRole: mobility-global:contextual-variables/segmentation-and-user-context/audience-role/regulatory-risk-and-policy-roles/insurance-analyst-or-underwriter | contentFormat: mobility-global:system-and-structural-tags/content-formats/written-formats/short-form-article,,
https://www.spglobal.com/automotive-insights/en/blogs/2025/08/autonomous-vehicles-future-of-car-insurance,Blog or Automotive Insights,/content/mobility-global/en-us/automotive-insights/blogs/2025/08/autonomous-vehicles-future-of-car-insurance,autonomous-vehicles-future-of-car-insurance,EXISTING PAGE,Content already in AEM,APPLIED (8 tags),taxonomy-all-pages.zip,8,pillars: mobility-global:pillars/sales-solutions | insightsThoughtLeaderContentType: mobility-global:insights-and-intelligence/insight-and-thought-leader-content-type/analysis-and-reports | topic: mobility-global:insights-and-intelligence/topic/technology-and-innovation/autonomous-vehicles-and-adas | topic: mobility-global:insights-and-intelligence/topic/risk-safety-and-compliance | theme: mobility-global:insights-and-intelligence/theme/future-of-mobility | industrySector: mobility-global:contextual-variables/segmentation-and-user-context/industry-or-sector/fleet-management-and-leasing | audienceRole: mobility-global:contextual-variables/segmentation-and-user-context/audience-role/regulatory-risk-and-policy-roles/insurance-analyst-or-underwriter | contentFormat: mobility-global:system-and-structural-tags/content-formats/written-formats/short-form-article,,
https://www.spglobal.com/automotive-insights/en/blogs/2025/08/china-drives-system-on-chip-innovation-in-auto-industry,Blog or Automotive Insights,/content/mobility-global/en-us/automotive-insights/blogs/2025/08/china-drives-system-on-chip-innovation-in-auto-industry,china-drives-system-on-chip-innovation-in-auto-industry,EXISTING PAGE,Content already in AEM,APPLIED (12 tags),taxonomy-all-pages.zip,12,pillars: mobility-global:pillars/planning-solutions | insightsThoughtLeaderContentType: mobility-global:insights-and-intelligence/insight-and-thought-leader-content-type/analysis-and-reports | topic: mobility-global:insights-and-intelligence/topic/technology-and-innovation/automotive-semiconductors | theme: mobility-global:insights-and-intelligence/theme/automotive-supply-chain | industrySector: mobility-global:contextual-variables/segmentation-and-user-context/industry-or-sector/automotive-oems | industrySector: mobility-global:contextual-variables/segmentation-and-user-context/industry-or-sector/automotive-suppliers-and-supply-chain | audienceRole: mobility-global:contextual-variables/segmentation-and-user-context/audience-role/oem-and-supplier-roles/technical-specialists | audienceRole: mobility-global:contextual-variables/segmentation-and-user-context/audience-role/oem-and-supplier-roles/supply-chain-analyst | contentFormat: mobility-global:system-and-structural-tags/content-formats/written-formats/short-form-article | marketSalesRegion: mobility-global:contextual-variables/market-context/market-sales-region/greater-china ...,,
https://www.spglobal.com/automotive-insights/en/blogs/2025/08/digital-twins-in-the-automotive-industry-explained,Blog or Automotive Insights,/content/mobility-global/en-us/automotive-insights/blogs/2025/08/digital-twins-in-the-automotive-industry-explained,digital-twins-in-the-automotive-industry-explained,EXISTING PAGE,Content already in AEM,APPLIED (7 tags),taxonomy-all-pages.zip,7,pillars: mobility-global:pillars/planning-solutions | insightsThoughtLeaderContentType: mobility-global:insights-and-intelligence/insight-and-thought-leader-content-type/analysis-and-reports | theme: mobility-global:insights-and-intelligence/theme/future-of-mobility | industrySector: mobility-global:contextual-variables/segmentation-and-user-context/industry-or-sector/automotive-oems | audienceRole: mobility-global:contextual-variables/segmentation-and-user-context/audience-role/oem-and-supplier-roles/technical-specialists | audienceRole: mobility-global:contextual-variables/segmentation-and-user-context/audience-role/oem-and-supplier-roles/product-planner | contentFormat: mobility-global:system-and-structural-tags/content-formats/written-formats/short-form-article,,
https://www.spglobal.com/automotive-insights/en/blogs/2025/08/fords-all-in-bet-on-automotive-innovations,Blog or Automotive Insights,/content/mobility-global/en-us/automotive-insights/blogs/2025/08/fords-all-in-bet-on-automotive-innovations,fords-all-in-bet-on-automotive-innovations,EXISTING PAGE,Content already in AEM,APPLIED (8 tags),taxonomy-all-pages.zip,8,pillars: mobility-global:pillars/planning-solutions | insightsThoughtLeaderContentType: mobility-global:insights-and-intelligence/insight-and-thought-leader-content-type/analysis-and-reports | topic: mobility-global:insights-and-intelligence/topic/market-themes-or-analytical-topics/competitive-landscape | theme: mobility-global:insights-and-intelligence/topic/industry-benchmarks/automotive-industry-forecast-and-analysis | theme: mobility-global:insights-and-intelligence/theme/future-of-mobility | industrySector: mobility-global:contextual-variables/segmentation-and-user-context/industry-or-sector/automotive-oems | audienceRole: mobility-global:contextual-variables/segmentation-and-user-context/audience-role/oem-and-supplier-roles/oem-strategist | contentFormat: mobility-global:system-and-structural-tags/content-formats/written-formats/short-form-article,,
https://www.spglobal.com/automotive-insights/en/blogs/2025/08/new-car-inventory-trends,Blog or Automotive Insights,/content/mobility-global/en-us/automotive-insights/blogs/2025/08/new-car-inventory-trends,new-car-inventory-trends,EXISTING PAGE,Content already in AEM,APPLIED (5 tags),taxonomy-all-pages.zip,5,pillars: mobility-global:pillars/sales-solutions | insightsThoughtLeaderContentType: mobility-global:insights-and-intelligence/insight-and-thought-leader-content-type/analysis-and-reports | topic: mobility-global:insights-and-intelligence/topic/industry-benchmarks/automotive-industry-forecast-and-analysis | theme: mobility-global:insights-and-intelligence/topic/industry-benchmarks/automotive-industry-forecast-and-analysis | contentFormat: mobility-global:system-and-structural-tags/content-formats/written-formats/short-form-article,,
https://www.spglobal.com/automotive-insights/en/blogs/2025/08/spglobal-invests-in-optimizing-automotive-sales,Blog or Automotive Insights,/content/mobility-global/en-us/automotive-insights/blogs/2025/08/spglobal-invests-in-optimizing-automotive-sales,spglobal-invests-in-optimizing-automotive-sales,EXISTING PAGE,Content already in AEM,APPLIED (4 tags),taxonomy-all-pages.zip,4,pillars: mobility-global:pillars/sales-solutions | insightsThoughtLeaderContentType: mobility-global:insights-and-intelligence/insight-and-thought-leader-content-type/market-news-and-updates | theme: mobility-global:insights-and-intelligence/theme/automotive-supply-chain | contentFormat: mobility-global:system-and-structural-tags/content-formats/written-formats/short-form-article,,
https://www.spglobal.com/automotive-insights/en/blogs/2025/08/the-journey-towards-efficient-ev-charging,Blog or Automotive Insights,/content/mobility-global/en-us/automotive-insights/blogs/2025/08/the-journey-towards-efficient-ev-charging,the-journey-towards-efficient-ev-charging,EXISTING PAGE,Content already in AEM,APPLIED (9 tags),taxonomy-all-pages.zip,9,pillars: mobility-global:pillars/planning-solutions | insightsThoughtLeaderContentType: mobility-global:insights-and-intelligence/insight-and-thought-leader-content-type/analysis-and-reports | topic: mobility-global:insights-and-intelligence/topic/electrification/ev-charging-infrastructure | theme: mobility-global:insights-and-intelligence/theme/electric-vehicles | industrySector: mobility-global:contextual-variables/segmentation-and-user-context/industry-or-sector/automotive-oems | industrySector: mobility-global:contextual-variables/segmentation-and-user-context/industry-or-sector/automotive-suppliers-and-supply-chain | audienceRole: mobility-global:contextual-variables/segmentation-and-user-context/audience-role/oem-and-supplier-roles/product-planner | audienceRole: mobility-global:contextual-variables/segmentation-and-user-context/audience-role/oem-and-supplier-roles/technical-specialists | contentFormat: mobility-global:system-and-structural-tags/content-formats/written-formats/short-form-article,,
https://www.spglobal.com/automotive-insights/en/blogs/2025/08/turkish-electric-car-market-analysis,Blog or Automotive Insights,/content/mobility-global/en-us/automotive-insights/blogs/2025/08/turkish-electric-car-market-analysis,turkish-electric-car-market-analysis,EXISTING PAGE,Content already in AEM,APPLIED (10 tags),taxonomy-all-pages.zip,10,pillars: mobility-global:pillars/planning-solutions | insightsThoughtLeaderContentType: mobility-global:insights-and-intelligence/insight-and-thought-leader-content-type/analysis-and-reports | topic: mobility-global:insights-and-intelligence/topic/market-themes-or-analytical-topics/global-automotive-markets | theme: mobility-global:insights-and-intelligence/theme/electric-vehicles | industrySector: mobility-global:contextual-variables/segmentation-and-user-context/industry-or-sector/automotive-oems | audienceRole: mobility-global:contextual-variables/segmentation-and-user-context/audience-role/marketing-and-commercial-roles/market-analyst | contentFormat: mobility-global:system-and-structural-tags/content-formats/written-formats/short-form-article | marketSalesRegion: mobility-global:contextual-variables/market-context/market-region/europe | marketRegion: mobility-global:contextual-variables/market-context/market-region/europe | marketCountry: mobility-global:contextual-variables/market-context/market-country/turkey,,
https://www.spglobal.com/automotive-insights/en/blogs/2025/08/why-europe-is-losing-the-gigafactory-race-to-china,Blog or Automotive Insights,/content/mobility-global/en-us/automotive-insights/blogs/2025/08/why-europe-is-losing-the-gigafactory-race-to-china,why-europe-is-losing-the-gigafactory-race-to-china,EXISTING PAGE,Content already in AEM,APPLIED (12 tags),taxonomy-all-pages.zip,12,pillars: mobility-global:pillars/planning-solutions | insightsThoughtLeaderContentType: mobility-global:insights-and-intelligence/insight-and-thought-leader-content-type/analysis-and-reports | topic: mobility-global:insights-and-intelligence/topic/electrification/ev-battery-technology | topic: mobility-global:insights-and-intelligence/topic/industry-benchmarks/vehicle-production-forecasts | topic: mobility-global:insights-and-intelligence/topic/market-themes-or-analytical-topics/competitive-landscape | theme: mobility-global:insights-and-intelligence/topic/electrification/ev-battery-technology | industrySector: mobility-global:contextual-variables/segmentation-and-user-context/industry-or-sector/automotive-oems | industrySector: mobility-global:contextual-variables/segmentation-and-user-context/industry-or-sector/automotive-suppliers-and-supply-chain | audienceRole: mobility-global:contextual-variables/segmentation-and-user-context/audience-role/oem-and-supplier-roles/oem-strategist | audienceRole: mobility-global:contextual-variables/segmentation-and-user-context/audience-role/oem-and-supplier-roles/supply-chain-analyst ...,,
https://www.spglobal.com/automotive-insights/en/blogs/2025/09/auto-finance-trends-data-driven-agility-for-lenders,Blog or Automotive Insights,/content/mobility-global/en-us/automotive-insights/blogs/2025/09/auto-finance-trends-data-driven-agility-for-lenders,auto-finance-trends-data-driven-agility-for-lenders,EXISTING PAGE,Content already in AEM,APPLIED (8 tags),taxonomy-all-pages.zip,8,pillars: mobility-global:pillars/sales-solutions | insightsThoughtLeaderContentType: mobility-global:insights-and-intelligence/insight-and-thought-leader-content-type/analysis-and-reports | topic: mobility-global:insights-and-intelligence/topic/market-themes-or-analytical-topics/dealer-and-retail-trends | topic: mobility-global:insights-and-intelligence/topic/macro-economic-drivers | theme: mobility-global:insights-and-intelligence/topic/industry-benchmarks/automotive-industry-forecast-and-analysis | industrySector: mobility-global:contextual-variables/segmentation-and-user-context/industry-or-sector/fleet-management-and-leasing | audienceRole: mobility-global:contextual-variables/segmentation-and-user-context/audience-role/fleet-and-commercial-roles/leasing-or-financial-services | contentFormat: mobility-global:system-and-structural-tags/content-formats/written-formats/short-form-article,,
https://www.spglobal.com/automotive-insights/en/blogs/2025/09/automotive-startups-shaping-the-future-of-mobility,Blog or Automotive Insights,/content/mobility-global/en-us/automotive-insights/blogs/2025/09/automotive-startups-shaping-the-future-of-mobility,automotive-startups-shaping-the-future-of-mobility,EXISTING PAGE,Content already in AEM,APPLIED (7 tags),taxonomy-all-pages.zip,7,pillars: mobility-global:pillars/planning-solutions | insightsThoughtLeaderContentType: mobility-global:insights-and-intelligence/insight-and-thought-leader-content-type/analysis-and-reports | topic: mobility-global:insights-and-intelligence/topic/market-themes-or-analytical-topics/competitive-landscape | theme: mobility-global:insights-and-intelligence/theme/future-of-mobility | industrySector: mobility-global:contextual-variables/segmentation-and-user-context/industry-or-sector/automotive-oems | audienceRole: mobility-global:contextual-variables/segmentation-and-user-context/audience-role/oem-and-supplier-roles/business-development | contentFormat: mobility-global:system-and-structural-tags/content-formats/written-formats/short-form-article,,
https://www.spglobal.com/automotive-insights/en/blogs/2025/09/autonomous-driving-expands-to-europe-and-middle-east,Blog or Automotive Insights,/content/mobility-global/en-us/automotive-insights/blogs/2025/09/autonomous-driving-expands-to-europe-and-middle-east,autonomous-driving-expands-to-europe-and-middle-east,EXISTING PAGE,Content already in AEM,APPLIED (9 tags),taxonomy-all-pages.zip,9,pillars: mobility-global:pillars/planning-solutions | insightsThoughtLeaderContentType: mobility-global:insights-and-intelligence/insight-and-thought-leader-content-type/analysis-and-reports | insightsThoughtLeaderContentType: mobility-global:insights-and-intelligence/insight-and-thought-leader-content-type/market-news-and-updates | topic: mobility-global:insights-and-intelligence/topic/technology-and-innovation/autonomous-vehicles-and-adas | topic: mobility-global:insights-and-intelligence/topic/market-themes-or-analytical-topics/global-automotive-markets | theme: mobility-global:insights-and-intelligence/theme/future-of-mobility | industrySector: mobility-global:contextual-variables/segmentation-and-user-context/industry-or-sector/automotive-oems | audienceRole: mobility-global:contextual-variables/segmentation-and-user-context/audience-role/oem-and-supplier-roles/oem-strategist | contentFormat: mobility-global:system-and-structural-tags/content-formats/written-formats/short-form-article,,
https://www.spglobal.com/automotive-insights/en/blogs/2025/09/china-automotive-industry-semiconductor-supply-chain,Blog or Automotive Insights,/content/mobility-global/en-us/automotive-insights/blogs/2025/09/china-automotive-industry-semiconductor-supply-chain,china-automotive-industry-semiconductor-supply-chain,EXISTING PAGE,Content already in AEM,APPLIED (13 tags),taxonomy-all-pages.zip,13,pillars: mobility-global:pillars/planning-solutions | insightsThoughtLeaderContentType: mobility-global:insights-and-intelligence/insight-and-thought-leader-content-type/analysis-and-reports | topic: mobility-global:insights-and-intelligence/topic/technology-and-innovation/automotive-semiconductors | topic: mobility-global:insights-and-intelligence/topic/supply-chain-and-manufacturing/automotive-supply-chain-disruption-and-resilience | theme: mobility-global:insights-and-intelligence/theme/automotive-supply-chain | industrySector: mobility-global:contextual-variables/segmentation-and-user-context/industry-or-sector/automotive-suppliers-and-supply-chain | industrySector: mobility-global:contextual-variables/segmentation-and-user-context/industry-or-sector/automotive-oems | audienceRole: mobility-global:contextual-variables/segmentation-and-user-context/audience-role/oem-and-supplier-roles/supply-chain-analyst | audienceRole: mobility-global:contextual-variables/segmentation-and-user-context/audience-role/oem-and-supplier-roles/procurement | contentFormat: mobility-global:system-and-structural-tags/content-formats/written-formats/short-form-article ...,,
https://www.spglobal.com/automotive-insights/en/blogs/2025/09/iaa-mobility-2025-chinese-evs-in-europe,Blog or Automotive Insights,/content/mobility-global/en-us/automotive-insights/blogs/2025/09/iaa-mobility-2025-chinese-evs-in-europe,iaa-mobility-2025-chinese-evs-in-europe,EXISTING PAGE,Content already in AEM,APPLIED (10 tags),taxonomy-all-pages.zip,10,pillars: mobility-global:pillars/planning-solutions | insightsThoughtLeaderContentType: mobility-global:insights-and-intelligence/insight-and-thought-leader-content-type/events-and-webinars | topic: mobility-global:insights-and-intelligence/topic/market-themes-or-analytical-topics/global-automotive-markets | topic: mobility-global:insights-and-intelligence/topic/market-themes-or-analytical-topics/competitive-landscape | theme: mobility-global:insights-and-intelligence/theme/electric-vehicles | industrySector: mobility-global:contextual-variables/segmentation-and-user-context/industry-or-sector/automotive-oems | audienceRole: mobility-global:contextual-variables/segmentation-and-user-context/audience-role/oem-and-supplier-roles/oem-strategist | audienceRole: mobility-global:contextual-variables/segmentation-and-user-context/audience-role/marketing-and-commercial-roles/market-analyst | contentFormat: mobility-global:system-and-structural-tags/content-formats/written-formats/short-form-article | marketCountry: mobility-global:contextual-variables/market-context/market-country/mainland-china,,
https://www.spglobal.com/automotive-insights/en/blogs/2025/09/india-vehicle-scrappage-policy-insights,Blog or Automotive Insights,/content/mobility-global/en-us/automotive-insights/blogs/2025/09/india-vehicle-scrappage-policy-insights,india-vehicle-scrappage-policy-insights,EXISTING PAGE,Content already in AEM,APPLIED (10 tags),taxonomy-all-pages.zip,10,pillars: mobility-global:pillars/planning-solutions | insightsThoughtLeaderContentType: mobility-global:insights-and-intelligence/insight-and-thought-leader-content-type/analysis-and-reports | topic: mobility-global:insights-and-intelligence/topic/risk-safety-and-compliance/regulations-and-compliance | topic: mobility-global:insights-and-intelligence/topic/sustainability-and-esg/automotive-circular-economy | theme: mobility-global:insights-and-intelligence/theme/automotive-sustainability | regulatoryContext: mobility-global:contextual-variables/regulatory-and-operating-context/regulatory-context/policy | industrySector: mobility-global:contextual-variables/segmentation-and-user-context/industry-or-sector/automotive-oems | audienceRole: mobility-global:contextual-variables/segmentation-and-user-context/audience-role/regulatory-risk-and-policy-roles/government-or-policy-maker | contentFormat: mobility-global:system-and-structural-tags/content-formats/written-formats/short-form-article | marketCountry: mobility-global:contextual-variables/market-context/market-country/india,,
https://www.spglobal.com/automotive-insights/en/blogs/2025/09/oem-pricing-strategy-evolves-tariff-effects,Blog or Automotive Insights,/content/mobility-global/en-us/automotive-insights/blogs/2025/09/oem-pricing-strategy-evolves-tariff-effects,oem-pricing-strategy-evolves-tariff-effects,EXISTING PAGE,Content already in AEM,APPLIED (8 tags),taxonomy-all-pages.zip,8,pillars: mobility-global:pillars/sales-solutions | insightsThoughtLeaderContentType: mobility-global:insights-and-intelligence/insight-and-thought-leader-content-type/analysis-and-reports | topic: mobility-global:insights-and-intelligence/topic/market-themes-or-analytical-topics/pricing-trends | topic: mobility-global:insights-and-intelligence/topic/macro-economic-drivers/automotive-tariffs-and-trade-policy | theme: mobility-global:insights-and-intelligence/theme/automotive-tariffs | industrySector: mobility-global:contextual-variables/segmentation-and-user-context/industry-or-sector/automotive-oems | audienceRole: mobility-global:contextual-variables/segmentation-and-user-context/audience-role/oem-and-supplier-roles/oem-strategist | contentFormat: mobility-global:system-and-structural-tags/content-formats/written-formats/short-form-article,,
https://www.spglobal.com/automotive-insights/en/blogs/2025/09/powertrain-and-brand-loyalty-trends-us,Blog or Automotive Insights,/content/mobility-global/en-us/automotive-insights/blogs/2025/09/powertrain-and-brand-loyalty-trends-us,powertrain-and-brand-loyalty-trends-us,EXISTING PAGE,Content already in AEM,APPLIED (11 tags),taxonomy-all-pages.zip,11,pillars: mobility-global:pillars/sales-solutions | productFamily: mobility-global:products-and-platforms/product-families/loyalty | insightsThoughtLeaderContentType: mobility-global:insights-and-intelligence/insight-and-thought-leader-content-type/analysis-and-reports | topic: mobility-global:products-and-platforms/product-families/loyalty | theme: mobility-global:insights-and-intelligence/theme/automotive-consumer-trends | industrySector: mobility-global:contextual-variables/segmentation-and-user-context/industry-or-sector/automotive-oems | audienceRole: mobility-global:contextual-variables/segmentation-and-user-context/audience-role/marketing-and-commercial-roles/market-analyst | contentFormat: mobility-global:system-and-structural-tags/content-formats/written-formats/short-form-article | marketSalesRegion: mobility-global:contextual-variables/market-context/market-sales-region/north-america | marketRegion: mobility-global:contextual-variables/market-context/market-sales-region/north-america ...,,
https://www.spglobal.com/automotive-insights/en/blogs/2025/09/regenerative-braking-powers-bev-performance-gains,Blog or Automotive Insights,/content/mobility-global/en-us/automotive-insights/blogs/2025/09/regenerative-braking-powers-bev-performance-gains,regenerative-braking-powers-bev-performance-gains,EXISTING PAGE,Content already in AEM,APPLIED (6 tags),taxonomy-all-pages.zip,6,pillars: mobility-global:pillars/planning-solutions | insightsThoughtLeaderContentType: mobility-global:insights-and-intelligence/insight-and-thought-leader-content-type/analysis-and-reports | theme: mobility-global:insights-and-intelligence/theme/electric-vehicles | industrySector: mobility-global:contextual-variables/segmentation-and-user-context/industry-or-sector/automotive-oems | audienceRole: mobility-global:contextual-variables/segmentation-and-user-context/audience-role/oem-and-supplier-roles/technical-specialists | contentFormat: mobility-global:system-and-structural-tags/content-formats/written-formats/short-form-article,,
https://www.spglobal.com/automotive-insights/en/blogs/2025/09/tesla-brand-loyalty-evolving-ev-market,Blog or Automotive Insights,/content/mobility-global/en-us/automotive-insights/blogs/2025/09/tesla-brand-loyalty-evolving-ev-market,tesla-brand-loyalty-evolving-ev-market,EXISTING PAGE,Content already in AEM,APPLIED (8 tags),taxonomy-all-pages.zip,8,pillars: mobility-global:pillars/sales-solutions | productFamily: mobility-global:products-and-platforms/product-families/loyalty | insightsThoughtLeaderContentType: mobility-global:insights-and-intelligence/insight-and-thought-leader-content-type/analysis-and-reports | topic: mobility-global:products-and-platforms/product-families/loyalty | theme: mobility-global:insights-and-intelligence/theme/automotive-consumer-trends | industrySector: mobility-global:contextual-variables/segmentation-and-user-context/industry-or-sector/automotive-oems | audienceRole: mobility-global:contextual-variables/segmentation-and-user-context/audience-role/marketing-and-commercial-roles/market-analyst | contentFormat: mobility-global:system-and-structural-tags/content-formats/written-formats/short-form-article,,
https://www.spglobal.com/automotive-insights/en/blogs/2025/09/the-software-defined-market-is-taking-off,Blog or Automotive Insights,/content/mobility-global/en-us/automotive-insights/blogs/2025/09/the-software-defined-market-is-taking-off,the-software-defined-market-is-taking-off,EXISTING PAGE,Content already in AEM,APPLIED (9 tags),taxonomy-all-pages.zip,9,pillars: mobility-global:pillars/planning-solutions | insightsThoughtLeaderContentType: mobility-global:insights-and-intelligence/insight-and-thought-leader-content-type/analysis-and-reports | insightsThoughtLeaderContentType: mobility-global:insights-and-intelligence/insight-and-thought-leader-content-type/market-news-and-updates | topic: mobility-global:insights-and-intelligence/topic/technology-and-innovation/software-defined-vehicles-sdv | theme: mobility-global:insights-and-intelligence/theme/software-defined-vehicles | industrySector: mobility-global:contextual-variables/segmentation-and-user-context/industry-or-sector/automotive-oems | audienceRole: mobility-global:contextual-variables/segmentation-and-user-context/audience-role/oem-and-supplier-roles/oem-strategist | audienceRole: mobility-global:contextual-variables/segmentation-and-user-context/audience-role/oem-and-supplier-roles/product-planner | contentFormat: mobility-global:system-and-structural-tags/content-formats/written-formats/short-form-article,,
https://www.spglobal.com/automotive-insights/en/blogs/2025/09/zero-emission-buses-reshape-eu-bus-production,Blog or Automotive Insights,/content/mobility-global/en-us/automotive-insights/blogs/2025/09/zero-emission-buses-reshape-eu-bus-production,zero-emission-buses-reshape-eu-bus-production,EXISTING PAGE,Content already in AEM,APPLIED (12 tags),taxonomy-all-pages.zip,12,pillars: mobility-global:pillars/planning-solutions | insightsThoughtLeaderContentType: mobility-global:insights-and-intelligence/insight-and-thought-leader-content-type/analysis-and-reports | topic: mobility-global:insights-and-intelligence/topic/sustainability-and-esg/automotive-sustainability-and-esg | topic: mobility-global:insights-and-intelligence/topic/industry-benchmarks/vehicle-production-forecasts | theme: mobility-global:insights-and-intelligence/theme/commercial-vehicle-market | vehicleTypeSegment: mobility-global:contextual-variables/segmentation-and-user-context/vehicle-type-or-segment/commercial-vehicles | vehicleTypeSegment: mobility-global:contextual-variables/segmentation-and-user-context/vehicle-type-or-segment/electric-vehicles-evs | industrySector: mobility-global:contextual-variables/segmentation-and-user-context/industry-or-sector/automotive-oems | industrySector: mobility-global:contextual-variables/segmentation-and-user-context/industry-or-sector/automotive-suppliers-and-supply-chain | audienceRole: mobility-global:contextual-variables/segmentation-and-user-context/audience-role/oem-and-supplier-roles/oem-strategist ...,,
https://www.spglobal.com/automotive-insights/en/blogs/2025/10/auto-insurance-trends-and-emerging-risks,Blog or Automotive Insights,/content/mobility-global/en-us/automotive-insights/blogs/2025/10/auto-insurance-trends-and-emerging-risks,auto-insurance-trends-and-emerging-risks,EXISTING PAGE,Content already in AEM,APPLIED (8 tags),taxonomy-all-pages.zip,8,pillars: mobility-global:pillars/sales-solutions | insightsThoughtLeaderContentType: mobility-global:insights-and-intelligence/insight-and-thought-leader-content-type/analysis-and-reports | topic: mobility-global:insights-and-intelligence/topic/industry-benchmarks/automotive-industry-forecast-and-analysis | theme: mobility-global:insights-and-intelligence/topic/industry-benchmarks/automotive-industry-forecast-and-analysis | theme: mobility-global:insights-and-intelligence/theme/electric-vehicles | industrySector: mobility-global:contextual-variables/segmentation-and-user-context/industry-or-sector/fleet-management-and-leasing | audienceRole: mobility-global:contextual-variables/segmentation-and-user-context/audience-role/regulatory-risk-and-policy-roles/insurance-analyst-or-underwriter | contentFormat: mobility-global:system-and-structural-tags/content-formats/written-formats/short-form-article,,
https://www.spglobal.com/automotive-insights/en/blogs/2025/10/automotive-industry-glossary-and-metrics,Blog or Automotive Insights,/content/mobility-global/en-us/automotive-insights/blogs/2025/10/automotive-industry-glossary-and-metrics,automotive-industry-glossary-and-metrics,EXISTING PAGE,Content already in AEM,APPLIED (2 tags),taxonomy-all-pages.zip,2,topic: mobility-global:insights-and-intelligence/topic/industry-benchmarks/automotive-industry-forecast-and-analysis | contentFormat: mobility-global:system-and-structural-tags/content-formats/written-formats/short-form-article,,
https://www.spglobal.com/automotive-insights/en/blogs/2025/10/dutch-takeover-of-chinese-owned-nexperia,Blog or Automotive Insights,/content/mobility-global/en-us/automotive-insights/blogs/2025/10/dutch-takeover-of-chinese-owned-nexperia,dutch-takeover-of-chinese-owned-nexperia,EXISTING PAGE,Content already in AEM,APPLIED (10 tags),taxonomy-all-pages.zip,10,pillars: mobility-global:pillars/planning-solutions | insightsThoughtLeaderContentType: mobility-global:insights-and-intelligence/insight-and-thought-leader-content-type/market-news-and-updates | topic: mobility-global:insights-and-intelligence/topic/market-themes-or-analytical-topics/market-volatility-trends | topic: mobility-global:insights-and-intelligence/topic/supply-chain-and-manufacturing/automotive-supply-chain-disruption-and-resilience | theme: mobility-global:insights-and-intelligence/theme/automotive-supply-chain | industrySector: mobility-global:contextual-variables/segmentation-and-user-context/industry-or-sector/automotive-suppliers-and-supply-chain | industrySector: mobility-global:contextual-variables/segmentation-and-user-context/industry-or-sector/automotive-oems | audienceRole: mobility-global:contextual-variables/segmentation-and-user-context/audience-role/oem-and-supplier-roles/supply-chain-analyst | audienceRole: mobility-global:contextual-variables/segmentation-and-user-context/audience-role/oem-and-supplier-roles/procurement | contentFormat: mobility-global:system-and-structural-tags/content-formats/written-formats/short-form-article,,
https://www.spglobal.com/automotive-insights/en/blogs/2025/10/electric-vehicle-towing-closing-the-gap-with-ice-trucks,Blog or Automotive Insights,/content/mobility-global/en-us/automotive-insights/blogs/2025/10/electric-vehicle-towing-closing-the-gap-with-ice-trucks,electric-vehicle-towing-closing-the-gap-with-ice-trucks,EXISTING PAGE,Content already in AEM,APPLIED (6 tags),taxonomy-all-pages.zip,6,pillars: mobility-global:pillars/planning-solutions | insightsThoughtLeaderContentType: mobility-global:insights-and-intelligence/insight-and-thought-leader-content-type/analysis-and-reports | theme: mobility-global:insights-and-intelligence/theme/electric-vehicles | industrySector: mobility-global:contextual-variables/segmentation-and-user-context/industry-or-sector/automotive-oems | audienceRole: mobility-global:contextual-variables/segmentation-and-user-context/audience-role/oem-and-supplier-roles/competitive-intelligence | contentFormat: mobility-global:system-and-structural-tags/content-formats/written-formats/short-form-article,,
https://www.spglobal.com/automotive-insights/en/blogs/2025/10/ev-adoption-rates-how-us-and-other-markets-compare-2025,Blog or Automotive Insights,/content/mobility-global/en-us/automotive-insights/blogs/2025/10/ev-adoption-rates-how-us-and-other-markets-compare-2025,ev-adoption-rates-how-us-and-other-markets-compare-2025,EXISTING PAGE,Content already in AEM,APPLIED (12 tags),taxonomy-all-pages.zip,12,pillars: mobility-global:pillars/planning-solutions | insightsThoughtLeaderContentType: mobility-global:insights-and-intelligence/insight-and-thought-leader-content-type/analysis-and-reports | topic: mobility-global:insights-and-intelligence/topic/electrification/ev-adoption | topic: mobility-global:insights-and-intelligence/topic/market-themes-or-analytical-topics/competitive-landscape | topic: mobility-global:insights-and-intelligence/topic/market-themes-or-analytical-topics/global-automotive-markets | theme: mobility-global:insights-and-intelligence/theme/electric-vehicles | industrySector: mobility-global:contextual-variables/segmentation-and-user-context/industry-or-sector/automotive-oems | audienceRole: mobility-global:contextual-variables/segmentation-and-user-context/audience-role/marketing-and-commercial-roles/market-analyst | contentFormat: mobility-global:system-and-structural-tags/content-formats/written-formats/short-form-article | marketSalesRegion: mobility-global:contextual-variables/market-context/market-sales-region/north-america ...,,
https://www.spglobal.com/automotive-insights/en/blogs/2025/10/forecasting-car-price-trends-volatile-markets,Blog or Automotive Insights,/content/mobility-global/en-us/automotive-insights/blogs/2025/10/forecasting-car-price-trends-volatile-markets,forecasting-car-price-trends-volatile-markets,EXISTING PAGE,Content already in AEM,APPLIED (10 tags),taxonomy-all-pages.zip,10,pillars: mobility-global:pillars/planning-solutions | insightsThoughtLeaderContentType: mobility-global:insights-and-intelligence/insight-and-thought-leader-content-type/analysis-and-reports | topic: mobility-global:insights-and-intelligence/topic/market-themes-or-analytical-topics/pricing-trends | topic: mobility-global:insights-and-intelligence/topic/market-themes-or-analytical-topics/market-volatility-trends | theme: mobility-global:insights-and-intelligence/topic/industry-benchmarks/automotive-industry-forecast-and-analysis | industrySector: mobility-global:contextual-variables/segmentation-and-user-context/industry-or-sector/automotive-oems | industrySector: mobility-global:contextual-variables/segmentation-and-user-context/industry-or-sector/automotive-dealers-and-retailers | audienceRole: mobility-global:contextual-variables/segmentation-and-user-context/audience-role/marketing-and-commercial-roles/market-analyst | audienceRole: mobility-global:contextual-variables/segmentation-and-user-context/audience-role/retail-dealer-aftermarket-roles/dealer-or-retailer | contentFormat: mobility-global:system-and-structural-tags/content-formats/written-formats/short-form-article,,
https://www.spglobal.com/automotive-insights/en/blogs/2025/10/how-upfitters-can-prepare-2026-construction-demand,Blog or Automotive Insights,/content/mobility-global/en-us/automotive-insights/blogs/2025/10/how-upfitters-can-prepare-2026-construction-demand,how-upfitters-can-prepare-2026-construction-demand,EXISTING PAGE,Content already in AEM,APPLIED (9 tags),taxonomy-all-pages.zip,9,pillars: mobility-global:pillars/planning-solutions | insightsThoughtLeaderContentType: mobility-global:insights-and-intelligence/insight-and-thought-leader-content-type/analysis-and-reports | theme: mobility-global:insights-and-intelligence/topic/industry-benchmarks/automotive-industry-forecast-and-analysis | theme: mobility-global:insights-and-intelligence/theme/commercial-vehicle-market | vehicleTypeSegment: mobility-global:contextual-variables/segmentation-and-user-context/vehicle-type-or-segment/specialty-vehicles | vehicleTypeSegment: mobility-global:contextual-variables/segmentation-and-user-context/vehicle-type-or-segment/commercial-vehicles | industrySector: mobility-global:contextual-variables/segmentation-and-user-context/industry-or-sector/automotive-aftermarket | audienceRole: mobility-global:contextual-variables/segmentation-and-user-context/audience-role/retail-dealer-aftermarket-roles/aftermarket-provider | contentFormat: mobility-global:system-and-structural-tags/content-formats/written-formats/short-form-article,,
https://www.spglobal.com/automotive-insights/en/blogs/2025/10/huawei-powers-chinese-automakers-smart-ev-ambitions,Blog or Automotive Insights,/content/mobility-global/en-us/automotive-insights/blogs/2025/10/huawei-powers-chinese-automakers-smart-ev-ambitions,huawei-powers-chinese-automakers-smart-ev-ambitions,EXISTING PAGE,Content already in AEM,APPLIED (11 tags),taxonomy-all-pages.zip,11,pillars: mobility-global:pillars/planning-solutions | insightsThoughtLeaderContentType: mobility-global:insights-and-intelligence/insight-and-thought-leader-content-type/analysis-and-reports | topic: mobility-global:insights-and-intelligence/topic/market-themes-or-analytical-topics/competitive-landscape | theme: mobility-global:insights-and-intelligence/theme/electric-vehicles | industrySector: mobility-global:contextual-variables/segmentation-and-user-context/industry-or-sector/automotive-oems | audienceRole: mobility-global:contextual-variables/segmentation-and-user-context/audience-role/oem-and-supplier-roles/technical-specialists | audienceRole: mobility-global:contextual-variables/segmentation-and-user-context/audience-role/oem-and-supplier-roles/competitive-intelligence | contentFormat: mobility-global:system-and-structural-tags/content-formats/written-formats/short-form-article | marketSalesRegion: mobility-global:contextual-variables/market-context/market-sales-region/greater-china | marketRegion: mobility-global:contextual-variables/market-context/market-sales-region/greater-china ...,,
https://www.spglobal.com/automotive-insights/en/blogs/2025/10/hydrogen-powered-vehicles-face-rough-road,Blog or Automotive Insights,/content/mobility-global/en-us/automotive-insights/blogs/2025/10/hydrogen-powered-vehicles-face-rough-road,hydrogen-powered-vehicles-face-rough-road,EXISTING PAGE,Content already in AEM,APPLIED (6 tags),taxonomy-all-pages.zip,6,pillars: mobility-global:pillars/planning-solutions | insightsThoughtLeaderContentType: mobility-global:insights-and-intelligence/insight-and-thought-leader-content-type/analysis-and-reports | theme: mobility-global:insights-and-intelligence/topic/industry-benchmarks/automotive-industry-forecast-and-analysis | industrySector: mobility-global:contextual-variables/segmentation-and-user-context/industry-or-sector/automotive-oems | audienceRole: mobility-global:contextual-variables/segmentation-and-user-context/audience-role/oem-and-supplier-roles/product-planner | contentFormat: mobility-global:system-and-structural-tags/content-formats/written-formats/short-form-article,,
https://www.spglobal.com/automotive-insights/en/blogs/2025/10/leading-car-manufacturers-market-share,Blog or Automotive Insights,/content/mobility-global/en-us/automotive-insights/blogs/2025/10/leading-car-manufacturers-market-share,leading-car-manufacturers-market-share,EXISTING PAGE,Content already in AEM,APPLIED (9 tags),taxonomy-all-pages.zip,9,pillars: mobility-global:pillars/planning-solutions | insightsThoughtLeaderContentType: mobility-global:insights-and-intelligence/insight-and-thought-leader-content-type/analysis-and-reports | topic: mobility-global:insights-and-intelligence/topic/market-themes-or-analytical-topics/competitive-landscape | topic: mobility-global:insights-and-intelligence/topic/market-themes-or-analytical-topics/market-segmentation-insights | theme: mobility-global:insights-and-intelligence/topic/industry-benchmarks/automotive-industry-forecast-and-analysis | industrySector: mobility-global:contextual-variables/segmentation-and-user-context/industry-or-sector/automotive-oems | audienceRole: mobility-global:contextual-variables/segmentation-and-user-context/audience-role/marketing-and-commercial-roles/market-analyst | audienceRole: mobility-global:contextual-variables/segmentation-and-user-context/audience-role/oem-and-supplier-roles/competitive-intelligence | contentFormat: mobility-global:system-and-structural-tags/content-formats/written-formats/short-form-article,,
https://www.spglobal.com/automotive-insights/en/blogs/2025/10/lgbt-consumer-automotive-market-growing-opportunity,Blog or Automotive Insights,/content/mobility-global/en-us/automotive-insights/blogs/2025/10/lgbt-consumer-automotive-market-growing-opportunity,lgbt-consumer-automotive-market-growing-opportunity,EXISTING PAGE,Content already in AEM,APPLIED (8 tags),taxonomy-all-pages.zip,8,pillars: mobility-global:pillars/sales-solutions | insightsThoughtLeaderContentType: mobility-global:insights-and-intelligence/insight-and-thought-leader-content-type/analysis-and-reports | topic: mobility-global:insights-and-intelligence/topic/market-themes-or-analytical-topics/demographic-trends | topic: mobility-global:insights-and-intelligence/topic/market-themes-or-analytical-topics/consumer-behavior-insights | theme: mobility-global:insights-and-intelligence/theme/automotive-consumer-trends | industrySector: mobility-global:contextual-variables/segmentation-and-user-context/industry-or-sector/automotive-oems | audienceRole: mobility-global:contextual-variables/segmentation-and-user-context/audience-role/marketing-and-commercial-roles/marketing-and-media-agencies | contentFormat: mobility-global:system-and-structural-tags/content-formats/written-formats/short-form-article,,
https://www.spglobal.com/automotive-insights/en/blogs/2025/10/national-auto-trends-in-top-markets,Blog or Automotive Insights,/content/mobility-global/en-us/automotive-insights/blogs/2025/10/national-auto-trends-in-top-markets,national-auto-trends-in-top-markets,EXISTING PAGE,Content already in AEM,APPLIED (7 tags),taxonomy-all-pages.zip,7,pillars: mobility-global:pillars/planning-solutions | insightsThoughtLeaderContentType: mobility-global:insights-and-intelligence/insight-and-thought-leader-content-type/analysis-and-reports | topic: mobility-global:insights-and-intelligence/topic/industry-benchmarks/automotive-industry-forecast-and-analysis | theme: mobility-global:insights-and-intelligence/topic/industry-benchmarks/automotive-industry-forecast-and-analysis | industrySector: mobility-global:contextual-variables/segmentation-and-user-context/industry-or-sector/automotive-oems | audienceRole: mobility-global:contextual-variables/segmentation-and-user-context/audience-role/marketing-and-commercial-roles/market-analyst | contentFormat: mobility-global:system-and-structural-tags/content-formats/written-formats/short-form-article,,
https://www.spglobal.com/automotive-insights/en/blogs/2025/10/powertrain-system-trends-in-flux,Blog or Automotive Insights,/content/mobility-global/en-us/automotive-insights/blogs/2025/10/powertrain-system-trends-in-flux,powertrain-system-trends-in-flux,EXISTING PAGE,Content already in AEM,APPLIED (8 tags),taxonomy-all-pages.zip,8,pillars: mobility-global:pillars/planning-solutions | insightsThoughtLeaderContentType: mobility-global:insights-and-intelligence/insight-and-thought-leader-content-type/analysis-and-reports | theme: mobility-global:insights-and-intelligence/topic/industry-benchmarks/automotive-industry-forecast-and-analysis | industrySector: mobility-global:contextual-variables/segmentation-and-user-context/industry-or-sector/automotive-oems | industrySector: mobility-global:contextual-variables/segmentation-and-user-context/industry-or-sector/automotive-suppliers-and-supply-chain | audienceRole: mobility-global:contextual-variables/segmentation-and-user-context/audience-role/oem-and-supplier-roles/product-planner | audienceRole: mobility-global:contextual-variables/segmentation-and-user-context/audience-role/oem-and-supplier-roles/technical-specialists | contentFormat: mobility-global:system-and-structural-tags/content-formats/written-formats/short-form-article,,
https://www.spglobal.com/automotive-insights/en/blogs/2025/10/reviving-the-european-car-market,Blog or Automotive Insights,/content/mobility-global/en-us/automotive-insights/blogs/2025/10/reviving-the-european-car-market,reviving-the-european-car-market,EXISTING PAGE,Content already in AEM,APPLIED (9 tags),taxonomy-all-pages.zip,9,pillars: mobility-global:pillars/planning-solutions | insightsThoughtLeaderContentType: mobility-global:insights-and-intelligence/insight-and-thought-leader-content-type/analysis-and-reports | insightsThoughtLeaderContentType: mobility-global:insights-and-intelligence/insight-and-thought-leader-content-type/market-news-and-updates | topic: mobility-global:insights-and-intelligence/topic/market-themes-or-analytical-topics/global-automotive-markets | topic: mobility-global:insights-and-intelligence/topic/market-themes-or-analytical-topics/market-volatility-trends | theme: mobility-global:insights-and-intelligence/topic/industry-benchmarks/automotive-industry-forecast-and-analysis | industrySector: mobility-global:contextual-variables/segmentation-and-user-context/industry-or-sector/automotive-oems | audienceRole: mobility-global:contextual-variables/segmentation-and-user-context/audience-role/marketing-and-commercial-roles/market-analyst | contentFormat: mobility-global:system-and-structural-tags/content-formats/written-formats/short-form-article,,
https://www.spglobal.com/automotive-insights/en/blogs/2025/10/semiconductor-tug-of-war-ai-data-centers-automakers,Blog or Automotive Insights,/content/mobility-global/en-us/automotive-insights/blogs/2025/10/semiconductor-tug-of-war-ai-data-centers-automakers,semiconductor-tug-of-war-ai-data-centers-automakers,EXISTING PAGE,Content already in AEM,APPLIED (11 tags),taxonomy-all-pages.zip,11,pillars: mobility-global:pillars/planning-solutions | insightsThoughtLeaderContentType: mobility-global:insights-and-intelligence/insight-and-thought-leader-content-type/analysis-and-reports | insightsThoughtLeaderContentType: mobility-global:insights-and-intelligence/insight-and-thought-leader-content-type/market-news-and-updates | topic: mobility-global:insights-and-intelligence/topic/technology-and-innovation/automotive-semiconductors | topic: mobility-global:insights-and-intelligence/topic/supply-chain-and-manufacturing/automotive-supply-chain-disruption-and-resilience | theme: mobility-global:insights-and-intelligence/theme/automotive-supply-chain | industrySector: mobility-global:contextual-variables/segmentation-and-user-context/industry-or-sector/automotive-suppliers-and-supply-chain | industrySector: mobility-global:contextual-variables/segmentation-and-user-context/industry-or-sector/automotive-oems | audienceRole: mobility-global:contextual-variables/segmentation-and-user-context/audience-role/oem-and-supplier-roles/supply-chain-analyst | audienceRole: mobility-global:contextual-variables/segmentation-and-user-context/audience-role/oem-and-supplier-roles/procurement ...,,
https://www.spglobal.com/automotive-insights/en/blogs/2025/10/useful-trends-used-car-market,Blog or Automotive Insights,/content/mobility-global/en-us/automotive-insights/blogs/2025/10/useful-trends-used-car-market,useful-trends-used-car-market,EXISTING PAGE,Content already in AEM,APPLIED (5 tags),taxonomy-all-pages.zip,5,pillars: mobility-global:pillars/sales-solutions | insightsThoughtLeaderContentType: mobility-global:insights-and-intelligence/insight-and-thought-leader-content-type/analysis-and-reports | topic: mobility-global:insights-and-intelligence/topic/market-themes-or-analytical-topics/dealer-and-retail-trends | theme: mobility-global:insights-and-intelligence/theme/automotive-consumer-trends | contentFormat: mobility-global:system-and-structural-tags/content-formats/written-formats/short-form-article,,
https://www.spglobal.com/automotive-insights/en/blogs/2025/10/vin-matching-what-australian-parts-providers-should-know,Blog or Automotive Insights,/content/mobility-global/en-us/automotive-insights/blogs/2025/10/vin-matching-what-australian-parts-providers-should-know,vin-matching-what-australian-parts-providers-should-know,EXISTING PAGE,Content already in AEM,APPLIED (6 tags),taxonomy-all-pages.zip,6,pillars: mobility-global:pillars/sales-solutions | insightsThoughtLeaderContentType: mobility-global:insights-and-intelligence/insight-and-thought-leader-content-type/analysis-and-reports | topic: mobility-global:insights-and-intelligence/topic/supply-chain-and-manufacturing/automotive-parts-and-components | theme: mobility-global:insights-and-intelligence/topic/industry-benchmarks/automotive-industry-forecast-and-analysis | contentFormat: mobility-global:system-and-structural-tags/content-formats/written-formats/short-form-article | marketCountry: mobility-global:contextual-variables/market-context/market-country/australia,,
https://www.spglobal.com/automotive-insights/en/blogs/2025/11/chinese-oems-advance-overseas-vehicle-manufacturing,Blog or Automotive Insights,/content/mobility-global/en-us/automotive-insights/blogs/2025/11/chinese-oems-advance-overseas-vehicle-manufacturing,chinese-oems-advance-overseas-vehicle-manufacturing,EXISTING PAGE,Content already in AEM,APPLIED (13 tags),taxonomy-all-pages.zip,13,pillars: mobility-global:pillars/planning-solutions | insightsThoughtLeaderContentType: mobility-global:insights-and-intelligence/insight-and-thought-leader-content-type/analysis-and-reports | insightsThoughtLeaderContentType: mobility-global:insights-and-intelligence/insight-and-thought-leader-content-type/market-news-and-updates | topic: mobility-global:insights-and-intelligence/topic/industry-benchmarks/vehicle-production-forecasts | topic: mobility-global:insights-and-intelligence/topic/market-themes-or-analytical-topics/global-automotive-markets | theme: mobility-global:insights-and-intelligence/topic/industry-benchmarks/automotive-industry-forecast-and-analysis | industrySector: mobility-global:contextual-variables/segmentation-and-user-context/industry-or-sector/automotive-oems | audienceRole: mobility-global:contextual-variables/segmentation-and-user-context/audience-role/oem-and-supplier-roles/oem-strategist | audienceRole: mobility-global:contextual-variables/segmentation-and-user-context/audience-role/marketing-and-commercial-roles/market-analyst | contentFormat: mobility-global:system-and-structural-tags/content-formats/written-formats/short-form-article ...,,
https://www.spglobal.com/automotive-insights/en/blogs/2025/11/connected-services-an-increasingly-important-slice-of-automakers-revenue-pie,Blog or Automotive Insights,/content/mobility-global/en-us/automotive-insights/blogs/2025/11/connected-services-an-increasingly-important-slice-of-automakers-revenue-pie,connected-services-an-increasingly-important-slice-of-automakers-revenue-pie,EXISTING PAGE,Content already in AEM,APPLIED (8 tags),taxonomy-all-pages.zip,8,pillars: mobility-global:pillars/planning-solutions | insightsThoughtLeaderContentType: mobility-global:insights-and-intelligence/insight-and-thought-leader-content-type/analysis-and-reports | topic: mobility-global:insights-and-intelligence/topic/technology-and-innovation/connected-cars-and-vehicles | topic: mobility-global:insights-and-intelligence/topic/technology-and-innovation/mobility-business-models-subscription-maas | theme: mobility-global:insights-and-intelligence/theme/future-of-mobility | industrySector: mobility-global:contextual-variables/segmentation-and-user-context/industry-or-sector/automotive-oems | audienceRole: mobility-global:contextual-variables/segmentation-and-user-context/audience-role/oem-and-supplier-roles/oem-strategist | contentFormat: mobility-global:system-and-structural-tags/content-formats/written-formats/short-form-article,,
https://www.spglobal.com/automotive-insights/en/blogs/2025/11/eliminating-rare-earth-elements-from-ev-motor-supply-chain,Blog or Automotive Insights,/content/mobility-global/en-us/automotive-insights/blogs/2025/11/eliminating-rare-earth-elements-from-ev-motor-supply-chain,eliminating-rare-earth-elements-from-ev-motor-supply-chain,EXISTING PAGE,Content already in AEM,APPLIED (10 tags),taxonomy-all-pages.zip,10,pillars: mobility-global:pillars/planning-solutions | insightsThoughtLeaderContentType: mobility-global:insights-and-intelligence/insight-and-thought-leader-content-type/analysis-and-reports | topic: mobility-global:insights-and-intelligence/topic/supply-chain-and-manufacturing/automotive-supply-chain-disruption-and-resilience | topic: mobility-global:insights-and-intelligence/topic/electrification/ev-battery-technology | theme: mobility-global:insights-and-intelligence/theme/automotive-supply-chain | industrySector: mobility-global:contextual-variables/segmentation-and-user-context/industry-or-sector/automotive-oems | industrySector: mobility-global:contextual-variables/segmentation-and-user-context/industry-or-sector/automotive-suppliers-and-supply-chain | audienceRole: mobility-global:contextual-variables/segmentation-and-user-context/audience-role/oem-and-supplier-roles/procurement | audienceRole: mobility-global:contextual-variables/segmentation-and-user-context/audience-role/oem-and-supplier-roles/supply-chain-analyst | contentFormat: mobility-global:system-and-structural-tags/content-formats/written-formats/short-form-article,,
https://www.spglobal.com/automotive-insights/en/blogs/2025/11/ev-battery-supply-chain-under-pressure,Blog or Automotive Insights,/content/mobility-global/en-us/automotive-insights/blogs/2025/11/ev-battery-supply-chain-under-pressure,ev-battery-supply-chain-under-pressure,EXISTING PAGE,Content already in AEM,APPLIED (10 tags),taxonomy-all-pages.zip,10,pillars: mobility-global:pillars/planning-solutions | insightsThoughtLeaderContentType: mobility-global:insights-and-intelligence/insight-and-thought-leader-content-type/analysis-and-reports | topic: mobility-global:insights-and-intelligence/topic/electrification/ev-battery-technology | topic: mobility-global:insights-and-intelligence/topic/supply-chain-and-manufacturing/automotive-supply-chain-disruption-and-resilience | theme: mobility-global:insights-and-intelligence/theme/automotive-supply-chain | industrySector: mobility-global:contextual-variables/segmentation-and-user-context/industry-or-sector/automotive-oems | industrySector: mobility-global:contextual-variables/segmentation-and-user-context/industry-or-sector/automotive-suppliers-and-supply-chain | audienceRole: mobility-global:contextual-variables/segmentation-and-user-context/audience-role/oem-and-supplier-roles/supply-chain-analyst | audienceRole: mobility-global:contextual-variables/segmentation-and-user-context/audience-role/oem-and-supplier-roles/procurement | contentFormat: mobility-global:system-and-structural-tags/content-formats/written-formats/short-form-article,,
https://www.spglobal.com/automotive-insights/en/blogs/2025/11/expansion-of-ev-charging-infrastructure-slows,Blog or Automotive Insights,/content/mobility-global/en-us/automotive-insights/blogs/2025/11/expansion-of-ev-charging-infrastructure-slows,expansion-of-ev-charging-infrastructure-slows,EXISTING PAGE,Content already in AEM,APPLIED (11 tags),taxonomy-all-pages.zip,11,pillars: mobility-global:pillars/planning-solutions | insightsThoughtLeaderContentType: mobility-global:insights-and-intelligence/insight-and-thought-leader-content-type/analysis-and-reports | insightsThoughtLeaderContentType: mobility-global:insights-and-intelligence/insight-and-thought-leader-content-type/market-news-and-updates | topic: mobility-global:insights-and-intelligence/topic/electrification/ev-charging-infrastructure | topic: mobility-global:insights-and-intelligence/topic/market-themes-or-analytical-topics/market-volatility-trends | theme: mobility-global:insights-and-intelligence/theme/electric-vehicles | industrySector: mobility-global:contextual-variables/segmentation-and-user-context/industry-or-sector/automotive-oems | industrySector: mobility-global:contextual-variables/segmentation-and-user-context/industry-or-sector/automotive-suppliers-and-supply-chain | audienceRole: mobility-global:contextual-variables/segmentation-and-user-context/audience-role/oem-and-supplier-roles/product-planner | audienceRole: mobility-global:contextual-variables/segmentation-and-user-context/audience-role/regulatory-risk-and-policy-roles/government-or-policy-maker ...,,
https://www.spglobal.com/automotive-insights/en/blogs/2025/11/full-size-half-ton-pickups-us-auto-market,Blog or Automotive Insights,/content/mobility-global/en-us/automotive-insights/blogs/2025/11/full-size-half-ton-pickups-us-auto-market,full-size-half-ton-pickups-us-auto-market,EXISTING PAGE,Content already in AEM,APPLIED (11 tags),taxonomy-all-pages.zip,11,pillars: mobility-global:pillars/planning-solutions | insightsThoughtLeaderContentType: mobility-global:insights-and-intelligence/insight-and-thought-leader-content-type/analysis-and-reports | topic: mobility-global:insights-and-intelligence/topic/market-themes-or-analytical-topics/market-segmentation-insights | topic: mobility-global:insights-and-intelligence/topic/market-themes-or-analytical-topics/automotive-consumer-demand | theme: mobility-global:insights-and-intelligence/topic/industry-benchmarks/automotive-industry-forecast-and-analysis | industrySector: mobility-global:contextual-variables/segmentation-and-user-context/industry-or-sector/automotive-oems | audienceRole: mobility-global:contextual-variables/segmentation-and-user-context/audience-role/marketing-and-commercial-roles/market-analyst | contentFormat: mobility-global:system-and-structural-tags/content-formats/written-formats/short-form-article | marketSalesRegion: mobility-global:contextual-variables/market-context/market-sales-region/north-america | marketRegion: mobility-global:contextual-variables/market-context/market-sales-region/north-america ...,,
https://www.spglobal.com/automotive-insights/en/blogs/2025/11/indias-multifuel-path-to-automotive-sustainability,Blog or Automotive Insights,/content/mobility-global/en-us/automotive-insights/blogs/2025/11/indias-multifuel-path-to-automotive-sustainability,indias-multifuel-path-to-automotive-sustainability,EXISTING PAGE,Content already in AEM,APPLIED (11 tags),taxonomy-all-pages.zip,11,pillars: mobility-global:pillars/planning-solutions | insightsThoughtLeaderContentType: mobility-global:insights-and-intelligence/insight-and-thought-leader-content-type/analysis-and-reports | topic: mobility-global:insights-and-intelligence/topic/sustainability-and-esg/automotive-sustainability-and-esg | topic: mobility-global:insights-and-intelligence/topic/risk-safety-and-compliance/regulations-and-compliance | theme: mobility-global:insights-and-intelligence/theme/automotive-sustainability | regulatoryContext: mobility-global:contextual-variables/regulatory-and-operating-context/regulatory-context/policy | regulatoryContext: mobility-global:contextual-variables/regulatory-and-operating-context/regulatory-context/emissions-standards | industrySector: mobility-global:contextual-variables/segmentation-and-user-context/industry-or-sector/automotive-oems | audienceRole: mobility-global:contextual-variables/segmentation-and-user-context/audience-role/regulatory-risk-and-policy-roles/government-or-policy-maker | contentFormat: mobility-global:system-and-structural-tags/content-formats/written-formats/short-form-article ...,,
https://www.spglobal.com/automotive-insights/en/blogs/2025/11/japan-mobility-show-2025,Blog or Automotive Insights,/content/mobility-global/en-us/automotive-insights/blogs/2025/11/japan-mobility-show-2025,japan-mobility-show-2025,EXISTING PAGE,Content already in AEM,APPLIED (9 tags),taxonomy-all-pages.zip,9,pillars: mobility-global:pillars/planning-solutions | insightsThoughtLeaderContentType: mobility-global:insights-and-intelligence/insight-and-thought-leader-content-type/events-and-webinars | theme: mobility-global:insights-and-intelligence/theme/future-of-mobility | industrySector: mobility-global:contextual-variables/segmentation-and-user-context/industry-or-sector/automotive-oems | audienceRole: mobility-global:contextual-variables/segmentation-and-user-context/audience-role/oem-and-supplier-roles/oem-strategist | contentFormat: mobility-global:system-and-structural-tags/content-formats/written-formats/short-form-article | marketSalesRegion: mobility-global:contextual-variables/market-context/market-sales-region/japan-korea | marketRegion: mobility-global:contextual-variables/market-context/market-region/japan-korea | marketCountry: mobility-global:contextual-variables/market-context/market-country/japan,,
https://www.spglobal.com/automotive-insights/en/blogs/2025/11/mastering-scenario-planning-for-resilience,Blog or Automotive Insights,/content/mobility-global/en-us/automotive-insights/blogs/2025/11/mastering-scenario-planning-for-resilience,mastering-scenario-planning-for-resilience,EXISTING PAGE,Content already in AEM,APPLIED (10 tags),taxonomy-all-pages.zip,10,pillars: mobility-global:pillars/planning-solutions | insightsThoughtLeaderContentType: mobility-global:insights-and-intelligence/insight-and-thought-leader-content-type/analysis-and-reports | topic: mobility-global:insights-and-intelligence/topic/market-themes-or-analytical-topics/market-volatility-trends | topic: mobility-global:insights-and-intelligence/topic/supply-chain-and-manufacturing/automotive-supply-chain-disruption-and-resilience | theme: mobility-global:insights-and-intelligence/theme/scenario-planning-insights | industrySector: mobility-global:contextual-variables/segmentation-and-user-context/industry-or-sector/automotive-oems | industrySector: mobility-global:contextual-variables/segmentation-and-user-context/industry-or-sector/automotive-suppliers-and-supply-chain | audienceRole: mobility-global:contextual-variables/segmentation-and-user-context/audience-role/oem-and-supplier-roles/oem-strategist | audienceRole: mobility-global:contextual-variables/segmentation-and-user-context/audience-role/oem-and-supplier-roles/supply-chain-analyst | contentFormat: mobility-global:system-and-structural-tags/content-formats/written-formats/short-form-article,,
https://www.spglobal.com/automotive-insights/en/blogs/2025/11/new-leaders-at-european-automakers,Blog or Automotive Insights,/content/mobility-global/en-us/automotive-insights/blogs/2025/11/new-leaders-at-european-automakers,new-leaders-at-european-automakers,EXISTING PAGE,Content already in AEM,APPLIED (2 tags),taxonomy-all-pages.zip,2,theme: mobility-global:insights-and-intelligence/topic/industry-benchmarks/automotive-industry-forecast-and-analysis | contentFormat: mobility-global:system-and-structural-tags/content-formats/written-formats/short-form-article,,
https://www.spglobal.com/automotive-insights/en/blogs/2025/11/repositioning-ice-vehicles-with-engine-decarbonization,Blog or Automotive Insights,/content/mobility-global/en-us/automotive-insights/blogs/2025/11/repositioning-ice-vehicles-with-engine-decarbonization,repositioning-ice-vehicles-with-engine-decarbonization,EXISTING PAGE,Content already in AEM,APPLIED (8 tags),taxonomy-all-pages.zip,8,pillars: mobility-global:pillars/planning-solutions | insightsThoughtLeaderContentType: mobility-global:insights-and-intelligence/insight-and-thought-leader-content-type/analysis-and-reports | topic: mobility-global:insights-and-intelligence/topic/sustainability-and-esg/automotive-sustainability-and-esg | theme: mobility-global:insights-and-intelligence/theme/automotive-sustainability | industrySector: mobility-global:contextual-variables/segmentation-and-user-context/industry-or-sector/automotive-oems | audienceRole: mobility-global:contextual-variables/segmentation-and-user-context/audience-role/oem-and-supplier-roles/product-planner | audienceRole: mobility-global:contextual-variables/segmentation-and-user-context/audience-role/oem-and-supplier-roles/technical-specialists | contentFormat: mobility-global:system-and-structural-tags/content-formats/written-formats/short-form-article,,
https://www.spglobal.com/automotive-insights/en/blogs/2025/11/what-is-fueling-consumer-interest-in-hybrid-vehicles,Blog or Automotive Insights,/content/mobility-global/en-us/automotive-insights/blogs/2025/11/what-is-fueling-consumer-interest-in-hybrid-vehicles,what-is-fueling-consumer-interest-in-hybrid-vehicles,EXISTING PAGE,Content already in AEM,APPLIED (8 tags),taxonomy-all-pages.zip,8,pillars: mobility-global:pillars/planning-solutions | insightsThoughtLeaderContentType: mobility-global:insights-and-intelligence/insight-and-thought-leader-content-type/analysis-and-reports | topic: mobility-global:insights-and-intelligence/topic/market-themes-or-analytical-topics/automotive-consumer-demand | topic: mobility-global:insights-and-intelligence/topic/market-themes-or-analytical-topics/consumer-behavior-insights | theme: mobility-global:insights-and-intelligence/theme/automotive-consumer-trends | industrySector: mobility-global:contextual-variables/segmentation-and-user-context/industry-or-sector/automotive-oems | audienceRole: mobility-global:contextual-variables/segmentation-and-user-context/audience-role/marketing-and-commercial-roles/market-analyst | contentFormat: mobility-global:system-and-structural-tags/content-formats/written-formats/short-form-article,,
https://www.spglobal.com/automotive-insights/en/blogs/2025/12/2025-chevrolet-equinox-industry-performance,Blog or Automotive Insights,/content/mobility-global/en-us/automotive-insights/blogs/2025/12/2025-chevrolet-equinox-industry-performance,2025-chevrolet-equinox-industry-performance,EXISTING PAGE,Content already in AEM,APPLIED (8 tags),taxonomy-all-pages.zip,8,pillars: mobility-global:pillars/planning-solutions | insightsThoughtLeaderContentType: mobility-global:insights-and-intelligence/insight-and-thought-leader-content-type/analysis-and-reports | topic: mobility-global:insights-and-intelligence/topic/market-themes-or-analytical-topics/competitive-landscape | topic: mobility-global:insights-and-intelligence/topic/market-themes-or-analytical-topics/market-segmentation-insights | industrySector: mobility-global:contextual-variables/segmentation-and-user-context/industry-or-sector/automotive-oems | audienceRole: mobility-global:contextual-variables/segmentation-and-user-context/audience-role/oem-and-supplier-roles/competitive-intelligence | audienceRole: mobility-global:contextual-variables/segmentation-and-user-context/audience-role/marketing-and-commercial-roles/market-analyst | contentFormat: mobility-global:system-and-structural-tags/content-formats/written-formats/short-form-article,,
https://www.spglobal.com/automotive-insights/en/blogs/2025/12/automotive-lending-strategies-2026,Blog or Automotive Insights,/content/mobility-global/en-us/automotive-insights/blogs/2025/12/automotive-lending-strategies-2026,automotive-lending-strategies-2026,EXISTING PAGE,Content already in AEM,APPLIED (8 tags),taxonomy-all-pages.zip,8,pillars: mobility-global:pillars/sales-solutions | insightsThoughtLeaderContentType: mobility-global:insights-and-intelligence/insight-and-thought-leader-content-type/analysis-and-reports | topic: mobility-global:insights-and-intelligence/topic/market-themes-or-analytical-topics/dealer-and-retail-trends | topic: mobility-global:insights-and-intelligence/topic/macro-economic-drivers | theme: mobility-global:insights-and-intelligence/topic/industry-benchmarks/automotive-industry-forecast-and-analysis | industrySector: mobility-global:contextual-variables/segmentation-and-user-context/industry-or-sector/fleet-management-and-leasing | audienceRole: mobility-global:contextual-variables/segmentation-and-user-context/audience-role/fleet-and-commercial-roles/leasing-or-financial-services | contentFormat: mobility-global:system-and-structural-tags/content-formats/written-formats/short-form-article,,
https://www.spglobal.com/automotive-insights/en/blogs/2025/12/automotive-suppliers-sustain-margins-amid-slower-growth-in-2025,Blog or Automotive Insights,/content/mobility-global/en-us/automotive-insights/blogs/2025/12/automotive-suppliers-sustain-margins-amid-slower-growth-in-2025,automotive-suppliers-sustain-margins-amid-slower-growth-in-2025,EXISTING PAGE,Content already in AEM,APPLIED (8 tags),taxonomy-all-pages.zip,8,pillars: mobility-global:pillars/planning-solutions | insightsThoughtLeaderContentType: mobility-global:insights-and-intelligence/insight-and-thought-leader-content-type/analysis-and-reports | topic: mobility-global:insights-and-intelligence/topic/market-themes-or-analytical-topics/market-volatility-trends | topic: mobility-global:insights-and-intelligence/topic/supply-chain-and-manufacturing/automotive-supply-chain-disruption-and-resilience | theme: mobility-global:insights-and-intelligence/theme/automotive-supply-chain | industrySector: mobility-global:contextual-variables/segmentation-and-user-context/industry-or-sector/automotive-suppliers-and-supply-chain | audienceRole: mobility-global:contextual-variables/segmentation-and-user-context/audience-role/oem-and-supplier-roles/supply-chain-analyst | contentFormat: mobility-global:system-and-structural-tags/content-formats/written-formats/short-form-article,,
https://www.spglobal.com/automotive-insights/en/blogs/2025/12/autonomous-ride-hailing-grows-key-us-markets,Blog or Automotive Insights,/content/mobility-global/en-us/automotive-insights/blogs/2025/12/autonomous-ride-hailing-grows-key-us-markets,autonomous-ride-hailing-grows-key-us-markets,EXISTING PAGE,Content already in AEM,APPLIED (13 tags),taxonomy-all-pages.zip,13,pillars: mobility-global:pillars/planning-solutions | insightsThoughtLeaderContentType: mobility-global:insights-and-intelligence/insight-and-thought-leader-content-type/analysis-and-reports | insightsThoughtLeaderContentType: mobility-global:insights-and-intelligence/insight-and-thought-leader-content-type/market-news-and-updates | topic: mobility-global:insights-and-intelligence/topic/technology-and-innovation/autonomous-vehicles-and-adas | topic: mobility-global:insights-and-intelligence/topic/technology-and-innovation/mobility-business-models-subscription-maas | theme: mobility-global:insights-and-intelligence/theme/future-of-mobility | industrySector: mobility-global:contextual-variables/segmentation-and-user-context/industry-or-sector/automotive-oems | audienceRole: mobility-global:contextual-variables/segmentation-and-user-context/audience-role/oem-and-supplier-roles/oem-strategist | audienceRole: mobility-global:contextual-variables/segmentation-and-user-context/audience-role/oem-and-supplier-roles/product-planner | contentFormat: mobility-global:system-and-structural-tags/content-formats/written-formats/short-form-article ...,,
https://www.spglobal.com/automotive-insights/en/blogs/2025/12/beyond-brand-loyalty-modern-auto-buyer,Blog or Automotive Insights,/content/mobility-global/en-us/automotive-insights/blogs/2025/12/beyond-brand-loyalty-modern-auto-buyer,beyond-brand-loyalty-modern-auto-buyer,EXISTING PAGE,Content already in AEM,APPLIED (8 tags),taxonomy-all-pages.zip,8,pillars: mobility-global:pillars/sales-solutions | productFamily: mobility-global:products-and-platforms/product-families/loyalty | insightsThoughtLeaderContentType: mobility-global:insights-and-intelligence/insight-and-thought-leader-content-type/analysis-and-reports | topic: mobility-global:products-and-platforms/product-families/loyalty | theme: mobility-global:insights-and-intelligence/theme/automotive-consumer-trends | industrySector: mobility-global:contextual-variables/segmentation-and-user-context/industry-or-sector/automotive-oems | audienceRole: mobility-global:contextual-variables/segmentation-and-user-context/audience-role/marketing-and-commercial-roles/market-analyst | contentFormat: mobility-global:system-and-structural-tags/content-formats/written-formats/short-form-article,,
https://www.spglobal.com/automotive-insights/en/blogs/2025/12/dram-makers-ai-data-centers-semiconductor-shortage,Blog or Automotive Insights,/content/mobility-global/en-us/automotive-insights/blogs/2025/12/dram-makers-ai-data-centers-semiconductor-shortage,dram-makers-ai-data-centers-semiconductor-shortage,EXISTING PAGE,Content already in AEM,APPLIED (13 tags),taxonomy-all-pages.zip,13,pillars: mobility-global:pillars/planning-solutions | insightsThoughtLeaderContentType: mobility-global:insights-and-intelligence/insight-and-thought-leader-content-type/analysis-and-reports | insightsThoughtLeaderContentType: mobility-global:insights-and-intelligence/insight-and-thought-leader-content-type/market-news-and-updates | topic: mobility-global:insights-and-intelligence/topic/supply-chain-and-manufacturing/automotive-supply-chain-disruption-and-resilience | topic: mobility-global:insights-and-intelligence/topic/supply-chain-and-manufacturing/automotive-supply-chain-risk-management | topic: mobility-global:insights-and-intelligence/topic/technology-and-innovation/automotive-semiconductors | theme: mobility-global:insights-and-intelligence/theme/automotive-supply-chain | theme: mobility-global:insights-and-intelligence/theme/supply-chain-resilience | industrySector: mobility-global:contextual-variables/segmentation-and-user-context/industry-or-sector/automotive-suppliers-and-supply-chain | industrySector: mobility-global:contextual-variables/segmentation-and-user-context/industry-or-sector/automotive-oems ...,,
https://www.spglobal.com/automotive-insights/en/blogs/2025/12/europe-shifts-into-reverse-on-eu-2035-ice-ban,Blog or Automotive Insights,/content/mobility-global/en-us/automotive-insights/blogs/2025/12/europe-shifts-into-reverse-on-eu-2035-ice-ban,europe-shifts-into-reverse-on-eu-2035-ice-ban,EXISTING PAGE,Content already in AEM,APPLIED (10 tags),taxonomy-all-pages.zip,10,pillars: mobility-global:pillars/planning-solutions | insightsThoughtLeaderContentType: mobility-global:insights-and-intelligence/insight-and-thought-leader-content-type/analysis-and-reports | insightsThoughtLeaderContentType: mobility-global:insights-and-intelligence/insight-and-thought-leader-content-type/market-news-and-updates | topic: mobility-global:insights-and-intelligence/topic/risk-safety-and-compliance/regulations-and-compliance | theme: mobility-global:insights-and-intelligence/theme/automotive-sustainability | regulatoryContext: mobility-global:contextual-variables/regulatory-and-operating-context/regulatory-context/policy | regulatoryContext: mobility-global:contextual-variables/regulatory-and-operating-context/regulatory-context/emissions-standards | industrySector: mobility-global:contextual-variables/segmentation-and-user-context/industry-or-sector/automotive-oems | audienceRole: mobility-global:contextual-variables/segmentation-and-user-context/audience-role/regulatory-risk-and-policy-roles/government-or-policy-maker | contentFormat: mobility-global:system-and-structural-tags/content-formats/written-formats/short-form-article,,
https://www.spglobal.com/automotive-insights/en/blogs/2025/12/hybrid-buses-trucks-europe-forecast,Blog or Automotive Insights,/content/mobility-global/en-us/automotive-insights/blogs/2025/12/hybrid-buses-trucks-europe-forecast,hybrid-buses-trucks-europe-forecast,EXISTING PAGE,Content already in AEM,APPLIED (11 tags),taxonomy-all-pages.zip,11,pillars: mobility-global:pillars/planning-solutions | insightsThoughtLeaderContentType: mobility-global:insights-and-intelligence/insight-and-thought-leader-content-type/data-and-forecasts | insightsThoughtLeaderContentType: mobility-global:insights-and-intelligence/insight-and-thought-leader-content-type/analysis-and-reports | theme: mobility-global:insights-and-intelligence/topic/industry-benchmarks/automotive-industry-forecast-and-analysis | theme: mobility-global:insights-and-intelligence/theme/automotive-sustainability | theme: mobility-global:insights-and-intelligence/theme/commercial-vehicle-market | vehicleTypeSegment: mobility-global:contextual-variables/segmentation-and-user-context/vehicle-type-or-segment/hybrid-vehicles | vehicleTypeSegment: mobility-global:contextual-variables/segmentation-and-user-context/vehicle-type-or-segment/commercial-vehicles | industrySector: mobility-global:contextual-variables/segmentation-and-user-context/industry-or-sector/automotive-oems | audienceRole: mobility-global:contextual-variables/segmentation-and-user-context/audience-role/marketing-and-commercial-roles/market-analyst ...,,
https://www.spglobal.com/automotive-insights/en/blogs/2025/12/the-global-rise-of-autonomous-trucks-and-last-mile-delivery,Blog or Automotive Insights,/content/mobility-global/en-us/automotive-insights/blogs/2025/12/the-global-rise-of-autonomous-trucks-and-last-mile-delivery,the-global-rise-of-autonomous-trucks-and-last-mile-delivery,EXISTING PAGE,Content already in AEM,APPLIED (11 tags),taxonomy-all-pages.zip,11,pillars: mobility-global:pillars/planning-solutions | insightsThoughtLeaderContentType: mobility-global:insights-and-intelligence/insight-and-thought-leader-content-type/analysis-and-reports | topic: mobility-global:insights-and-intelligence/topic/technology-and-innovation/autonomous-vehicles-and-adas | theme: mobility-global:insights-and-intelligence/theme/commercial-vehicle-market | vehicleTypeSegment: mobility-global:contextual-variables/segmentation-and-user-context/vehicle-type-or-segment/autonomous-vehicles-avs | vehicleTypeSegment: mobility-global:contextual-variables/segmentation-and-user-context/vehicle-type-or-segment/commercial-vehicles | industrySector: mobility-global:contextual-variables/segmentation-and-user-context/industry-or-sector/automotive-oems | industrySector: mobility-global:contextual-variables/segmentation-and-user-context/industry-or-sector/fleet-management-and-leasing | audienceRole: mobility-global:contextual-variables/segmentation-and-user-context/audience-role/oem-and-supplier-roles/oem-strategist | audienceRole: mobility-global:contextual-variables/segmentation-and-user-context/audience-role/fleet-and-commercial-roles/fleet-manager ...,,
https://www.spglobal.com/automotive-insights/en/blogs/2025-auto-sales-forecast-global,Blog or Automotive Insights,/content/mobility-global/en-us/automotive-insights/blogs/2025-auto-sales-forecast-global,2025-auto-sales-forecast-global,EXISTING PAGE,Content already in AEM,APPLIED (8 tags),taxonomy-all-pages.zip,8,pillars: mobility-global:pillars/planning-solutions | insightsThoughtLeaderContentType: mobility-global:insights-and-intelligence/insight-and-thought-leader-content-type/data-and-forecasts | insightsThoughtLeaderContentType: mobility-global:insights-and-intelligence/insight-and-thought-leader-content-type/analysis-and-reports | topic: mobility-global:insights-and-intelligence/topic/industry-benchmarks/automotive-industry-forecast-and-analysis | theme: mobility-global:insights-and-intelligence/topic/industry-benchmarks/automotive-industry-forecast-and-analysis | industrySector: mobility-global:contextual-variables/segmentation-and-user-context/industry-or-sector/automotive-oems | audienceRole: mobility-global:contextual-variables/segmentation-and-user-context/audience-role/marketing-and-commercial-roles/market-analyst | contentFormat: mobility-global:system-and-structural-tags/content-formats/written-formats/short-form-article,,
https://www.spglobal.com/automotive-insights/en/blogs/2025-light-vehicle-production-forecast,Blog or Automotive Insights,/content/mobility-global/en-us/automotive-insights/blogs/2025-light-vehicle-production-forecast,2025-light-vehicle-production-forecast,EXISTING PAGE,Content already in AEM,APPLIED (8 tags),taxonomy-all-pages.zip,8,pillars: mobility-global:pillars/planning-solutions | insightsThoughtLeaderContentType: mobility-global:insights-and-intelligence/insight-and-thought-leader-content-type/data-and-forecasts | insightsThoughtLeaderContentType: mobility-global:insights-and-intelligence/insight-and-thought-leader-content-type/analysis-and-reports | topic: mobility-global:insights-and-intelligence/topic/industry-benchmarks/vehicle-production-forecasts | theme: mobility-global:insights-and-intelligence/topic/industry-benchmarks/automotive-industry-forecast-and-analysis | industrySector: mobility-global:contextual-variables/segmentation-and-user-context/industry-or-sector/automotive-oems | audienceRole: mobility-global:contextual-variables/segmentation-and-user-context/audience-role/marketing-and-commercial-roles/market-analyst | contentFormat: mobility-global:system-and-structural-tags/content-formats/written-formats/short-form-article,,
https://www.spglobal.com/automotive-insights/en/blogs/2025-playbook-top-automotive-suppliers,Blog or Automotive Insights,/content/mobility-global/en-us/automotive-insights/blogs/2025-playbook-top-automotive-suppliers,2025-playbook-top-automotive-suppliers,EXISTING PAGE,Content already in AEM,APPLIED (9 tags),taxonomy-all-pages.zip,9,pillars: mobility-global:pillars/planning-solutions | insightsThoughtLeaderContentType: mobility-global:insights-and-intelligence/insight-and-thought-leader-content-type/analysis-and-reports | topic: mobility-global:insights-and-intelligence/topic/supply-chain-and-manufacturing/automotive-supply-chain-disruption-and-resilience | topic: mobility-global:insights-and-intelligence/topic/market-themes-or-analytical-topics/competitive-landscape | theme: mobility-global:insights-and-intelligence/theme/automotive-supply-chain | industrySector: mobility-global:contextual-variables/segmentation-and-user-context/industry-or-sector/automotive-suppliers-and-supply-chain | audienceRole: mobility-global:contextual-variables/segmentation-and-user-context/audience-role/oem-and-supplier-roles/supply-chain-analyst | audienceRole: mobility-global:contextual-variables/segmentation-and-user-context/audience-role/oem-and-supplier-roles/competitive-intelligence | contentFormat: mobility-global:system-and-structural-tags/content-formats/written-formats/short-form-article,,
https://www.spglobal.com/automotive-insights/en/blogs/2026/01/2025-automotive-loyalty-awards-winners,Blog or Automotive Insights,/content/mobility-global/en-us/automotive-insights/blogs/2026/01/2025-automotive-loyalty-awards-winners,2025-automotive-loyalty-awards-winners,EXISTING PAGE,Content already in AEM,APPLIED (9 tags),taxonomy-all-pages.zip,9,pillars: mobility-global:pillars/sales-solutions | productFamily: mobility-global:products-and-platforms/product-families/loyalty | insightsThoughtLeaderContentType: mobility-global:insights-and-intelligence/insight-and-thought-leader-content-type/events-and-webinars | insightsThoughtLeaderContentType: mobility-global:insights-and-intelligence/insight-and-thought-leader-content-type/analysis-and-reports | topic: mobility-global:products-and-platforms/product-families/loyalty | theme: mobility-global:insights-and-intelligence/theme/automotive-consumer-trends | industrySector: mobility-global:contextual-variables/segmentation-and-user-context/industry-or-sector/automotive-oems | audienceRole: mobility-global:contextual-variables/segmentation-and-user-context/audience-role/marketing-and-commercial-roles/market-analyst | contentFormat: mobility-global:system-and-structural-tags/content-formats/written-formats/short-form-article,,
https://www.spglobal.com/automotive-insights/en/blogs/2026/01/2025-automotive-sales-data-global-trends,Blog or Automotive Insights,/content/mobility-global/en-us/automotive-insights/blogs/2026/01/2025-automotive-sales-data-global-trends,2025-automotive-sales-data-global-trends,EXISTING PAGE,Content already in AEM,APPLIED (9 tags),taxonomy-all-pages.zip,9,pillars: mobility-global:pillars/planning-solutions | insightsThoughtLeaderContentType: mobility-global:insights-and-intelligence/insight-and-thought-leader-content-type/data-and-forecasts | insightsThoughtLeaderContentType: mobility-global:insights-and-intelligence/insight-and-thought-leader-content-type/analysis-and-reports | topic: mobility-global:insights-and-intelligence/topic/industry-benchmarks/automotive-industry-forecast-and-analysis | topic: mobility-global:insights-and-intelligence/topic/market-themes-or-analytical-topics/global-automotive-markets | theme: mobility-global:insights-and-intelligence/topic/industry-benchmarks/automotive-industry-forecast-and-analysis | industrySector: mobility-global:contextual-variables/segmentation-and-user-context/industry-or-sector/automotive-oems | audienceRole: mobility-global:contextual-variables/segmentation-and-user-context/audience-role/marketing-and-commercial-roles/market-analyst | contentFormat: mobility-global:system-and-structural-tags/content-formats/written-formats/short-form-article,,
https://www.spglobal.com/automotive-insights/en/blogs/2026/01/2026-automotive-supplier-outlook,Blog or Automotive Insights,/content/mobility-global/en-us/automotive-insights/blogs/2026/01/2026-automotive-supplier-outlook,2026-automotive-supplier-outlook,EXISTING PAGE,Content already in AEM,APPLIED (8 tags),taxonomy-all-pages.zip,8,pillars: mobility-global:pillars/planning-solutions | insightsThoughtLeaderContentType: mobility-global:insights-and-intelligence/insight-and-thought-leader-content-type/analysis-and-reports | topic: mobility-global:insights-and-intelligence/topic/supply-chain-and-manufacturing/automotive-supply-chain-disruption-and-resilience | theme: mobility-global:insights-and-intelligence/theme/automotive-supply-chain | theme: mobility-global:insights-and-intelligence/theme/supply-chain-resilience | industrySector: mobility-global:contextual-variables/segmentation-and-user-context/industry-or-sector/automotive-suppliers-and-supply-chain | audienceRole: mobility-global:contextual-variables/segmentation-and-user-context/audience-role/oem-and-supplier-roles/supply-chain-analyst | contentFormat: mobility-global:system-and-structural-tags/content-formats/written-formats/short-form-article,,
https://www.spglobal.com/automotive-insights/en/blogs/2026/01/automotive-market-trends-2026,Blog or Automotive Insights,/content/mobility-global/en-us/automotive-insights/blogs/2026/01/automotive-market-trends-2026,automotive-market-trends-2026,EXISTING PAGE,Content already in AEM,APPLIED (7 tags),taxonomy-all-pages.zip,7,pillars: mobility-global:pillars/planning-solutions | insightsThoughtLeaderContentType: mobility-global:insights-and-intelligence/insight-and-thought-leader-content-type/analysis-and-reports | topic: mobility-global:insights-and-intelligence/topic/industry-benchmarks/automotive-industry-forecast-and-analysis | theme: mobility-global:insights-and-intelligence/topic/industry-benchmarks/automotive-industry-forecast-and-analysis | industrySector: mobility-global:contextual-variables/segmentation-and-user-context/industry-or-sector/automotive-oems | audienceRole: mobility-global:contextual-variables/segmentation-and-user-context/audience-role/marketing-and-commercial-roles/market-analyst | contentFormat: mobility-global:system-and-structural-tags/content-formats/written-formats/short-form-article,,
https://www.spglobal.com/automotive-insights/en/blogs/2026/01/cam-international-market-navigates-shifting-ev-supply-and-demand,Blog or Automotive Insights,/content/mobility-global/en-us/automotive-insights/blogs/2026/01/cam-international-market-navigates-shifting-ev-supply-and-demand,cam-international-market-navigates-shifting-ev-supply-and-demand,EXISTING PAGE,Content already in AEM,APPLIED (8 tags),taxonomy-all-pages.zip,8,pillars: mobility-global:pillars/planning-solutions | insightsThoughtLeaderContentType: mobility-global:insights-and-intelligence/insight-and-thought-leader-content-type/analysis-and-reports | topic: mobility-global:insights-and-intelligence/topic/electrification/ev-battery-technology | theme: mobility-global:insights-and-intelligence/topic/electrification/ev-battery-technology | industrySector: mobility-global:contextual-variables/segmentation-and-user-context/industry-or-sector/automotive-suppliers-and-supply-chain | audienceRole: mobility-global:contextual-variables/segmentation-and-user-context/audience-role/oem-and-supplier-roles/supply-chain-analyst | audienceRole: mobility-global:contextual-variables/segmentation-and-user-context/audience-role/oem-and-supplier-roles/procurement | contentFormat: mobility-global:system-and-structural-tags/content-formats/written-formats/short-form-article,,
https://www.spglobal.com/automotive-insights/en/blogs/2026/01/ces-2026-spotlights-automotive-technology,Blog or Automotive Insights,/content/mobility-global/en-us/automotive-insights/blogs/2026/01/ces-2026-spotlights-automotive-technology,ces-2026-spotlights-automotive-technology,EXISTING PAGE,Content already in AEM,APPLIED (8 tags),taxonomy-all-pages.zip,8,pillars: mobility-global:pillars/planning-solutions | insightsThoughtLeaderContentType: mobility-global:insights-and-intelligence/insight-and-thought-leader-content-type/events-and-webinars | theme: mobility-global:insights-and-intelligence/theme/future-of-mobility | industrySector: mobility-global:contextual-variables/segmentation-and-user-context/industry-or-sector/automotive-oems | industrySector: mobility-global:contextual-variables/segmentation-and-user-context/industry-or-sector/automotive-suppliers-and-supply-chain | audienceRole: mobility-global:contextual-variables/segmentation-and-user-context/audience-role/oem-and-supplier-roles/technical-specialists | audienceRole: mobility-global:contextual-variables/segmentation-and-user-context/audience-role/oem-and-supplier-roles/oem-strategist | contentFormat: mobility-global:system-and-structural-tags/content-formats/written-formats/short-form-article,,
https://www.spglobal.com/automotive-insights/en/blogs/2026/01/five-predictions-2026-automotive-industry-outlook,Blog or Automotive Insights,/content/mobility-global/en-us/automotive-insights/blogs/2026/01/five-predictions-2026-automotive-industry-outlook,five-predictions-2026-automotive-industry-outlook,EXISTING PAGE,Content already in AEM,APPLIED (13 tags),taxonomy-all-pages.zip,13,pillars: mobility-global:pillars/planning-solutions | insightsThoughtLeaderContentType: mobility-global:insights-and-intelligence/insight-and-thought-leader-content-type/analysis-and-reports | insightsThoughtLeaderContentType: mobility-global:insights-and-intelligence/insight-and-thought-leader-content-type/data-and-forecasts | topic: mobility-global:insights-and-intelligence/topic/industry-benchmarks/automotive-industry-forecast-and-analysis | topic: mobility-global:insights-and-intelligence/topic/industry-benchmarks/vehicle-production-forecasts | theme: mobility-global:insights-and-intelligence/topic/industry-benchmarks/automotive-industry-forecast-and-analysis | industrySector: mobility-global:contextual-variables/segmentation-and-user-context/industry-or-sector/automotive-oems | industrySector: mobility-global:contextual-variables/segmentation-and-user-context/industry-or-sector/automotive-suppliers-and-supply-chain | audienceRole: mobility-global:contextual-variables/segmentation-and-user-context/audience-role/oem-and-supplier-roles/oem-strategist | audienceRole: mobility-global:contextual-variables/segmentation-and-user-context/audience-role/marketing-and-commercial-roles/market-analyst ...,,
https://www.spglobal.com/automotive-insights/en/blogs/2026/01/mobility-pulse-360-launch-announcement,Blog or Automotive Insights,/content/mobility-global/en-us/automotive-insights/blogs/2026/01/mobility-pulse-360-launch-announcement,mobility-pulse-360-launch-announcement,EXISTING PAGE,Content already in AEM,APPLIED (6 tags),taxonomy-all-pages.zip,6,pillars: mobility-global:pillars/sales-solutions | insightsThoughtLeaderContentType: mobility-global:insights-and-intelligence/insight-and-thought-leader-content-type/market-news-and-updates | topic: mobility-global:insights-and-intelligence/topic/market-themes-or-analytical-topics/pricing-trends | theme: mobility-global:insights-and-intelligence/topic/industry-benchmarks/automotive-industry-forecast-and-analysis | theme: mobility-global:insights-and-intelligence/theme/automotive-consumer-trends | contentFormat: mobility-global:system-and-structural-tags/content-formats/written-formats/short-form-article,,
https://www.spglobal.com/automotive-insights/en/blogs/2026/01/nada-show-2026-preview-transforming-macro-trends-local-market-intelligence,Blog or Automotive Insights,/content/mobility-global/en-us/automotive-insights/blogs/2026/01/nada-show-2026-preview-transforming-macro-trends-local-market-intelligence,nada-show-2026-preview-transforming-macro-trends-local-market-intelligence,EXISTING PAGE,Content already in AEM,APPLIED (7 tags),taxonomy-all-pages.zip,7,pillars: mobility-global:pillars/sales-solutions | insightsThoughtLeaderContentType: mobility-global:insights-and-intelligence/insight-and-thought-leader-content-type/events-and-webinars | topic: mobility-global:insights-and-intelligence/topic/market-themes-or-analytical-topics/dealer-and-retail-trends | theme: mobility-global:insights-and-intelligence/theme/automotive-consumer-trends | industrySector: mobility-global:contextual-variables/segmentation-and-user-context/industry-or-sector/automotive-dealers-and-retailers | audienceRole: mobility-global:contextual-variables/segmentation-and-user-context/audience-role/retail-dealer-aftermarket-roles/dealer-or-retailer | contentFormat: mobility-global:system-and-structural-tags/content-formats/written-formats/short-form-article,,
https://www.spglobal.com/automotive-insights/en/blogs/2026/01/reinventing-the-truck-energy-transition-in-trucking,Blog or Automotive Insights,/content/mobility-global/en-us/automotive-insights/blogs/2026/01/reinventing-the-truck-energy-transition-in-trucking,reinventing-the-truck-energy-transition-in-trucking,EXISTING PAGE,Content already in AEM,APPLIED (14 tags),taxonomy-all-pages.zip,14,pillars: mobility-global:pillars/planning-solutions | insightsThoughtLeaderContentType: mobility-global:insights-and-intelligence/insight-and-thought-leader-content-type/analysis-and-reports | topic: mobility-global:insights-and-intelligence/topic/sustainability-and-esg/automotive-sustainability-and-esg | theme: mobility-global:insights-and-intelligence/theme/commercial-vehicle-market | theme: mobility-global:insights-and-intelligence/theme/automotive-sustainability | vehicleTypeSegment: mobility-global:contextual-variables/segmentation-and-user-context/vehicle-type-or-segment/commercial-vehicles | vehicleTypeSegment: mobility-global:contextual-variables/segmentation-and-user-context/vehicle-type-or-segment/heavy-duty-trucks | vehicleTypeSegment: mobility-global:contextual-variables/segmentation-and-user-context/vehicle-type-or-segment/electric-vehicles-evs | industrySector: mobility-global:contextual-variables/segmentation-and-user-context/industry-or-sector/automotive-oems | industrySector: mobility-global:contextual-variables/segmentation-and-user-context/industry-or-sector/fleet-management-and-leasing ...,,
https://www.spglobal.com/automotive-insights/en/blogs/2026/01/renault-group-global-sales-rise,Blog or Automotive Insights,/content/mobility-global/en-us/automotive-insights/blogs/2026/01/renault-group-global-sales-rise,renault-group-global-sales-rise,EXISTING PAGE,Content already in AEM,APPLIED (9 tags),taxonomy-all-pages.zip,9,pillars: mobility-global:pillars/planning-solutions | insightsThoughtLeaderContentType: mobility-global:insights-and-intelligence/insight-and-thought-leader-content-type/analysis-and-reports | insightsThoughtLeaderContentType: mobility-global:insights-and-intelligence/insight-and-thought-leader-content-type/market-news-and-updates | topic: mobility-global:insights-and-intelligence/topic/market-themes-or-analytical-topics/competitive-landscape | theme: mobility-global:insights-and-intelligence/topic/market-themes-or-analytical-topics/global-automotive-markets | industrySector: mobility-global:contextual-variables/segmentation-and-user-context/industry-or-sector/automotive-oems | audienceRole: mobility-global:contextual-variables/segmentation-and-user-context/audience-role/marketing-and-commercial-roles/market-analyst | audienceRole: mobility-global:contextual-variables/segmentation-and-user-context/audience-role/oem-and-supplier-roles/competitive-intelligence | contentFormat: mobility-global:system-and-structural-tags/content-formats/written-formats/short-form-article,,
https://www.spglobal.com/automotive-insights/en/blogs/2026/01/scaling-software-defined-vehicles,Blog or Automotive Insights,/content/mobility-global/en-us/automotive-insights/blogs/2026/01/scaling-software-defined-vehicles,scaling-software-defined-vehicles,EXISTING PAGE,Content already in AEM,APPLIED (9 tags),taxonomy-all-pages.zip,9,pillars: mobility-global:pillars/planning-solutions | insightsThoughtLeaderContentType: mobility-global:insights-and-intelligence/insight-and-thought-leader-content-type/analysis-and-reports | topic: mobility-global:insights-and-intelligence/topic/technology-and-innovation/software-defined-vehicles-sdv | theme: mobility-global:insights-and-intelligence/theme/software-defined-vehicles | industrySector: mobility-global:contextual-variables/segmentation-and-user-context/industry-or-sector/automotive-oems | audienceRole: mobility-global:contextual-variables/segmentation-and-user-context/audience-role/oem-and-supplier-roles/oem-strategist | audienceRole: mobility-global:contextual-variables/segmentation-and-user-context/audience-role/oem-and-supplier-roles/product-planner | audienceRole: mobility-global:contextual-variables/segmentation-and-user-context/audience-role/oem-and-supplier-roles/technical-specialists | contentFormat: mobility-global:system-and-structural-tags/content-formats/written-formats/short-form-article,,
https://www.spglobal.com/automotive-insights/en/blogs/2026/01/where-automotive-data-meets-human-expertise,Blog or Automotive Insights,/content/mobility-global/en-us/automotive-insights/blogs/2026/01/where-automotive-data-meets-human-expertise,where-automotive-data-meets-human-expertise,EXISTING PAGE,Content already in AEM,APPLIED (7 tags),taxonomy-all-pages.zip,7,pillars: mobility-global:pillars/planning-solutions | insightsThoughtLeaderContentType: mobility-global:insights-and-intelligence/insight-and-thought-leader-content-type/analysis-and-reports | topic: mobility-global:insights-and-intelligence/topic/supply-chain-and-manufacturing/automotive-supply-chain-disruption-and-resilience | theme: mobility-global:insights-and-intelligence/theme/automotive-supply-chain | theme: mobility-global:insights-and-intelligence/theme/supply-chain-resilience | theme: mobility-global:insights-and-intelligence/topic/industry-benchmarks/automotive-industry-forecast-and-analysis | contentFormat: mobility-global:system-and-structural-tags/content-formats/written-formats/short-form-article,,
https://www.spglobal.com/automotive-insights/en/blogs/2026/02/commercial-vehicle-market-outlook-sees-steady-gains,Blog or Automotive Insights,/content/mobility-global/en-us/automotive-insights/blogs/2026/02/commercial-vehicle-market-outlook-sees-steady-gains,commercial-vehicle-market-outlook-sees-steady-gains,NEW PAGE - FULL CONTENT,Full article body migrated,APPLIED (14 tags),new-pages-content.zip,14,pillars: mobility-global:pillars/planning-solutions | insightsThoughtLeaderContentType: mobility-global:insights-and-intelligence/insight-and-thought-leader-content-type/analysis-and-reports | insightsThoughtLeaderContentType: mobility-global:insights-and-intelligence/insight-and-thought-leader-content-type/data-and-forecasts | topic: mobility-global:insights-and-intelligence/topic/industry-benchmarks/automotive-industry-forecast-and-analysis | topic: mobility-global:insights-and-intelligence/topic/industry-benchmarks/vehicle-production-forecasts | theme: mobility-global:insights-and-intelligence/theme/commercial-vehicle-market | vehicleTypeSegment: mobility-global:contextual-variables/segmentation-and-user-context/vehicle-type-or-segment/commercial-vehicles | vehicleTypeSegment: mobility-global:contextual-variables/segmentation-and-user-context/vehicle-type-or-segment/heavy-duty-trucks | industrySector: mobility-global:contextual-variables/segmentation-and-user-context/industry-or-sector/automotive-oems | industrySector: mobility-global:contextual-variables/segmentation-and-user-context/industry-or-sector/automotive-suppliers-and-supply-chain ...,https://web.archive.org/web/20260309114204im_/https://spglobal.scene7.com/is/image/spglobalcom/mobility-02.26-commercial-vehicle-outlook-header?$responsive$,
https://www.spglobal.com/automotive-insights/en/blogs/2026/02/formula-1-2026-regulations-and-growth-in-popularity,Blog or Automotive Insights,/content/mobility-global/en-us/automotive-insights/blogs/2026/02/formula-1-2026-regulations-and-growth-in-popularity,formula-1-2026-regulations-and-growth-in-popularity,NEW PAGE - STRUCTURE ONLY,Title + taxonomy only (body empty),APPLIED (12 tags),new-pages-content.zip,12,pillars: mobility-global:pillars/planning-solutions | insightsThoughtLeaderContentType: mobility-global:insights-and-intelligence/insight-and-thought-leader-content-type/market-news-and-updates | topic: mobility-global:insights-and-intelligence/topic/sustainability-and-esg/automotive-sustainability-and-esg | topic: mobility-global:insights-and-intelligence/topic/risk-safety-and-compliance/regulations-and-compliance | theme: mobility-global:insights-and-intelligence/theme/automotive-sustainability | regulatoryContext: mobility-global:contextual-variables/regulatory-and-operating-context/regulatory-context/emissions-standards | regulatoryContext: mobility-global:contextual-variables/regulatory-and-operating-context/regulatory-context/fuel-economy-standards | vehicleTypeSegment: mobility-global:contextual-variables/segmentation-and-user-context/vehicle-type-or-segment/performance-vehicles | industrySector: mobility-global:contextual-variables/segmentation-and-user-context/industry-or-sector/automotive-oems | audienceRole: mobility-global:contextual-variables/segmentation-and-user-context/audience-role/oem-and-supplier-roles/technical-specialists ...,,SPGlobal.com returns 403 Forbidden - content cannot be fetched automatically
https://www.spglobal.com/automotive-insights/en/blogs/2026/02/light-vehicle-powertrain-outlook-2026,Blog or Automotive Insights,/content/mobility-global/en-us/automotive-insights/blogs/2026/02/light-vehicle-powertrain-outlook-2026,light-vehicle-powertrain-outlook-2026,NEW PAGE - STRUCTURE ONLY,Title + taxonomy only (body empty),APPLIED (16 tags),new-pages-content.zip,16,pillars: mobility-global:pillars/planning-solutions | insightsThoughtLeaderContentType: mobility-global:insights-and-intelligence/insight-and-thought-leader-content-type/analysis-and-reports | insightsThoughtLeaderContentType: mobility-global:insights-and-intelligence/insight-and-thought-leader-content-type/data-and-forecasts | theme: mobility-global:insights-and-intelligence/topic/industry-benchmarks/automotive-industry-forecast-and-analysis | theme: mobility-global:insights-and-intelligence/theme/electric-vehicles | regulatoryContext: mobility-global:contextual-variables/regulatory-and-operating-context/regulatory-context/emissions-standards | vehicleTypeSegment: mobility-global:contextual-variables/segmentation-and-user-context/vehicle-type-or-segment/light-vehicles | vehicleTypeSegment: mobility-global:contextual-variables/segmentation-and-user-context/vehicle-type-or-segment/electric-vehicles-evs | vehicleTypeSegment: mobility-global:contextual-variables/segmentation-and-user-context/vehicle-type-or-segment/hybrid-vehicles | vehicleTypeSegment: mobility-global:contextual-variables/segmentation-and-user-context/vehicle-type-or-segment/internal-combustion-engine-vehicles-ice ...,,SPGlobal.com returns 403 Forbidden - content cannot be fetched automatically
https://www.spglobal.com/automotive-insights/en/blogs/2026/02/loyalty-of-full-size-pickup-households,Blog or Automotive Insights,/content/mobility-global/en-us/automotive-insights/blogs/2026/02/loyalty-of-full-size-pickup-households,loyalty-of-full-size-pickup-households,NEW PAGE - STRUCTURE ONLY,Title + taxonomy only (body empty),APPLIED (15 tags),new-pages-content.zip,15,pillars: mobility-global:pillars/sales-solutions | productFamily: mobility-global:products-and-platforms/product-families/loyalty | insightsThoughtLeaderContentType: mobility-global:insights-and-intelligence/insight-and-thought-leader-content-type/analysis-and-reports | topic: mobility-global:products-and-platforms/product-families/loyalty | theme: mobility-global:insights-and-intelligence/theme/automotive-consumer-trends | vehicleTypeSegment: mobility-global:contextual-variables/segmentation-and-user-context/vehicle-type-or-segment/commercial-vehicles | vehicleTypeSegment: mobility-global:contextual-variables/segmentation-and-user-context/vehicle-type-or-segment/light-vehicles | industrySector: mobility-global:contextual-variables/segmentation-and-user-context/industry-or-sector/automotive-oems | audienceRole: mobility-global:contextual-variables/segmentation-and-user-context/audience-role/marketing-and-commercial-roles/market-analyst | audienceRole: mobility-global:contextual-variables/segmentation-and-user-context/audience-role/oem-and-supplier-roles/oem-strategist ...,,SPGlobal.com returns 403 Forbidden - content cannot be fetched automatically
https://www.spglobal.com/automotive-insights/en/blogs/2026/02/mainland-china-dram-push,Blog or Automotive Insights,/content/mobility-global/en-us/automotive-insights/blogs/2026/02/mainland-china-dram-push,mainland-china-dram-push,NEW PAGE - STRUCTURE ONLY,Title + taxonomy only (body empty),APPLIED (13 tags),new-pages-content.zip,13,pillars: mobility-global:pillars/planning-solutions | insightsThoughtLeaderContentType: mobility-global:insights-and-intelligence/insight-and-thought-leader-content-type/analysis-and-reports | topic: mobility-global:insights-and-intelligence/topic/supply-chain-and-manufacturing/automotive-supply-chain-disruption-and-resilience | topic: mobility-global:insights-and-intelligence/topic/technology-and-innovation/automotive-semiconductors | theme: mobility-global:insights-and-intelligence/theme/automotive-supply-chain | industrySector: mobility-global:contextual-variables/segmentation-and-user-context/industry-or-sector/automotive-oems | industrySector: mobility-global:contextual-variables/segmentation-and-user-context/industry-or-sector/automotive-suppliers-and-supply-chain | audienceRole: mobility-global:contextual-variables/segmentation-and-user-context/audience-role/oem-and-supplier-roles/procurement | audienceRole: mobility-global:contextual-variables/segmentation-and-user-context/audience-role/oem-and-supplier-roles/supply-chain-analyst | contentFormat: mobility-global:system-and-structural-tags/content-formats/written-formats/short-form-article ...,,SPGlobal.com returns 403 Forbidden - content cannot be fetched automatically
https://www.spglobal.com/automotive-insights/en/blogs/2026/02/mobility-global-announces-new-name,Blog or Automotive Insights,/content/mobility-global/en-us/automotive-insights/blogs/2026/02/mobility-global-announces-new-name,mobility-global-announces-new-name,NEW PAGE - STRUCTURE ONLY,Title + taxonomy only (body empty),APPLIED (3 tags),new-pages-content.zip,3,topic: mobility-global:insights-and-intelligence/topic/industry-benchmarks/automotive-industry-forecast-and-analysis | theme: mobility-global:insights-and-intelligence/topic/industry-benchmarks/automotive-industry-forecast-and-analysis | campaignType: mobility-global:system-and-structural-tags/campaign-type/brand-or-awareness-campaign,,SPGlobal.com returns 403 Forbidden - content cannot be fetched automatically
https://www.spglobal.com/automotive-insights/en/blogs/2026/02/pricing-analytics-vehicle-affordability-1000-payment,Blog or Automotive Insights,/content/mobility-global/en-us/automotive-insights/blogs/2026/02/pricing-analytics-vehicle-affordability-1000-payment,pricing-analytics-vehicle-affordability-1000-payment,NEW PAGE - STRUCTURE ONLY,Title + taxonomy only (body empty),APPLIED (15 tags),new-pages-content.zip,15,pillars: mobility-global:pillars/sales-solutions | insightsThoughtLeaderContentType: mobility-global:insights-and-intelligence/insight-and-thought-leader-content-type/analysis-and-reports | topic: mobility-global:insights-and-intelligence/topic/market-themes-or-analytical-topics/pricing-trends | topic: mobility-global:insights-and-intelligence/topic/market-themes-or-analytical-topics/automotive-consumer-demand | theme: mobility-global:insights-and-intelligence/theme/automotive-consumer-trends | vehicleTypeSegment: mobility-global:contextual-variables/segmentation-and-user-context/vehicle-type-or-segment/light-vehicles | industrySector: mobility-global:contextual-variables/segmentation-and-user-context/industry-or-sector/automotive-dealers-and-retailers | industrySector: mobility-global:contextual-variables/segmentation-and-user-context/industry-or-sector/fleet-management-and-leasing | audienceRole: mobility-global:contextual-variables/segmentation-and-user-context/audience-role/retail-dealer-aftermarket-roles/dealer-or-retailer | audienceRole: mobility-global:contextual-variables/segmentation-and-user-context/audience-role/fleet-and-commercial-roles/leasing-or-financial-services ...,,SPGlobal.com returns 403 Forbidden - content cannot be fetched automatically
https://www.spglobal.com/automotive-insights/en/blogs/2026/02/redefining-oem-strategy,Blog or Automotive Insights,/content/mobility-global/en-us/automotive-insights/blogs/2026/02/redefining-oem-strategy,redefining-oem-strategy,NEW PAGE - STRUCTURE ONLY,Title + taxonomy only (body empty),APPLIED (9 tags),new-pages-content.zip,9,pillars: mobility-global:pillars/planning-solutions | insightsThoughtLeaderContentType: mobility-global:insights-and-intelligence/insight-and-thought-leader-content-type/analysis-and-reports | topic: mobility-global:insights-and-intelligence/topic/market-themes-or-analytical-topics/competitive-landscape | topic: mobility-global:insights-and-intelligence/topic/technology-and-innovation/mobility-business-models-subscription-maas | theme: mobility-global:insights-and-intelligence/theme/future-of-mobility | vehicleTypeSegment: mobility-global:contextual-variables/segmentation-and-user-context/vehicle-type-or-segment/light-vehicles | industrySector: mobility-global:contextual-variables/segmentation-and-user-context/industry-or-sector/automotive-oems | audienceRole: mobility-global:contextual-variables/segmentation-and-user-context/audience-role/oem-and-supplier-roles/oem-strategist | contentFormat: mobility-global:system-and-structural-tags/content-formats/written-formats/short-form-article,,SPGlobal.com returns 403 Forbidden - content cannot be fetched automatically
https://www.spglobal.com/automotive-insights/en/blogs/2026/02/us-automakers-optimistic-about-improving-auto-sales,Blog or Automotive Insights,/content/mobility-global/en-us/automotive-insights/blogs/2026/02/us-automakers-optimistic-about-improving-auto-sales,us-automakers-optimistic-about-improving-auto-sales,NEW PAGE - STRUCTURE ONLY,Title + taxonomy only (body empty),APPLIED (13 tags),new-pages-content.zip,13,pillars: mobility-global:pillars/planning-solutions | insightsThoughtLeaderContentType: mobility-global:insights-and-intelligence/insight-and-thought-leader-content-type/analysis-and-reports | insightsThoughtLeaderContentType: mobility-global:insights-and-intelligence/insight-and-thought-leader-content-type/data-and-forecasts | topic: mobility-global:insights-and-intelligence/topic/industry-benchmarks/automotive-industry-forecast-and-analysis | theme: mobility-global:insights-and-intelligence/topic/industry-benchmarks/automotive-industry-forecast-and-analysis | vehicleTypeSegment: mobility-global:contextual-variables/segmentation-and-user-context/vehicle-type-or-segment/light-vehicles | industrySector: mobility-global:contextual-variables/segmentation-and-user-context/industry-or-sector/automotive-oems | audienceRole: mobility-global:contextual-variables/segmentation-and-user-context/audience-role/oem-and-supplier-roles/oem-strategist | contentFormat: mobility-global:system-and-structural-tags/content-formats/written-formats/short-form-article | brandDataSource: mobility-global:system-and-structural-tags/brand-or-data-source/polk-automotive-solutions ...,,SPGlobal.com returns 403 Forbidden - content cannot be fetched automatically
https://www.spglobal.com/automotive-insights/en/blogs/2026/02/what-auto-marketers-and-dealers-need-to-know-about-the-dram-shortage,Blog or Automotive Insights,/content/mobility-global/en-us/automotive-insights/blogs/2026/02/what-auto-marketers-and-dealers-need-to-know-about-the-dram-shortage,what-auto-marketers-and-dealers-need-to-know-about-the-dram-shortage,NEW PAGE - STRUCTURE ONLY,Title + taxonomy only (body empty),APPLIED (13 tags),new-pages-content.zip,13,pillars: mobility-global:pillars/sales-solutions | insightsThoughtLeaderContentType: mobility-global:insights-and-intelligence/insight-and-thought-leader-content-type/analysis-and-reports | topic: mobility-global:insights-and-intelligence/topic/market-themes-or-analytical-topics/dealer-and-retail-trends | topic: mobility-global:insights-and-intelligence/topic/supply-chain-and-manufacturing/automotive-supply-chain-disruption-and-resilience | topic: mobility-global:insights-and-intelligence/topic/technology-and-innovation/automotive-semiconductors | topic: mobility-global:insights-and-intelligence/theme/automotive-supply-chain | theme: mobility-global:insights-and-intelligence/theme/automotive-supply-chain | industrySector: mobility-global:contextual-variables/segmentation-and-user-context/industry-or-sector/automotive-oems | industrySector: mobility-global:contextual-variables/segmentation-and-user-context/industry-or-sector/automotive-dealers-and-retailers | audienceRole: mobility-global:contextual-variables/segmentation-and-user-context/audience-role/marketing-and-commercial-roles/marketing-and-media-agencies ...,,SPGlobal.com returns 403 Forbidden - content cannot be fetched automatically
https://www.spglobal.com/automotive-insights/en/blogs/2026/02/what-consumers-value-in-human-machine-interface-technologies,Blog or Automotive Insights,/content/mobility-global/en-us/automotive-insights/blogs/2026/02/what-consumers-value-in-human-machine-interface-technologies,what-consumers-value-in-human-machine-interface-technologies,NEW PAGE - STRUCTURE ONLY,Title + taxonomy only (body empty),APPLIED (10 tags),new-pages-content.zip,10,pillars: mobility-global:pillars/planning-solutions | insightsThoughtLeaderContentType: mobility-global:insights-and-intelligence/insight-and-thought-leader-content-type/analysis-and-reports | topic: mobility-global:insights-and-intelligence/topic/market-themes-or-analytical-topics/consumer-behavior-insights | topic: mobility-global:insights-and-intelligence/topic/technology-and-innovation/connected-cars-and-vehicles | theme: mobility-global:insights-and-intelligence/theme/automotive-consumer-trends | vehicleTypeSegment: mobility-global:contextual-variables/segmentation-and-user-context/vehicle-type-or-segment/light-vehicles | industrySector: mobility-global:contextual-variables/segmentation-and-user-context/industry-or-sector/automotive-oems | audienceRole: mobility-global:contextual-variables/segmentation-and-user-context/audience-role/oem-and-supplier-roles/product-planner | audienceRole: mobility-global:contextual-variables/segmentation-and-user-context/audience-role/marketing-and-commercial-roles/market-analyst | contentFormat: mobility-global:system-and-structural-tags/content-formats/written-formats/short-form-article,,SPGlobal.com returns 403 Forbidden - content cannot be fetched automatically
https://www.spglobal.com/automotive-insights/en/blogs/2026/02/what-is-driving-vehicle-lightweighting,Blog or Automotive Insights,/content/mobility-global/en-us/automotive-insights/blogs/2026/02/what-is-driving-vehicle-lightweighting,what-is-driving-vehicle-lightweighting,NEW PAGE - FULL CONTENT,Full article body migrated,APPLIED (12 tags),new-pages-content.zip,12,pillars: mobility-global:pillars/planning-solutions | insightsThoughtLeaderContentType: mobility-global:insights-and-intelligence/insight-and-thought-leader-content-type/analysis-and-reports | topic: mobility-global:insights-and-intelligence/topic/sustainability-and-esg/automotive-sustainability-and-esg | topic: mobility-global:insights-and-intelligence/topic/supply-chain-and-manufacturing/automotive-parts-and-components | theme: mobility-global:insights-and-intelligence/theme/automotive-sustainability | regulatoryContext: mobility-global:contextual-variables/regulatory-and-operating-context/regulatory-context/emissions-standards | vehicleTypeSegment: mobility-global:contextual-variables/segmentation-and-user-context/vehicle-type-or-segment/light-vehicles | industrySector: mobility-global:contextual-variables/segmentation-and-user-context/industry-or-sector/automotive-oems | industrySector: mobility-global:contextual-variables/segmentation-and-user-context/industry-or-sector/automotive-suppliers-and-supply-chain | audienceRole: mobility-global:contextual-variables/segmentation-and-user-context/audience-role/oem-and-supplier-roles/product-planner ...,https://web.archive.org/web/20260313211214im_/https://spglobal.scene7.com/is/image/spglobalcom/mobility-02.26-briefcase-vehicle-lightweighting?$responsive$,
https://www.spglobal.com/automotive-insights/en/blogs/2026/03/automotive-cybersecurity-for-software-defined-vehicles,Blog or Automotive Insights,/content/mobility-global/en-us/automotive-insights/blogs/2026/03/automotive-cybersecurity-for-software-defined-vehicles,automotive-cybersecurity-for-software-defined-vehicles,NEW PAGE - STRUCTURE ONLY,Title + taxonomy only (body empty),APPLIED (13 tags),new-pages-content.zip,13,pillars: mobility-global:pillars/planning-solutions | insightsThoughtLeaderContentType: mobility-global:insights-and-intelligence/insight-and-thought-leader-content-type/analysis-and-reports | topic: mobility-global:insights-and-intelligence/topic/technology-and-innovation/software-defined-vehicles-sdv | topic: mobility-global:insights-and-intelligence/topic/risk-safety-and-compliance | topic: mobility-global:insights-and-intelligence/topic/technology-and-innovation/connected-cars-and-vehicles | theme: mobility-global:insights-and-intelligence/theme/software-defined-vehicles | regulatoryContext: mobility-global:contextual-variables/regulatory-and-operating-context/regulatory-context/safety-regulations | vehicleTypeSegment: mobility-global:contextual-variables/segmentation-and-user-context/vehicle-type-or-segment/light-vehicles | industrySector: mobility-global:contextual-variables/segmentation-and-user-context/industry-or-sector/automotive-oems | industrySector: mobility-global:contextual-variables/segmentation-and-user-context/industry-or-sector/automotive-suppliers-and-supply-chain ...,,SPGlobal.com returns 403 Forbidden - content cannot be fetched automatically
https://www.spglobal.com/automotive-insights/en/blogs/2026/03/capacity-pivot-to-energy-storage-systems,Blog or Automotive Insights,/content/mobility-global/en-us/automotive-insights/blogs/2026/03/capacity-pivot-to-energy-storage-systems,capacity-pivot-to-energy-storage-systems,NEW PAGE - STRUCTURE ONLY,Title + taxonomy only (body empty),APPLIED (14 tags),new-pages-content.zip,14,pillars: mobility-global:pillars/planning-solutions | insightsThoughtLeaderContentType: mobility-global:insights-and-intelligence/insight-and-thought-leader-content-type/analysis-and-reports | topic: mobility-global:insights-and-intelligence/topic/electrification/ev-battery-technology | topic: mobility-global:insights-and-intelligence/topic/supply-chain-and-manufacturing/automotive-supply-chain-disruption-and-resilience | theme: mobility-global:insights-and-intelligence/theme/automotive-supply-chain | theme: mobility-global:insights-and-intelligence/topic/electrification/ev-battery-technology | vehicleTypeSegment: mobility-global:contextual-variables/segmentation-and-user-context/vehicle-type-or-segment/electric-vehicles-evs | industrySector: mobility-global:contextual-variables/segmentation-and-user-context/industry-or-sector/automotive-suppliers-and-supply-chain | audienceRole: mobility-global:contextual-variables/segmentation-and-user-context/audience-role/oem-and-supplier-roles/supply-chain-analyst | audienceRole: mobility-global:contextual-variables/segmentation-and-user-context/audience-role/oem-and-supplier-roles/procurement ...,,SPGlobal.com returns 403 Forbidden - content cannot be fetched automatically
https://www.spglobal.com/automotive-insights/en/blogs/2026/03/chinese-cars-in-europe-vehicle-fleet-aftermarket,Blog or Automotive Insights,/content/mobility-global/en-us/automotive-insights/blogs/2026/03/chinese-cars-in-europe-vehicle-fleet-aftermarket,chinese-cars-in-europe-vehicle-fleet-aftermarket,NEW PAGE - STRUCTURE ONLY,Title + taxonomy only (body empty),APPLIED (14 tags),new-pages-content.zip,14,pillars: mobility-global:pillars/planning-solutions | insightsThoughtLeaderContentType: mobility-global:insights-and-intelligence/insight-and-thought-leader-content-type/analysis-and-reports | topic: mobility-global:insights-and-intelligence/topic/market-themes-or-analytical-topics/global-automotive-markets | topic: mobility-global:insights-and-intelligence/topic/market-themes-or-analytical-topics/competitive-landscape | theme: mobility-global:insights-and-intelligence/topic/industry-benchmarks/automotive-industry-forecast-and-analysis | vehicleTypeSegment: mobility-global:contextual-variables/segmentation-and-user-context/vehicle-type-or-segment/light-vehicles | vehicleTypeSegment: mobility-global:contextual-variables/segmentation-and-user-context/vehicle-type-or-segment/used-vehicles | vehicleTypeSegment: mobility-global:contextual-variables/segmentation-and-user-context/vehicle-type-or-segment/electric-vehicles-evs | industrySector: mobility-global:contextual-variables/segmentation-and-user-context/industry-or-sector/automotive-aftermarket | industrySector: mobility-global:contextual-variables/segmentation-and-user-context/industry-or-sector/automotive-oems ...,,SPGlobal.com returns 403 Forbidden - content cannot be fetched automatically
https://www.spglobal.com/automotive-insights/en/blogs/2026/03/euro-7-emission-standards-auto-brakes-market,Blog or Automotive Insights,/content/mobility-global/en-us/automotive-insights/blogs/2026/03/euro-7-emission-standards-auto-brakes-market,euro-7-emission-standards-auto-brakes-market,NEW PAGE - STRUCTURE ONLY,Title + taxonomy only (body empty),APPLIED (13 tags),new-pages-content.zip,13,pillars: mobility-global:pillars/planning-solutions | insightsThoughtLeaderContentType: mobility-global:insights-and-intelligence/insight-and-thought-leader-content-type/analysis-and-reports | topic: mobility-global:insights-and-intelligence/topic/risk-safety-and-compliance/regulations-and-compliance | topic: mobility-global:insights-and-intelligence/topic/supply-chain-and-manufacturing/automotive-parts-and-components | theme: mobility-global:insights-and-intelligence/theme/automotive-sustainability | regulatoryContext: mobility-global:contextual-variables/regulatory-and-operating-context/regulatory-context/emissions-standards | vehicleTypeSegment: mobility-global:contextual-variables/segmentation-and-user-context/vehicle-type-or-segment/light-vehicles | vehicleTypeSegment: mobility-global:contextual-variables/segmentation-and-user-context/vehicle-type-or-segment/commercial-vehicles | industrySector: mobility-global:contextual-variables/segmentation-and-user-context/industry-or-sector/automotive-suppliers-and-supply-chain | audienceRole: mobility-global:contextual-variables/segmentation-and-user-context/audience-role/oem-and-supplier-roles/technical-specialists ...,,SPGlobal.com returns 403 Forbidden - content cannot be fetched automatically
https://www.spglobal.com/automotive-insights/en/blogs/2026/03/ev-charging-readiness-and-consumer-insights,Blog or Automotive Insights,/content/mobility-global/en-us/automotive-insights/blogs/2026/03/ev-charging-readiness-and-consumer-insights,ev-charging-readiness-and-consumer-insights,NEW PAGE - STRUCTURE ONLY,Title + taxonomy only (body empty),APPLIED (13 tags),new-pages-content.zip,13,pillars: mobility-global:pillars/planning-solutions | insightsThoughtLeaderContentType: mobility-global:insights-and-intelligence/insight-and-thought-leader-content-type/analysis-and-reports | topic: mobility-global:insights-and-intelligence/topic/electrification/ev-charging-infrastructure | topic: mobility-global:insights-and-intelligence/topic/market-themes-or-analytical-topics/automotive-consumer-demand | theme: mobility-global:insights-and-intelligence/theme/electric-vehicles | vehicleTypeSegment: mobility-global:contextual-variables/segmentation-and-user-context/vehicle-type-or-segment/electric-vehicles-evs | audienceRole: mobility-global:contextual-variables/segmentation-and-user-context/audience-role/marketing-and-commercial-roles/market-analyst | audienceRole: mobility-global:contextual-variables/segmentation-and-user-context/audience-role/regulatory-risk-and-policy-roles/government-or-policy-maker | contentFormat: mobility-global:system-and-structural-tags/content-formats/written-formats/short-form-article | brandDataSource: mobility-global:system-and-structural-tags/brand-or-data-source/polk-automotive-solutions ...,,SPGlobal.com returns 403 Forbidden - content cannot be fetched automatically
https://www.spglobal.com/automotive-insights/en/blogs/2026/03/ev-lease-returns-impact,Blog or Automotive Insights,/content/mobility-global/en-us/automotive-insights/blogs/2026/03/ev-lease-returns-impact,ev-lease-returns-impact,NEW PAGE - STRUCTURE ONLY,Title + taxonomy only (body empty),APPLIED (15 tags),new-pages-content.zip,15,pillars: mobility-global:pillars/sales-solutions | insightsThoughtLeaderContentType: mobility-global:insights-and-intelligence/insight-and-thought-leader-content-type/analysis-and-reports | topic: mobility-global:insights-and-intelligence/topic/sustainability-and-esg/vehicle-residual-value-and-lifecycle-impact | topic: mobility-global:insights-and-intelligence/topic/electrification/ev-adoption | topic: mobility-global:insights-and-intelligence/topic/market-themes-or-analytical-topics/pricing-trends | theme: mobility-global:insights-and-intelligence/theme/electric-vehicles | vehicleTypeSegment: mobility-global:contextual-variables/segmentation-and-user-context/vehicle-type-or-segment/electric-vehicles-evs | vehicleTypeSegment: mobility-global:contextual-variables/segmentation-and-user-context/vehicle-type-or-segment/used-vehicles | vehicleTypeSegment: mobility-global:contextual-variables/segmentation-and-user-context/vehicle-type-or-segment/fleet-or-rental | industrySector: mobility-global:contextual-variables/segmentation-and-user-context/industry-or-sector/automotive-dealers-and-retailers ...,,SPGlobal.com returns 403 Forbidden - content cannot be fetched automatically
https://www.spglobal.com/automotive-insights/en/blogs/2026/03/ev-plans-us-cancellations-launches,Blog or Automotive Insights,/content/mobility-global/en-us/automotive-insights/blogs/2026/03/ev-plans-us-cancellations-launches,ev-plans-us-cancellations-launches,NEW PAGE - STRUCTURE ONLY,Title + taxonomy only (body empty),APPLIED (13 tags),new-pages-content.zip,13,pillars: mobility-global:pillars/planning-solutions | insightsThoughtLeaderContentType: mobility-global:insights-and-intelligence/insight-and-thought-leader-content-type/market-news-and-updates | topic: mobility-global:insights-and-intelligence/topic/electrification/ev-adoption | theme: mobility-global:insights-and-intelligence/theme/electric-vehicles | vehicleTypeSegment: mobility-global:contextual-variables/segmentation-and-user-context/vehicle-type-or-segment/electric-vehicles-evs | industrySector: mobility-global:contextual-variables/segmentation-and-user-context/industry-or-sector/automotive-oems | audienceRole: mobility-global:contextual-variables/segmentation-and-user-context/audience-role/oem-and-supplier-roles/oem-strategist | audienceRole: mobility-global:contextual-variables/segmentation-and-user-context/audience-role/oem-and-supplier-roles/product-planner | contentFormat: mobility-global:system-and-structural-tags/content-formats/written-formats/short-form-article | brandDataSource: mobility-global:system-and-structural-tags/brand-or-data-source/polk-automotive-solutions ...,,SPGlobal.com returns 403 Forbidden - content cannot be fetched automatically
https://www.spglobal.com/automotive-insights/en/blogs/2026/03/february-2026-new-vehicle-inventory-trends,Blog or Automotive Insights,/content/mobility-global/en-us/automotive-insights/blogs/2026/03/february-2026-new-vehicle-inventory-trends,february-2026-new-vehicle-inventory-trends,NEW PAGE - STRUCTURE ONLY,Title + taxonomy only (body empty),APPLIED (15 tags),new-pages-content.zip,15,pillars: mobility-global:pillars/planning-solutions | insightsThoughtLeaderContentType: mobility-global:insights-and-intelligence/insight-and-thought-leader-content-type/analysis-and-reports | insightsThoughtLeaderContentType: mobility-global:insights-and-intelligence/insight-and-thought-leader-content-type/data-and-forecasts | topic: mobility-global:insights-and-intelligence/topic/industry-benchmarks/automotive-industry-forecast-and-analysis | theme: mobility-global:insights-and-intelligence/topic/industry-benchmarks/automotive-industry-forecast-and-analysis | vehicleTypeSegment: mobility-global:contextual-variables/segmentation-and-user-context/vehicle-type-or-segment/new-vehicles | industrySector: mobility-global:contextual-variables/segmentation-and-user-context/industry-or-sector/automotive-oems | industrySector: mobility-global:contextual-variables/segmentation-and-user-context/industry-or-sector/automotive-dealers-and-retailers | audienceRole: mobility-global:contextual-variables/segmentation-and-user-context/audience-role/oem-and-supplier-roles/supply-chain-analyst | audienceRole: mobility-global:contextual-variables/segmentation-and-user-context/audience-role/retail-dealer-aftermarket-roles/dealer-or-retailer ...,,SPGlobal.com returns 403 Forbidden - content cannot be fetched automatically
https://www.spglobal.com/automotive-insights/en/blogs/2026/03/india-ups-the-ante-on-the-rare-earth-value-chain,Blog or Automotive Insights,/content/mobility-global/en-us/automotive-insights/blogs/2026/03/india-ups-the-ante-on-the-rare-earth-value-chain,india-ups-the-ante-on-the-rare-earth-value-chain,NEW PAGE - STRUCTURE ONLY,Title + taxonomy only (body empty),APPLIED (13 tags),new-pages-content.zip,13,pillars: mobility-global:pillars/planning-solutions | insightsThoughtLeaderContentType: mobility-global:insights-and-intelligence/insight-and-thought-leader-content-type/analysis-and-reports | topic: mobility-global:insights-and-intelligence/topic/electrification/ev-battery-technology | topic: mobility-global:insights-and-intelligence/topic/supply-chain-and-manufacturing/automotive-supply-chain-disruption-and-resilience | theme: mobility-global:insights-and-intelligence/topic/electrification/ev-battery-technology | theme: mobility-global:insights-and-intelligence/theme/supply-chain-resilience | regulatoryContext: mobility-global:contextual-variables/regulatory-and-operating-context/regulatory-context/policy | vehicleTypeSegment: mobility-global:contextual-variables/segmentation-and-user-context/vehicle-type-or-segment/electric-vehicles-evs | industrySector: mobility-global:contextual-variables/segmentation-and-user-context/industry-or-sector/automotive-suppliers-and-supply-chain | audienceRole: mobility-global:contextual-variables/segmentation-and-user-context/audience-role/oem-and-supplier-roles/supply-chain-analyst ...,,SPGlobal.com returns 403 Forbidden - content cannot be fetched automatically
https://www.spglobal.com/automotive-insights/en/blogs/2026/03/lamborghini-scraps-bev-launch-plans,Blog or Automotive Insights,/content/mobility-global/en-us/automotive-insights/blogs/2026/03/lamborghini-scraps-bev-launch-plans,lamborghini-scraps-bev-launch-plans,NEW PAGE - STRUCTURE ONLY,Title + taxonomy only (body empty),APPLIED (13 tags),new-pages-content.zip,13,pillars: mobility-global:pillars/planning-solutions | insightsThoughtLeaderContentType: mobility-global:insights-and-intelligence/insight-and-thought-leader-content-type/market-news-and-updates | theme: mobility-global:insights-and-intelligence/theme/electric-vehicles | vehicleTypeSegment: mobility-global:contextual-variables/segmentation-and-user-context/vehicle-type-or-segment/performance-vehicles | vehicleTypeSegment: mobility-global:contextual-variables/segmentation-and-user-context/vehicle-type-or-segment/electric-vehicles-evs | industrySector: mobility-global:contextual-variables/segmentation-and-user-context/industry-or-sector/automotive-oems | audienceRole: mobility-global:contextual-variables/segmentation-and-user-context/audience-role/oem-and-supplier-roles/oem-strategist | audienceRole: mobility-global:contextual-variables/segmentation-and-user-context/audience-role/oem-and-supplier-roles/product-planner | contentFormat: mobility-global:system-and-structural-tags/content-formats/written-formats/short-form-article | brandDataSource: mobility-global:system-and-structural-tags/brand-or-data-source/polk-automotive-solutions ...,,SPGlobal.com returns 403 Forbidden - content cannot be fetched automatically
https://www.spglobal.com/automotive-insights/en/blogs/2026/03/luxury-and-mainstream-vehicle-migration,Blog or Automotive Insights,/content/mobility-global/en-us/automotive-insights/blogs/2026/03/luxury-and-mainstream-vehicle-migration,luxury-and-mainstream-vehicle-migration,NEW PAGE - STRUCTURE ONLY,Title + taxonomy only (body empty),APPLIED (11 tags),new-pages-content.zip,11,pillars: mobility-global:pillars/sales-solutions | insightsThoughtLeaderContentType: mobility-global:insights-and-intelligence/insight-and-thought-leader-content-type/analysis-and-reports | topic: mobility-global:insights-and-intelligence/topic/market-themes-or-analytical-topics/consumer-behavior-insights | topic: mobility-global:insights-and-intelligence/topic/market-themes-or-analytical-topics/market-segmentation-insights | theme: mobility-global:insights-and-intelligence/theme/automotive-consumer-trends | vehicleTypeSegment: mobility-global:contextual-variables/segmentation-and-user-context/vehicle-type-or-segment/light-vehicles | vehicleTypeSegment: mobility-global:contextual-variables/segmentation-and-user-context/vehicle-type-or-segment/performance-vehicles | industrySector: mobility-global:contextual-variables/segmentation-and-user-context/industry-or-sector/automotive-oems | audienceRole: mobility-global:contextual-variables/segmentation-and-user-context/audience-role/marketing-and-commercial-roles/market-analyst | contentFormat: mobility-global:system-and-structural-tags/content-formats/written-formats/short-form-article ...,,SPGlobal.com returns 403 Forbidden - content cannot be fetched automatically
https://www.spglobal.com/automotive-insights/en/blogs/2026/03/the-price-premium-of-hybrid-electric-vehicles,Blog or Automotive Insights,/content/mobility-global/en-us/automotive-insights/blogs/2026/03/the-price-premium-of-hybrid-electric-vehicles,the-price-premium-of-hybrid-electric-vehicles,NEW PAGE - STRUCTURE ONLY,Title + taxonomy only (body empty),APPLIED (10 tags),new-pages-content.zip,10,pillars: mobility-global:pillars/planning-solutions | insightsThoughtLeaderContentType: mobility-global:insights-and-intelligence/insight-and-thought-leader-content-type/analysis-and-reports | topic: mobility-global:insights-and-intelligence/topic/market-themes-or-analytical-topics/pricing-trends | topic: mobility-global:insights-and-intelligence/topic/market-themes-or-analytical-topics/automotive-consumer-demand | theme: mobility-global:insights-and-intelligence/theme/automotive-consumer-trends | vehicleTypeSegment: mobility-global:contextual-variables/segmentation-and-user-context/vehicle-type-or-segment/hybrid-vehicles | industrySector: mobility-global:contextual-variables/segmentation-and-user-context/industry-or-sector/automotive-oems | audienceRole: mobility-global:contextual-variables/segmentation-and-user-context/audience-role/marketing-and-commercial-roles/market-analyst | contentFormat: mobility-global:system-and-structural-tags/content-formats/written-formats/short-form-article | brandDataSource: mobility-global:system-and-structural-tags/brand-or-data-source/polk-automotive-solutions,,SPGlobal.com returns 403 Forbidden - content cannot be fetched automatically
https://www.spglobal.com/automotive-insights/en/blogs/2026/03/us-commercial-vehicle-registration-trends-2026,Blog or Automotive Insights,/content/mobility-global/en-us/automotive-insights/blogs/2026/03/us-commercial-vehicle-registration-trends-2026,us-commercial-vehicle-registration-trends-2026,NEW PAGE - STRUCTURE ONLY,Title + taxonomy only (body empty),APPLIED (16 tags),new-pages-content.zip,16,pillars: mobility-global:pillars/planning-solutions | insightsThoughtLeaderContentType: mobility-global:insights-and-intelligence/insight-and-thought-leader-content-type/analysis-and-reports | insightsThoughtLeaderContentType: mobility-global:insights-and-intelligence/insight-and-thought-leader-content-type/data-and-forecasts | theme: mobility-global:insights-and-intelligence/topic/industry-benchmarks/automotive-industry-forecast-and-analysis | theme: mobility-global:insights-and-intelligence/theme/commercial-vehicle-market | vehicleTypeSegment: mobility-global:contextual-variables/segmentation-and-user-context/vehicle-type-or-segment/commercial-vehicles | vehicleTypeSegment: mobility-global:contextual-variables/segmentation-and-user-context/vehicle-type-or-segment/heavy-duty-trucks | industrySector: mobility-global:contextual-variables/segmentation-and-user-context/industry-or-sector/automotive-oems | industrySector: mobility-global:contextual-variables/segmentation-and-user-context/industry-or-sector/fleet-management-and-leasing | audienceRole: mobility-global:contextual-variables/segmentation-and-user-context/audience-role/marketing-and-commercial-roles/market-analyst ...,,SPGlobal.com returns 403 Forbidden - content cannot be fetched automatically
https://www.spglobal.com/automotive-insights/en/blogs/2026/03/whats-changing-for-north-american-automakers-2026,Blog or Automotive Insights,/content/mobility-global/en-us/automotive-insights/blogs/2026/03/whats-changing-for-north-american-automakers-2026,whats-changing-for-north-american-automakers-2026,NEW PAGE - STRUCTURE ONLY,Title + taxonomy only (body empty),APPLIED (10 tags),new-pages-content.zip,10,pillars: mobility-global:pillars/planning-solutions | insightsThoughtLeaderContentType: mobility-global:insights-and-intelligence/insight-and-thought-leader-content-type/analysis-and-reports | topic: mobility-global:insights-and-intelligence/topic/industry-benchmarks/automotive-industry-forecast-and-analysis | theme: mobility-global:insights-and-intelligence/topic/industry-benchmarks/automotive-industry-forecast-and-analysis | vehicleTypeSegment: mobility-global:contextual-variables/segmentation-and-user-context/vehicle-type-or-segment/light-vehicles | industrySector: mobility-global:contextual-variables/segmentation-and-user-context/industry-or-sector/automotive-oems | audienceRole: mobility-global:contextual-variables/segmentation-and-user-context/audience-role/oem-and-supplier-roles/oem-strategist | audienceRole: mobility-global:contextual-variables/segmentation-and-user-context/audience-role/marketing-and-commercial-roles/market-analyst | contentFormat: mobility-global:system-and-structural-tags/content-formats/written-formats/short-form-article | brandDataSource: mobility-global:system-and-structural-tags/brand-or-data-source/polk-automotive-solutions,,SPGlobal.com returns 403 Forbidden - content cannot be fetched automatically
https://www.spglobal.com/automotive-insights/en/blogs/2026/04/automotive-aftermarket-industry-trends,Blog or Automotive Insights,/content/mobility-global/en-us/automotive-insights/blogs/2026/04/automotive-aftermarket-industry-trends,automotive-aftermarket-industry-trends,NEW PAGE - STRUCTURE ONLY,Title + taxonomy only (body empty),APPLIED (9 tags),new-pages-content.zip,9,pillars: mobility-global:pillars/planning-solutions | insightsThoughtLeaderContentType: mobility-global:insights-and-intelligence/insight-and-thought-leader-content-type/analysis-and-reports | topic: mobility-global:insights-and-intelligence/topic/supply-chain-and-manufacturing/automotive-parts-and-components | theme: mobility-global:insights-and-intelligence/theme/automotive-supply-chain | vehicleTypeSegment: mobility-global:contextual-variables/segmentation-and-user-context/vehicle-type-or-segment/used-vehicles | industrySector: mobility-global:contextual-variables/segmentation-and-user-context/industry-or-sector/automotive-aftermarket | audienceRole: mobility-global:contextual-variables/segmentation-and-user-context/audience-role/retail-dealer-aftermarket-roles/aftermarket-provider | contentFormat: mobility-global:system-and-structural-tags/content-formats/written-formats/short-form-article | brandDataSource: mobility-global:system-and-structural-tags/brand-or-data-source/polk-automotive-solutions,,SPGlobal.com returns 403 Forbidden - content cannot be fetched automatically
https://www.spglobal.com/automotive-insights/en/blogs/2026/04/automotive-analytics-affordability-loyalty,Blog or Automotive Insights,/content/mobility-global/en-us/automotive-insights/blogs/2026/04/automotive-analytics-affordability-loyalty,automotive-analytics-affordability-loyalty,NEW PAGE - STRUCTURE ONLY,Title + taxonomy only (body empty),APPLIED (14 tags),new-pages-content.zip,14,pillars: mobility-global:pillars/sales-solutions | productFamily: mobility-global:products-and-platforms/product-families/loyalty | insightsThoughtLeaderContentType: mobility-global:insights-and-intelligence/insight-and-thought-leader-content-type/analysis-and-reports | topic: mobility-global:insights-and-intelligence/topic/market-themes-or-analytical-topics/pricing-trends | topic: mobility-global:insights-and-intelligence/topic/market-themes-or-analytical-topics/dealer-and-retail-trends | theme: mobility-global:insights-and-intelligence/theme/automotive-consumer-trends | vehicleTypeSegment: mobility-global:contextual-variables/segmentation-and-user-context/vehicle-type-or-segment/light-vehicles | industrySector: mobility-global:contextual-variables/segmentation-and-user-context/industry-or-sector/automotive-dealers-and-retailers | industrySector: mobility-global:contextual-variables/segmentation-and-user-context/industry-or-sector/fleet-management-and-leasing | audienceRole: mobility-global:contextual-variables/segmentation-and-user-context/audience-role/retail-dealer-aftermarket-roles/dealer-or-retailer ...,,SPGlobal.com returns 403 Forbidden - content cannot be fetched automatically
https://www.spglobal.com/automotive-insights/en/blogs/2026/04/electrification-tests-porsches-brand-identity,Blog or Automotive Insights,/content/mobility-global/en-us/automotive-insights/blogs/2026/04/electrification-tests-porsches-brand-identity,electrification-tests-porsches-brand-identity,NEW PAGE - STRUCTURE ONLY,Title + taxonomy only (body empty),APPLIED (13 tags),new-pages-content.zip,13,pillars: mobility-global:pillars/planning-solutions | insightsThoughtLeaderContentType: mobility-global:insights-and-intelligence/insight-and-thought-leader-content-type/analysis-and-reports | theme: mobility-global:insights-and-intelligence/theme/electric-vehicles | vehicleTypeSegment: mobility-global:contextual-variables/segmentation-and-user-context/vehicle-type-or-segment/performance-vehicles | vehicleTypeSegment: mobility-global:contextual-variables/segmentation-and-user-context/vehicle-type-or-segment/electric-vehicles-evs | industrySector: mobility-global:contextual-variables/segmentation-and-user-context/industry-or-sector/automotive-oems | audienceRole: mobility-global:contextual-variables/segmentation-and-user-context/audience-role/oem-and-supplier-roles/oem-strategist | audienceRole: mobility-global:contextual-variables/segmentation-and-user-context/audience-role/marketing-and-commercial-roles/market-analyst | contentFormat: mobility-global:system-and-structural-tags/content-formats/written-formats/short-form-article | brandDataSource: mobility-global:system-and-structural-tags/brand-or-data-source/polk-automotive-solutions ...,,SPGlobal.com returns 403 Forbidden - content cannot be fetched automatically
https://www.spglobal.com/automotive-insights/en/blogs/2026/04/intelligent-automotive-lighting,Blog or Automotive Insights,/content/mobility-global/en-us/automotive-insights/blogs/2026/04/intelligent-automotive-lighting,intelligent-automotive-lighting,NEW PAGE - STRUCTURE ONLY,Title + taxonomy only (body empty),APPLIED (10 tags),new-pages-content.zip,10,pillars: mobility-global:pillars/planning-solutions | insightsThoughtLeaderContentType: mobility-global:insights-and-intelligence/insight-and-thought-leader-content-type/analysis-and-reports | topic: mobility-global:insights-and-intelligence/topic/supply-chain-and-manufacturing/automotive-parts-and-components | theme: mobility-global:insights-and-intelligence/theme/future-of-mobility | vehicleTypeSegment: mobility-global:contextual-variables/segmentation-and-user-context/vehicle-type-or-segment/light-vehicles | industrySector: mobility-global:contextual-variables/segmentation-and-user-context/industry-or-sector/automotive-suppliers-and-supply-chain | industrySector: mobility-global:contextual-variables/segmentation-and-user-context/industry-or-sector/automotive-oems | audienceRole: mobility-global:contextual-variables/segmentation-and-user-context/audience-role/oem-and-supplier-roles/technical-specialists | audienceRole: mobility-global:contextual-variables/segmentation-and-user-context/audience-role/oem-and-supplier-roles/product-planner | contentFormat: mobility-global:system-and-structural-tags/content-formats/written-formats/short-form-article,,SPGlobal.com returns 403 Forbidden - content cannot be fetched automatically
https://www.spglobal.com/automotive-insights/en/blogs/2026/04/mapping-uber-robotaxi-technology-advancements,Blog or Automotive Insights,/content/mobility-global/en-us/automotive-insights/blogs/2026/04/mapping-uber-robotaxi-technology-advancements,mapping-uber-robotaxi-technology-advancements,NEW PAGE - STRUCTURE ONLY,Title + taxonomy only (body empty),APPLIED (9 tags),new-pages-content.zip,9,pillars: mobility-global:pillars/planning-solutions | insightsThoughtLeaderContentType: mobility-global:insights-and-intelligence/insight-and-thought-leader-content-type/analysis-and-reports | topic: mobility-global:insights-and-intelligence/topic/technology-and-innovation/autonomous-vehicles-and-adas | topic: mobility-global:insights-and-intelligence/topic/technology-and-innovation/mobility-business-models-subscription-maas | theme: mobility-global:insights-and-intelligence/theme/future-of-mobility | vehicleTypeSegment: mobility-global:contextual-variables/segmentation-and-user-context/vehicle-type-or-segment/autonomous-vehicles-avs | audienceRole: mobility-global:contextual-variables/segmentation-and-user-context/audience-role/oem-and-supplier-roles/technical-specialists | audienceRole: mobility-global:contextual-variables/segmentation-and-user-context/audience-role/marketing-and-commercial-roles/market-analyst | contentFormat: mobility-global:system-and-structural-tags/content-formats/written-formats/short-form-article,,SPGlobal.com returns 403 Forbidden - content cannot be fetched automatically
https://www.spglobal.com/automotive-insights/en/blogs/2026/04/north-america-commercial-vehicle-market,Blog or Automotive Insights,/content/mobility-global/en-us/automotive-insights/blogs/2026/04/north-america-commercial-vehicle-market,north-america-commercial-vehicle-market,NEW PAGE - STRUCTURE ONLY,Title + taxonomy only (body empty),APPLIED (14 tags),new-pages-content.zip,14,pillars: mobility-global:pillars/planning-solutions | insightsThoughtLeaderContentType: mobility-global:insights-and-intelligence/insight-and-thought-leader-content-type/analysis-and-reports | insightsThoughtLeaderContentType: mobility-global:insights-and-intelligence/insight-and-thought-leader-content-type/data-and-forecasts | theme: mobility-global:insights-and-intelligence/topic/industry-benchmarks/automotive-industry-forecast-and-analysis | theme: mobility-global:insights-and-intelligence/theme/commercial-vehicle-market | vehicleTypeSegment: mobility-global:contextual-variables/segmentation-and-user-context/vehicle-type-or-segment/commercial-vehicles | vehicleTypeSegment: mobility-global:contextual-variables/segmentation-and-user-context/vehicle-type-or-segment/heavy-duty-trucks | industrySector: mobility-global:contextual-variables/segmentation-and-user-context/industry-or-sector/automotive-oems | industrySector: mobility-global:contextual-variables/segmentation-and-user-context/industry-or-sector/automotive-suppliers-and-supply-chain | audienceRole: mobility-global:contextual-variables/segmentation-and-user-context/audience-role/marketing-and-commercial-roles/market-analyst ...,,SPGlobal.com returns 403 Forbidden - content cannot be fetched automatically
https://www.spglobal.com/automotive-insights/en/blogs/2026/04/the-future-of-automotive-refrigerants,Blog or Automotive Insights,/content/mobility-global/en-us/automotive-insights/blogs/2026/04/the-future-of-automotive-refrigerants,the-future-of-automotive-refrigerants,NEW PAGE - STRUCTURE ONLY,Title + taxonomy only (body empty),APPLIED (11 tags),new-pages-content.zip,11,pillars: mobility-global:pillars/planning-solutions | insightsThoughtLeaderContentType: mobility-global:insights-and-intelligence/insight-and-thought-leader-content-type/analysis-and-reports | topic: mobility-global:insights-and-intelligence/topic/supply-chain-and-manufacturing/automotive-parts-and-components | topic: mobility-global:insights-and-intelligence/topic/risk-safety-and-compliance/regulations-and-compliance | theme: mobility-global:insights-and-intelligence/theme/automotive-sustainability | regulatoryContext: mobility-global:contextual-variables/regulatory-and-operating-context/regulatory-context/emissions-standards | vehicleTypeSegment: mobility-global:contextual-variables/segmentation-and-user-context/vehicle-type-or-segment/light-vehicles | industrySector: mobility-global:contextual-variables/segmentation-and-user-context/industry-or-sector/automotive-suppliers-and-supply-chain | audienceRole: mobility-global:contextual-variables/segmentation-and-user-context/audience-role/oem-and-supplier-roles/technical-specialists | audienceRole: mobility-global:contextual-variables/segmentation-and-user-context/audience-role/regulatory-risk-and-policy-roles/government-or-policy-maker ...,,SPGlobal.com returns 403 Forbidden - content cannot be fetched automatically
https://www.spglobal.com/automotive-insights/en/blogs/2026/04/use-scenario-planning-to-navigate-uncertainty,Blog or Automotive Insights,/content/mobility-global/en-us/automotive-insights/blogs/2026/04/use-scenario-planning-to-navigate-uncertainty,use-scenario-planning-to-navigate-uncertainty,NEW PAGE - STRUCTURE ONLY,Title + taxonomy only (body empty),APPLIED (9 tags),new-pages-content.zip,9,pillars: mobility-global:pillars/planning-solutions | insightsThoughtLeaderContentType: mobility-global:insights-and-intelligence/insight-and-thought-leader-content-type/analysis-and-reports | insightsThoughtLeaderContentType: mobility-global:insights-and-intelligence/insight-and-thought-leader-content-type/case-studies | topic: mobility-global:insights-and-intelligence/topic/market-themes-or-analytical-topics/market-volatility-trends | theme: mobility-global:insights-and-intelligence/theme/scenario-planning-insights | industrySector: mobility-global:contextual-variables/segmentation-and-user-context/industry-or-sector/automotive-oems | audienceRole: mobility-global:contextual-variables/segmentation-and-user-context/audience-role/oem-and-supplier-roles/oem-strategist | contentFormat: mobility-global:system-and-structural-tags/content-formats/written-formats/short-form-article | campaignType: mobility-global:system-and-structural-tags/campaign-type/customer-education-or-enablement,,SPGlobal.com returns 403 Forbidden - content cannot be fetched automatically
https://www.spglobal.com/automotive-insights/en/blogs/2026/04/why-level-2-plus-is-outpacing-level-3-autonomous-driving,Blog or Automotive Insights,/content/mobility-global/en-us/automotive-insights/blogs/2026/04/why-level-2-plus-is-outpacing-level-3-autonomous-driving,why-level-2-plus-is-outpacing-level-3-autonomous-driving,NEW PAGE - STRUCTURE ONLY,Title + taxonomy only (body empty),APPLIED (11 tags),new-pages-content.zip,11,pillars: mobility-global:pillars/planning-solutions | insightsThoughtLeaderContentType: mobility-global:insights-and-intelligence/insight-and-thought-leader-content-type/analysis-and-reports | topic: mobility-global:insights-and-intelligence/topic/technology-and-innovation/autonomous-vehicles-and-adas | topic: mobility-global:insights-and-intelligence/topic/market-themes-or-analytical-topics/competitive-landscape | theme: mobility-global:insights-and-intelligence/theme/future-of-mobility | vehicleTypeSegment: mobility-global:contextual-variables/segmentation-and-user-context/vehicle-type-or-segment/autonomous-vehicles-avs | industrySector: mobility-global:contextual-variables/segmentation-and-user-context/industry-or-sector/automotive-oems | industrySector: mobility-global:contextual-variables/segmentation-and-user-context/industry-or-sector/automotive-suppliers-and-supply-chain | audienceRole: mobility-global:contextual-variables/segmentation-and-user-context/audience-role/oem-and-supplier-roles/technical-specialists | audienceRole: mobility-global:contextual-variables/segmentation-and-user-context/audience-role/oem-and-supplier-roles/product-planner ...,,SPGlobal.com returns 403 Forbidden - content cannot be fetched automatically
https://www.spglobal.com/automotive-insights/en/blogs/2026-light-vehicle-production-forecast,Blog or Automotive Insights,/content/mobility-global/en-us/automotive-insights/blogs/2026-light-vehicle-production-forecast,2026-light-vehicle-production-forecast,EXISTING PAGE,Content already in AEM,APPLIED (13 tags),taxonomy-all-pages.zip,13,pillars: mobility-global:pillars/planning-solutions | insightsThoughtLeaderContentType: mobility-global:insights-and-intelligence/insight-and-thought-leader-content-type/data-and-forecasts | insightsThoughtLeaderContentType: mobility-global:insights-and-intelligence/insight-and-thought-leader-content-type/analysis-and-reports | topic: mobility-global:insights-and-intelligence/topic/industry-benchmarks/vehicle-production-forecasts | topic: mobility-global:insights-and-intelligence/topic/industry-benchmarks/automotive-industry-forecast-and-analysis | theme: mobility-global:insights-and-intelligence/topic/industry-benchmarks/automotive-industry-forecast-and-analysis | vehicleTypeSegment: mobility-global:contextual-variables/segmentation-and-user-context/vehicle-type-or-segment/light-vehicles | industrySector: mobility-global:contextual-variables/segmentation-and-user-context/industry-or-sector/automotive-oems | industrySector: mobility-global:contextual-variables/segmentation-and-user-context/industry-or-sector/automotive-suppliers-and-supply-chain | audienceRole: mobility-global:contextual-variables/segmentation-and-user-context/audience-role/oem-and-supplier-roles/oem-strategist ...,,
https://www.spglobal.com/automotive-insights/en/blogs/automotive-aftermarket-industry-trends-2025,Blog or Automotive Insights,/content/mobility-global/en-us/automotive-insights/blogs/automotive-aftermarket-industry-trends-2025,automotive-aftermarket-industry-trends-2025,EXISTING PAGE,Content already in AEM,APPLIED (7 tags),taxonomy-all-pages.zip,7,pillars: mobility-global:pillars/sales-solutions | insightsThoughtLeaderContentType: mobility-global:insights-and-intelligence/insight-and-thought-leader-content-type/analysis-and-reports | topic: mobility-global:insights-and-intelligence/topic/supply-chain-and-manufacturing/automotive-parts-and-components | theme: mobility-global:insights-and-intelligence/topic/industry-benchmarks/automotive-industry-forecast-and-analysis | industrySector: mobility-global:contextual-variables/segmentation-and-user-context/industry-or-sector/automotive-aftermarket | audienceRole: mobility-global:contextual-variables/segmentation-and-user-context/audience-role/retail-dealer-aftermarket-roles/aftermarket-provider | contentFormat: mobility-global:system-and-structural-tags/content-formats/written-formats/short-form-article,,
https://www.spglobal.com/automotive-insights/en/blogs/automotive-loyalty-trends-2025,Blog or Automotive Insights,/content/mobility-global/en-us/automotive-insights/blogs/automotive-loyalty-trends-2025,automotive-loyalty-trends-2025,EXISTING PAGE,Content already in AEM,APPLIED (11 tags),taxonomy-all-pages.zip,11,pillars: mobility-global:pillars/sales-solutions | productFamily: mobility-global:products-and-platforms/product-families/loyalty | insightsThoughtLeaderContentType: mobility-global:insights-and-intelligence/insight-and-thought-leader-content-type/analysis-and-reports | topic: mobility-global:products-and-platforms/product-families/loyalty | topic: mobility-global:insights-and-intelligence/topic/market-themes-or-analytical-topics/consumer-behavior-insights | theme: mobility-global:insights-and-intelligence/theme/automotive-consumer-trends | industrySector: mobility-global:contextual-variables/segmentation-and-user-context/industry-or-sector/automotive-oems | industrySector: mobility-global:contextual-variables/segmentation-and-user-context/industry-or-sector/automotive-dealers-and-retailers | audienceRole: mobility-global:contextual-variables/segmentation-and-user-context/audience-role/marketing-and-commercial-roles/market-analyst | audienceRole: mobility-global:contextual-variables/segmentation-and-user-context/audience-role/marketing-and-commercial-roles/marketing-and-media-agencies ...,,
https://www.spglobal.com/automotive-insights/en/blogs/commercial-vehicle-industry-analysis-mixed-recovery-ahead,Blog or Automotive Insights,/content/mobility-global/en-us/automotive-insights/blogs/commercial-vehicle-industry-analysis-mixed-recovery-ahead,commercial-vehicle-industry-analysis-mixed-recovery-ahead,EXISTING PAGE,Content already in AEM,APPLIED (11 tags),taxonomy-all-pages.zip,11,pillars: mobility-global:pillars/planning-solutions | insightsThoughtLeaderContentType: mobility-global:insights-and-intelligence/insight-and-thought-leader-content-type/analysis-and-reports | topic: mobility-global:insights-and-intelligence/topic/industry-benchmarks/automotive-industry-forecast-and-analysis | theme: mobility-global:insights-and-intelligence/topic/industry-benchmarks/automotive-industry-forecast-and-analysis | theme: mobility-global:insights-and-intelligence/theme/commercial-vehicle-market | vehicleTypeSegment: mobility-global:contextual-variables/segmentation-and-user-context/vehicle-type-or-segment/commercial-vehicles | industrySector: mobility-global:contextual-variables/segmentation-and-user-context/industry-or-sector/automotive-oems | industrySector: mobility-global:contextual-variables/segmentation-and-user-context/industry-or-sector/fleet-management-and-leasing | audienceRole: mobility-global:contextual-variables/segmentation-and-user-context/audience-role/marketing-and-commercial-roles/market-analyst | audienceRole: mobility-global:contextual-variables/segmentation-and-user-context/audience-role/fleet-and-commercial-roles/fleet-manager ...,,
https://www.spglobal.com/automotive-insights/en/blogs/fuel-for-thought-a-more-practical-future-for-autonomous-vehicles,Blog or Automotive Insights,/content/mobility-global/en-us/automotive-insights/blogs/fuel-for-thought-a-more-practical-future-for-autonomous-vehicles,fuel-for-thought-a-more-practical-future-for-autonomous-vehicles,EXISTING PAGE,Content already in AEM,APPLIED (8 tags),taxonomy-all-pages.zip,8,pillars: mobility-global:pillars/planning-solutions | insightsThoughtLeaderContentType: mobility-global:insights-and-intelligence/insight-and-thought-leader-content-type/analysis-and-reports | topic: mobility-global:insights-and-intelligence/topic/technology-and-innovation/autonomous-vehicles-and-adas | theme: mobility-global:insights-and-intelligence/theme/future-of-mobility | industrySector: mobility-global:contextual-variables/segmentation-and-user-context/industry-or-sector/automotive-oems | audienceRole: mobility-global:contextual-variables/segmentation-and-user-context/audience-role/oem-and-supplier-roles/oem-strategist | audienceRole: mobility-global:contextual-variables/segmentation-and-user-context/audience-role/oem-and-supplier-roles/product-planner | contentFormat: mobility-global:system-and-structural-tags/content-formats/written-formats/short-form-article,,
https://www.spglobal.com/automotive-insights/en/blogs/strategies-to-grow-customer-loyalty-automotive-industry,Blog or Automotive Insights,/content/mobility-global/en-us/automotive-insights/blogs/strategies-to-grow-customer-loyalty-automotive-industry,strategies-to-grow-customer-loyalty-automotive-industry,EXISTING PAGE,Content already in AEM,APPLIED (12 tags),taxonomy-all-pages.zip,12,pillars: mobility-global:pillars/sales-solutions | productFamily: mobility-global:products-and-platforms/product-families/loyalty | insightsThoughtLeaderContentType: mobility-global:insights-and-intelligence/insight-and-thought-leader-content-type/analysis-and-reports | topic: mobility-global:products-and-platforms/product-families/loyalty | topic: mobility-global:insights-and-intelligence/topic/market-themes-or-analytical-topics/consumer-behavior-insights | theme: mobility-global:insights-and-intelligence/theme/automotive-consumer-trends | industrySector: mobility-global:contextual-variables/segmentation-and-user-context/industry-or-sector/automotive-oems | industrySector: mobility-global:contextual-variables/segmentation-and-user-context/industry-or-sector/automotive-dealers-and-retailers | audienceRole: mobility-global:contextual-variables/segmentation-and-user-context/audience-role/marketing-and-commercial-roles/market-analyst | audienceRole: mobility-global:contextual-variables/segmentation-and-user-context/audience-role/retail-dealer-aftermarket-roles/dealer-or-retailer ...,,
https://www.spglobal.com/automotive-insights/en/blogs/us-auto-inventory-levels,Blog or Automotive Insights,/content/mobility-global/en-us/automotive-insights/blogs/us-auto-inventory-levels,us-auto-inventory-levels,EXISTING PAGE,Content already in AEM,APPLIED (16 tags),taxonomy-all-pages.zip,16,pillars: mobility-global:pillars/planning-solutions | insightsThoughtLeaderContentType: mobility-global:insights-and-intelligence/insight-and-thought-leader-content-type/analysis-and-reports | insightsThoughtLeaderContentType: mobility-global:insights-and-intelligence/insight-and-thought-leader-content-type/data-and-forecasts | topic: mobility-global:insights-and-intelligence/topic/market-themes-or-analytical-topics/dealer-and-retail-trends | topic: mobility-global:insights-and-intelligence/topic/supply-chain-and-manufacturing/automotive-supply-chain-disruption-and-resilience | topic: mobility-global:insights-and-intelligence/theme/automotive-supply-chain | theme: mobility-global:insights-and-intelligence/theme/electric-vehicles | industrySector: mobility-global:contextual-variables/segmentation-and-user-context/industry-or-sector/automotive-oems | industrySector: mobility-global:contextual-variables/segmentation-and-user-context/industry-or-sector/automotive-dealers-and-retailers | audienceRole: mobility-global:contextual-variables/segmentation-and-user-context/audience-role/oem-and-supplier-roles/supply-chain-analyst ...,,
https://www.spglobal.com/automotive-insights/en/blogs/us-auto-sales,Blog or Automotive Insights,/content/mobility-global/en-us/automotive-insights/blogs/us-auto-sales,us-auto-sales,EXISTING PAGE,Content already in AEM,APPLIED (12 tags),taxonomy-all-pages.zip,12,pillars: mobility-global:pillars/planning-solutions | insightsThoughtLeaderContentType: mobility-global:insights-and-intelligence/insight-and-thought-leader-content-type/data-and-forecasts | insightsThoughtLeaderContentType: mobility-global:insights-and-intelligence/insight-and-thought-leader-content-type/market-news-and-updates | topic: mobility-global:insights-and-intelligence/topic/industry-benchmarks/automotive-industry-forecast-and-analysis | theme: mobility-global:insights-and-intelligence/topic/industry-benchmarks/automotive-industry-forecast-and-analysis | industrySector: mobility-global:contextual-variables/segmentation-and-user-context/industry-or-sector/automotive-oems | industrySector: mobility-global:contextual-variables/segmentation-and-user-context/industry-or-sector/automotive-dealers-and-retailers | audienceRole: mobility-global:contextual-variables/segmentation-and-user-context/audience-role/marketing-and-commercial-roles/market-analyst | contentFormat: mobility-global:system-and-structural-tags/content-formats/written-formats/short-form-article | marketSalesRegion: mobility-global:contextual-variables/market-context/market-sales-region/north-america ...,,
https://www.spglobal.com/automotive-insights/en/rapid-impact-analysis/auto-industry-tariffs-risk-substantial-disruptions,Blog or Automotive Insights,/content/mobility-global/en-us/automotive-insights/rapid-impact-analysis/auto-industry-tariffs-risk-substantial-disruptions,auto-industry-tariffs-risk-substantial-disruptions,NEW PAGE - STRUCTURE ONLY,Title + taxonomy only (body empty),APPLIED (12 tags),new-pages-content.zip,12,pillars: mobility-global:pillars/planning-solutions | insightsThoughtLeaderContentType: mobility-global:insights-and-intelligence/insight-and-thought-leader-content-type/analysis-and-reports | insightsThoughtLeaderContentType: mobility-global:insights-and-intelligence/insight-and-thought-leader-content-type/market-news-and-updates | topic: mobility-global:insights-and-intelligence/topic/industry-benchmarks/automotive-industry-forecast-and-analysis | topic: mobility-global:insights-and-intelligence/topic/macro-economic-drivers/automotive-tariffs-and-trade-policy | theme: mobility-global:insights-and-intelligence/theme/automotive-tariffs | regulatoryContext: mobility-global:contextual-variables/regulatory-and-operating-context/regulatory-context/policy | industrySector: mobility-global:contextual-variables/segmentation-and-user-context/industry-or-sector/automotive-oems | industrySector: mobility-global:contextual-variables/segmentation-and-user-context/industry-or-sector/automotive-suppliers-and-supply-chain | audienceRole: mobility-global:contextual-variables/segmentation-and-user-context/audience-role/oem-and-supplier-roles/oem-strategist ...,,SPGlobal.com returns 403 Forbidden - content cannot be fetched automatically
https://www.spglobal.com/automotive-insights/en/rapid-impact-analysis/automakers-respond-to-25-percent-us-import-tariff,Blog or Automotive Insights,/content/mobility-global/en-us/automotive-insights/rapid-impact-analysis/automakers-respond-to-25-percent-us-import-tariff,automakers-respond-to-25-percent-us-import-tariff,NEW PAGE - STRUCTURE ONLY,Title + taxonomy only (body empty),APPLIED (14 tags),new-pages-content.zip,14,pillars: mobility-global:pillars/planning-solutions | insightsThoughtLeaderContentType: mobility-global:insights-and-intelligence/insight-and-thought-leader-content-type/analysis-and-reports | insightsThoughtLeaderContentType: mobility-global:insights-and-intelligence/insight-and-thought-leader-content-type/market-news-and-updates | topic: mobility-global:insights-and-intelligence/topic/industry-benchmarks/automotive-industry-forecast-and-analysis | topic: mobility-global:insights-and-intelligence/topic/macro-economic-drivers/automotive-tariffs-and-trade-policy | theme: mobility-global:insights-and-intelligence/theme/automotive-tariffs | regulatoryContext: mobility-global:contextual-variables/regulatory-and-operating-context/regulatory-context/policy | industrySector: mobility-global:contextual-variables/segmentation-and-user-context/industry-or-sector/automotive-oems | audienceRole: mobility-global:contextual-variables/segmentation-and-user-context/audience-role/oem-and-supplier-roles/oem-strategist | audienceRole: mobility-global:contextual-variables/segmentation-and-user-context/audience-role/regulatory-risk-and-policy-roles/government-or-policy-maker ...,,SPGlobal.com returns 403 Forbidden - content cannot be fetched automatically
https://www.spglobal.com/automotive-insights/en/rapid-impact-analysis/auto-tariffs-lead-to-forecast-downgrades,Blog or Automotive Insights,/content/mobility-global/en-us/automotive-insights/rapid-impact-analysis/auto-tariffs-lead-to-forecast-downgrades,auto-tariffs-lead-to-forecast-downgrades,NEW PAGE - STRUCTURE ONLY,Title + taxonomy only (body empty),APPLIED (11 tags),new-pages-content.zip,11,pillars: mobility-global:pillars/planning-solutions | insightsThoughtLeaderContentType: mobility-global:insights-and-intelligence/insight-and-thought-leader-content-type/analysis-and-reports | insightsThoughtLeaderContentType: mobility-global:insights-and-intelligence/insight-and-thought-leader-content-type/market-news-and-updates | topic: mobility-global:insights-and-intelligence/topic/industry-benchmarks/automotive-industry-forecast-and-analysis | topic: mobility-global:insights-and-intelligence/topic/macro-economic-drivers/automotive-tariffs-and-trade-policy | theme: mobility-global:insights-and-intelligence/theme/automotive-tariffs | regulatoryContext: mobility-global:contextual-variables/regulatory-and-operating-context/regulatory-context/policy | industrySector: mobility-global:contextual-variables/segmentation-and-user-context/industry-or-sector/automotive-oems | audienceRole: mobility-global:contextual-variables/segmentation-and-user-context/audience-role/oem-and-supplier-roles/oem-strategist | audienceRole: mobility-global:contextual-variables/segmentation-and-user-context/audience-role/marketing-and-commercial-roles/market-analyst ...,,SPGlobal.com returns 403 Forbidden - content cannot be fetched automatically
https://www.spglobal.com/automotive-insights/en/rapid-impact-analysis/auto-tariffs-update-relief-complexity-automakers,Blog or Automotive Insights,/content/mobility-global/en-us/automotive-insights/rapid-impact-analysis/auto-tariffs-update-relief-complexity-automakers,auto-tariffs-update-relief-complexity-automakers,NEW PAGE - STRUCTURE ONLY,Title + taxonomy only (body empty),APPLIED (11 tags),new-pages-content.zip,11,pillars: mobility-global:pillars/planning-solutions | insightsThoughtLeaderContentType: mobility-global:insights-and-intelligence/insight-and-thought-leader-content-type/market-news-and-updates | insightsThoughtLeaderContentType: mobility-global:insights-and-intelligence/insight-and-thought-leader-content-type/analysis-and-reports | topic: mobility-global:insights-and-intelligence/topic/industry-benchmarks/automotive-industry-forecast-and-analysis | topic: mobility-global:insights-and-intelligence/topic/macro-economic-drivers/automotive-tariffs-and-trade-policy | theme: mobility-global:insights-and-intelligence/theme/automotive-tariffs | regulatoryContext: mobility-global:contextual-variables/regulatory-and-operating-context/regulatory-context/policy | industrySector: mobility-global:contextual-variables/segmentation-and-user-context/industry-or-sector/automotive-oems | audienceRole: mobility-global:contextual-variables/segmentation-and-user-context/audience-role/oem-and-supplier-roles/oem-strategist | audienceRole: mobility-global:contextual-variables/segmentation-and-user-context/audience-role/regulatory-risk-and-policy-roles/government-or-policy-maker ...,,SPGlobal.com returns 403 Forbidden - content cannot be fetched automatically
https://www.spglobal.com/automotive-insights/en/rapid-impact-analysis/economic-implications-of-war-automotive-industry,Blog or Automotive Insights,/content/mobility-global/en-us/automotive-insights/rapid-impact-analysis/economic-implications-of-war-automotive-industry,economic-implications-of-war-automotive-industry,NEW PAGE - STRUCTURE ONLY,Title + taxonomy only (body empty),APPLIED (13 tags),new-pages-content.zip,13,pillars: mobility-global:pillars/planning-solutions | insightsThoughtLeaderContentType: mobility-global:insights-and-intelligence/insight-and-thought-leader-content-type/analysis-and-reports | topic: mobility-global:insights-and-intelligence/topic/supply-chain-and-manufacturing/automotive-supply-chain-disruption-and-resilience | topic: mobility-global:insights-and-intelligence/topic/macro-economic-drivers | topic: mobility-global:insights-and-intelligence/theme/automotive-supply-chain | topic: mobility-global:insights-and-intelligence/topic/market-themes-or-analytical-topics/market-volatility-trends | theme: mobility-global:insights-and-intelligence/topic/industry-benchmarks/automotive-industry-forecast-and-analysis | theme: mobility-global:insights-and-intelligence/theme/automotive-supply-chain | industrySector: mobility-global:contextual-variables/segmentation-and-user-context/industry-or-sector/automotive-oems | industrySector: mobility-global:contextual-variables/segmentation-and-user-context/industry-or-sector/automotive-suppliers-and-supply-chain ...,,SPGlobal.com returns 403 Forbidden - content cannot be fetched automatically
https://www.spglobal.com/automotive-insights/en/rapid-impact-analysis/fluid-tariff-situation-drives-updates-vehicle-forecasts,Blog or Automotive Insights,/content/mobility-global/en-us/automotive-insights/rapid-impact-analysis/fluid-tariff-situation-drives-updates-vehicle-forecasts,fluid-tariff-situation-drives-updates-vehicle-forecasts,NEW PAGE - STRUCTURE ONLY,Title + taxonomy only (body empty),APPLIED (11 tags),new-pages-content.zip,11,pillars: mobility-global:pillars/planning-solutions | insightsThoughtLeaderContentType: mobility-global:insights-and-intelligence/insight-and-thought-leader-content-type/analysis-and-reports | insightsThoughtLeaderContentType: mobility-global:insights-and-intelligence/insight-and-thought-leader-content-type/market-news-and-updates | topic: mobility-global:insights-and-intelligence/topic/industry-benchmarks/automotive-industry-forecast-and-analysis | topic: mobility-global:insights-and-intelligence/topic/macro-economic-drivers/automotive-tariffs-and-trade-policy | theme: mobility-global:insights-and-intelligence/theme/automotive-tariffs | regulatoryContext: mobility-global:contextual-variables/regulatory-and-operating-context/regulatory-context/policy | industrySector: mobility-global:contextual-variables/segmentation-and-user-context/industry-or-sector/automotive-oems | audienceRole: mobility-global:contextual-variables/segmentation-and-user-context/audience-role/oem-and-supplier-roles/oem-strategist | audienceRole: mobility-global:contextual-variables/segmentation-and-user-context/audience-role/marketing-and-commercial-roles/market-analyst ...,,SPGlobal.com returns 403 Forbidden - content cannot be fetched automatically
https://www.spglobal.com/automotive-insights/en/rapid-impact-analysis/future-of-uk-china-tariffs-negotiations,Blog or Automotive Insights,/content/mobility-global/en-us/automotive-insights/rapid-impact-analysis/future-of-uk-china-tariffs-negotiations,future-of-uk-china-tariffs-negotiations,NEW PAGE - STRUCTURE ONLY,Title + taxonomy only (body empty),APPLIED (11 tags),new-pages-content.zip,11,pillars: mobility-global:pillars/planning-solutions | insightsThoughtLeaderContentType: mobility-global:insights-and-intelligence/insight-and-thought-leader-content-type/analysis-and-reports | insightsThoughtLeaderContentType: mobility-global:insights-and-intelligence/insight-and-thought-leader-content-type/market-news-and-updates | topic: mobility-global:insights-and-intelligence/topic/industry-benchmarks/automotive-industry-forecast-and-analysis | topic: mobility-global:insights-and-intelligence/topic/macro-economic-drivers/automotive-tariffs-and-trade-policy | theme: mobility-global:insights-and-intelligence/theme/automotive-tariffs | regulatoryContext: mobility-global:contextual-variables/regulatory-and-operating-context/regulatory-context/policy | industrySector: mobility-global:contextual-variables/segmentation-and-user-context/industry-or-sector/automotive-oems | audienceRole: mobility-global:contextual-variables/segmentation-and-user-context/audience-role/oem-and-supplier-roles/oem-strategist | audienceRole: mobility-global:contextual-variables/segmentation-and-user-context/audience-role/regulatory-risk-and-policy-roles/government-or-policy-maker ...,,SPGlobal.com returns 403 Forbidden - content cannot be fetched automatically
https://www.spglobal.com/automotive-insights/en/rapid-impact-analysis/new-section-232-tariffs-target-truck-bus-imports,Blog or Automotive Insights,/content/mobility-global/en-us/automotive-insights/rapid-impact-analysis/new-section-232-tariffs-target-truck-bus-imports,new-section-232-tariffs-target-truck-bus-imports,NEW PAGE - STRUCTURE ONLY,Title + taxonomy only (body empty),APPLIED (14 tags),new-pages-content.zip,14,pillars: mobility-global:pillars/planning-solutions | insightsThoughtLeaderContentType: mobility-global:insights-and-intelligence/insight-and-thought-leader-content-type/market-news-and-updates | insightsThoughtLeaderContentType: mobility-global:insights-and-intelligence/insight-and-thought-leader-content-type/analysis-and-reports | topic: mobility-global:insights-and-intelligence/topic/industry-benchmarks/automotive-industry-forecast-and-analysis | topic: mobility-global:insights-and-intelligence/topic/macro-economic-drivers/automotive-tariffs-and-trade-policy | theme: mobility-global:insights-and-intelligence/theme/automotive-tariffs | regulatoryContext: mobility-global:contextual-variables/regulatory-and-operating-context/regulatory-context/policy | industrySector: mobility-global:contextual-variables/segmentation-and-user-context/industry-or-sector/automotive-oems | audienceRole: mobility-global:contextual-variables/segmentation-and-user-context/audience-role/oem-and-supplier-roles/oem-strategist | audienceRole: mobility-global:contextual-variables/segmentation-and-user-context/audience-role/regulatory-risk-and-policy-roles/government-or-policy-maker ...,,SPGlobal.com returns 403 Forbidden - content cannot be fetched automatically
https://www.spglobal.com/automotive-insights/en/rapid-impact-analysis/reciprocal-tariffs-automotive-industry-update,Blog or Automotive Insights,/content/mobility-global/en-us/automotive-insights/rapid-impact-analysis/reciprocal-tariffs-automotive-industry-update,reciprocal-tariffs-automotive-industry-update,NEW PAGE - STRUCTURE ONLY,Title + taxonomy only (body empty),APPLIED (11 tags),new-pages-content.zip,11,pillars: mobility-global:pillars/planning-solutions | insightsThoughtLeaderContentType: mobility-global:insights-and-intelligence/insight-and-thought-leader-content-type/market-news-and-updates | insightsThoughtLeaderContentType: mobility-global:insights-and-intelligence/insight-and-thought-leader-content-type/analysis-and-reports | topic: mobility-global:insights-and-intelligence/topic/industry-benchmarks/automotive-industry-forecast-and-analysis | topic: mobility-global:insights-and-intelligence/topic/macro-economic-drivers/automotive-tariffs-and-trade-policy | theme: mobility-global:insights-and-intelligence/theme/automotive-tariffs | regulatoryContext: mobility-global:contextual-variables/regulatory-and-operating-context/regulatory-context/policy | industrySector: mobility-global:contextual-variables/segmentation-and-user-context/industry-or-sector/automotive-oems | audienceRole: mobility-global:contextual-variables/segmentation-and-user-context/audience-role/oem-and-supplier-roles/oem-strategist | audienceRole: mobility-global:contextual-variables/segmentation-and-user-context/audience-role/regulatory-risk-and-policy-roles/government-or-policy-maker ...,,SPGlobal.com returns 403 Forbidden - content cannot be fetched automatically
https://www.spglobal.com/automotive-insights/en/rapid-impact-analysis/supreme-court-ieepa-tariffs-ruling-implications-automakers,Blog or Automotive Insights,/content/mobility-global/en-us/automotive-insights/rapid-impact-analysis/supreme-court-ieepa-tariffs-ruling-implications-automakers,supreme-court-ieepa-tariffs-ruling-implications-automakers,NEW PAGE - STRUCTURE ONLY,Title + taxonomy only (body empty),APPLIED (14 tags),new-pages-content.zip,14,pillars: mobility-global:pillars/planning-solutions | insightsThoughtLeaderContentType: mobility-global:insights-and-intelligence/insight-and-thought-leader-content-type/market-news-and-updates | insightsThoughtLeaderContentType: mobility-global:insights-and-intelligence/insight-and-thought-leader-content-type/analysis-and-reports | topic: mobility-global:insights-and-intelligence/topic/industry-benchmarks/automotive-industry-forecast-and-analysis | topic: mobility-global:insights-and-intelligence/topic/macro-economic-drivers/automotive-tariffs-and-trade-policy | theme: mobility-global:insights-and-intelligence/theme/automotive-tariffs | regulatoryContext: mobility-global:contextual-variables/regulatory-and-operating-context/regulatory-context/policy | industrySector: mobility-global:contextual-variables/segmentation-and-user-context/industry-or-sector/automotive-oems | audienceRole: mobility-global:contextual-variables/segmentation-and-user-context/audience-role/regulatory-risk-and-policy-roles/government-or-policy-maker | audienceRole: mobility-global:contextual-variables/segmentation-and-user-context/audience-role/oem-and-supplier-roles/oem-strategist ...,,SPGlobal.com returns 403 Forbidden - content cannot be fetched automatically
https://www.spglobal.com/automotive-insights/en/rapid-impact-analysis/tariff-negotiations-obba-auto-industry-impact,Blog or Automotive Insights,/content/mobility-global/en-us/automotive-insights/rapid-impact-analysis/tariff-negotiations-obba-auto-industry-impact,tariff-negotiations-obba-auto-industry-impact,NEW PAGE - STRUCTURE ONLY,Title + taxonomy only (body empty),APPLIED (11 tags),new-pages-content.zip,11,pillars: mobility-global:pillars/planning-solutions | insightsThoughtLeaderContentType: mobility-global:insights-and-intelligence/insight-and-thought-leader-content-type/market-news-and-updates | insightsThoughtLeaderContentType: mobility-global:insights-and-intelligence/insight-and-thought-leader-content-type/analysis-and-reports | topic: mobility-global:insights-and-intelligence/topic/industry-benchmarks/automotive-industry-forecast-and-analysis | topic: mobility-global:insights-and-intelligence/topic/macro-economic-drivers/automotive-tariffs-and-trade-policy | theme: mobility-global:insights-and-intelligence/theme/automotive-tariffs | regulatoryContext: mobility-global:contextual-variables/regulatory-and-operating-context/regulatory-context/policy | industrySector: mobility-global:contextual-variables/segmentation-and-user-context/industry-or-sector/automotive-oems | audienceRole: mobility-global:contextual-variables/segmentation-and-user-context/audience-role/regulatory-risk-and-policy-roles/government-or-policy-maker | audienceRole: mobility-global:contextual-variables/segmentation-and-user-context/audience-role/oem-and-supplier-roles/oem-strategist ...,,SPGlobal.com returns 403 Forbidden - content cannot be fetched automatically
https://www.spglobal.com/automotive-insights/en/rapid-impact-analysis/tariffs-on-auto-industry-extended-disruption-likely,Blog or Automotive Insights,/content/mobility-global/en-us/automotive-insights/rapid-impact-analysis/tariffs-on-auto-industry-extended-disruption-likely,tariffs-on-auto-industry-extended-disruption-likely,NEW PAGE - STRUCTURE ONLY,Title + taxonomy only (body empty),APPLIED (11 tags),new-pages-content.zip,11,pillars: mobility-global:pillars/planning-solutions | insightsThoughtLeaderContentType: mobility-global:insights-and-intelligence/insight-and-thought-leader-content-type/market-news-and-updates | insightsThoughtLeaderContentType: mobility-global:insights-and-intelligence/insight-and-thought-leader-content-type/analysis-and-reports | topic: mobility-global:insights-and-intelligence/topic/industry-benchmarks/automotive-industry-forecast-and-analysis | topic: mobility-global:insights-and-intelligence/topic/macro-economic-drivers/automotive-tariffs-and-trade-policy | theme: mobility-global:insights-and-intelligence/theme/automotive-tariffs | regulatoryContext: mobility-global:contextual-variables/regulatory-and-operating-context/regulatory-context/policy | industrySector: mobility-global:contextual-variables/segmentation-and-user-context/industry-or-sector/automotive-oems | audienceRole: mobility-global:contextual-variables/segmentation-and-user-context/audience-role/regulatory-risk-and-policy-roles/government-or-policy-maker | audienceRole: mobility-global:contextual-variables/segmentation-and-user-context/audience-role/oem-and-supplier-roles/oem-strategist ...,,SPGlobal.com returns 403 Forbidden - content cannot be fetched automatically
https://www.spglobal.com/automotive-insights/en/rapid-impact-analysis/trade-agreements-outside-united-states-come-to-forefront,Blog or Automotive Insights,/content/mobility-global/en-us/automotive-insights/rapid-impact-analysis/trade-agreements-outside-united-states-come-to-forefront,trade-agreements-outside-united-states-come-to-forefront,NEW PAGE - STRUCTURE ONLY,Title + taxonomy only (body empty),APPLIED (11 tags),new-pages-content.zip,11,pillars: mobility-global:pillars/planning-solutions | insightsThoughtLeaderContentType: mobility-global:insights-and-intelligence/insight-and-thought-leader-content-type/market-news-and-updates | insightsThoughtLeaderContentType: mobility-global:insights-and-intelligence/insight-and-thought-leader-content-type/analysis-and-reports | topic: mobility-global:insights-and-intelligence/topic/industry-benchmarks/automotive-industry-forecast-and-analysis | topic: mobility-global:insights-and-intelligence/topic/macro-economic-drivers/automotive-tariffs-and-trade-policy | theme: mobility-global:insights-and-intelligence/theme/automotive-tariffs | regulatoryContext: mobility-global:contextual-variables/regulatory-and-operating-context/regulatory-context/policy | industrySector: mobility-global:contextual-variables/segmentation-and-user-context/industry-or-sector/automotive-oems | audienceRole: mobility-global:contextual-variables/segmentation-and-user-context/audience-role/regulatory-risk-and-policy-roles/government-or-policy-maker | audienceRole: mobility-global:contextual-variables/segmentation-and-user-context/audience-role/oem-and-supplier-roles/oem-strategist ...,,SPGlobal.com returns 403 Forbidden - content cannot be fetched automatically
https://www.spglobal.com/automotive-insights/en/rapid-impact-analysis/trumps-automotive-tariffs-would-impact-nearly-all-oems,Blog or Automotive Insights,/content/mobility-global/en-us/automotive-insights/rapid-impact-analysis/trumps-automotive-tariffs-would-impact-nearly-all-oems,trumps-automotive-tariffs-would-impact-nearly-all-oems,NEW PAGE - STRUCTURE ONLY,Title + taxonomy only (body empty),APPLIED (14 tags),new-pages-content.zip,14,pillars: mobility-global:pillars/planning-solutions | insightsThoughtLeaderContentType: mobility-global:insights-and-intelligence/insight-and-thought-leader-content-type/market-news-and-updates | insightsThoughtLeaderContentType: mobility-global:insights-and-intelligence/insight-and-thought-leader-content-type/analysis-and-reports | topic: mobility-global:insights-and-intelligence/topic/industry-benchmarks/automotive-industry-forecast-and-analysis | topic: mobility-global:insights-and-intelligence/topic/macro-economic-drivers/automotive-tariffs-and-trade-policy | theme: mobility-global:insights-and-intelligence/theme/automotive-tariffs | regulatoryContext: mobility-global:contextual-variables/regulatory-and-operating-context/regulatory-context/policy | industrySector: mobility-global:contextual-variables/segmentation-and-user-context/industry-or-sector/automotive-oems | audienceRole: mobility-global:contextual-variables/segmentation-and-user-context/audience-role/regulatory-risk-and-policy-roles/government-or-policy-maker | audienceRole: mobility-global:contextual-variables/segmentation-and-user-context/audience-role/oem-and-supplier-roles/oem-strategist ...,,SPGlobal.com returns 403 Forbidden - content cannot be fetched automatically
https://www.spglobal.com/automotive-insights/en/rapid-impact-analysis/trumps-first-day-auto-industry-news,Blog or Automotive Insights,/content/mobility-global/en-us/automotive-insights/rapid-impact-analysis/trumps-first-day-auto-industry-news,trumps-first-day-auto-industry-news,NEW PAGE - STRUCTURE ONLY,Title + taxonomy only (body empty),APPLIED (14 tags),new-pages-content.zip,14,pillars: mobility-global:pillars/planning-solutions | insightsThoughtLeaderContentType: mobility-global:insights-and-intelligence/insight-and-thought-leader-content-type/market-news-and-updates | insightsThoughtLeaderContentType: mobility-global:insights-and-intelligence/insight-and-thought-leader-content-type/analysis-and-reports | topic: mobility-global:insights-and-intelligence/topic/industry-benchmarks/automotive-industry-forecast-and-analysis | topic: mobility-global:insights-and-intelligence/topic/macro-economic-drivers/automotive-tariffs-and-trade-policy | theme: mobility-global:insights-and-intelligence/theme/automotive-tariffs | regulatoryContext: mobility-global:contextual-variables/regulatory-and-operating-context/regulatory-context/policy | industrySector: mobility-global:contextual-variables/segmentation-and-user-context/industry-or-sector/automotive-oems | audienceRole: mobility-global:contextual-variables/segmentation-and-user-context/audience-role/regulatory-risk-and-policy-roles/government-or-policy-maker | audienceRole: mobility-global:contextual-variables/segmentation-and-user-context/audience-role/oem-and-supplier-roles/oem-strategist ...,,SPGlobal.com returns 403 Forbidden - content cannot be fetched automatically
https://www.spglobal.com/automotive-insights/en/rapid-impact-analysis/trump-tariffs-whats-next-for-automakers,Blog or Automotive Insights,/content/mobility-global/en-us/automotive-insights/rapid-impact-analysis/trump-tariffs-whats-next-for-automakers,trump-tariffs-whats-next-for-automakers,NEW PAGE - STRUCTURE ONLY,Title + taxonomy only (body empty),APPLIED (14 tags),new-pages-content.zip,14,pillars: mobility-global:pillars/planning-solutions | insightsThoughtLeaderContentType: mobility-global:insights-and-intelligence/insight-and-thought-leader-content-type/market-news-and-updates | insightsThoughtLeaderContentType: mobility-global:insights-and-intelligence/insight-and-thought-leader-content-type/analysis-and-reports | topic: mobility-global:insights-and-intelligence/topic/industry-benchmarks/automotive-industry-forecast-and-analysis | topic: mobility-global:insights-and-intelligence/topic/macro-economic-drivers/automotive-tariffs-and-trade-policy | theme: mobility-global:insights-and-intelligence/theme/automotive-tariffs | regulatoryContext: mobility-global:contextual-variables/regulatory-and-operating-context/regulatory-context/policy | industrySector: mobility-global:contextual-variables/segmentation-and-user-context/industry-or-sector/automotive-oems | audienceRole: mobility-global:contextual-variables/segmentation-and-user-context/audience-role/regulatory-risk-and-policy-roles/government-or-policy-maker | audienceRole: mobility-global:contextual-variables/segmentation-and-user-context/audience-role/oem-and-supplier-roles/oem-strategist ...,,SPGlobal.com returns 403 Forbidden - content cannot be fetched automatically
https://www.spglobal.com/automotive-insights/en/rapid-impact-analysis/trump-trade-update-japan-eu-auto-tariffs,Blog or Automotive Insights,/content/mobility-global/en-us/automotive-insights/rapid-impact-analysis/trump-trade-update-japan-eu-auto-tariffs,trump-trade-update-japan-eu-auto-tariffs,NEW PAGE - STRUCTURE ONLY,Title + taxonomy only (body empty),APPLIED (11 tags),new-pages-content.zip,11,pillars: mobility-global:pillars/planning-solutions | insightsThoughtLeaderContentType: mobility-global:insights-and-intelligence/insight-and-thought-leader-content-type/market-news-and-updates | insightsThoughtLeaderContentType: mobility-global:insights-and-intelligence/insight-and-thought-leader-content-type/analysis-and-reports | topic: mobility-global:insights-and-intelligence/topic/industry-benchmarks/automotive-industry-forecast-and-analysis | topic: mobility-global:insights-and-intelligence/topic/macro-economic-drivers/automotive-tariffs-and-trade-policy | theme: mobility-global:insights-and-intelligence/theme/automotive-tariffs | regulatoryContext: mobility-global:contextual-variables/regulatory-and-operating-context/regulatory-context/policy | industrySector: mobility-global:contextual-variables/segmentation-and-user-context/industry-or-sector/automotive-oems | audienceRole: mobility-global:contextual-variables/segmentation-and-user-context/audience-role/regulatory-risk-and-policy-roles/government-or-policy-maker | audienceRole: mobility-global:contextual-variables/segmentation-and-user-context/audience-role/oem-and-supplier-roles/oem-strategist ...,,SPGlobal.com returns 403 Forbidden - content cannot be fetched automatically
https://www.spglobal.com/automotive-insights/en/rapid-impact-analysis/us-auto-tariffs-disruption-hits-north-american-industry,Blog or Automotive Insights,/content/mobility-global/en-us/automotive-insights/rapid-impact-analysis/us-auto-tariffs-disruption-hits-north-american-industry,us-auto-tariffs-disruption-hits-north-american-industry,NEW PAGE - STRUCTURE ONLY,Title + taxonomy only (body empty),APPLIED (11 tags),new-pages-content.zip,11,pillars: mobility-global:pillars/planning-solutions | insightsThoughtLeaderContentType: mobility-global:insights-and-intelligence/insight-and-thought-leader-content-type/market-news-and-updates | insightsThoughtLeaderContentType: mobility-global:insights-and-intelligence/insight-and-thought-leader-content-type/analysis-and-reports | topic: mobility-global:insights-and-intelligence/topic/industry-benchmarks/automotive-industry-forecast-and-analysis | topic: mobility-global:insights-and-intelligence/topic/macro-economic-drivers/automotive-tariffs-and-trade-policy | theme: mobility-global:insights-and-intelligence/theme/automotive-tariffs | regulatoryContext: mobility-global:contextual-variables/regulatory-and-operating-context/regulatory-context/policy | industrySector: mobility-global:contextual-variables/segmentation-and-user-context/industry-or-sector/automotive-oems | audienceRole: mobility-global:contextual-variables/segmentation-and-user-context/audience-role/regulatory-risk-and-policy-roles/government-or-policy-maker | audienceRole: mobility-global:contextual-variables/segmentation-and-user-context/audience-role/oem-and-supplier-roles/oem-strategist ...,,SPGlobal.com returns 403 Forbidden - content cannot be fetched automatically
https://www.spglobal.com/automotive-insights/en/rapid-impact-analysis/us-auto-tariffs-impact-on-auto-industry,Blog or Automotive Insights,/content/mobility-global/en-us/automotive-insights/rapid-impact-analysis/us-auto-tariffs-impact-on-auto-industry,us-auto-tariffs-impact-on-auto-industry,NEW PAGE - STRUCTURE ONLY,Title + taxonomy only (body empty),APPLIED (14 tags),new-pages-content.zip,14,pillars: mobility-global:pillars/planning-solutions | insightsThoughtLeaderContentType: mobility-global:insights-and-intelligence/insight-and-thought-leader-content-type/market-news-and-updates | insightsThoughtLeaderContentType: mobility-global:insights-and-intelligence/insight-and-thought-leader-content-type/analysis-and-reports | topic: mobility-global:insights-and-intelligence/topic/industry-benchmarks/automotive-industry-forecast-and-analysis | topic: mobility-global:insights-and-intelligence/topic/macro-economic-drivers/automotive-tariffs-and-trade-policy | theme: mobility-global:insights-and-intelligence/theme/automotive-tariffs | regulatoryContext: mobility-global:contextual-variables/regulatory-and-operating-context/regulatory-context/policy | industrySector: mobility-global:contextual-variables/segmentation-and-user-context/industry-or-sector/automotive-oems | audienceRole: mobility-global:contextual-variables/segmentation-and-user-context/audience-role/regulatory-risk-and-policy-roles/government-or-policy-maker | audienceRole: mobility-global:contextual-variables/segmentation-and-user-context/audience-role/oem-and-supplier-roles/oem-strategist ...,,SPGlobal.com returns 403 Forbidden - content cannot be fetched automatically
https://www.spglobal.com/automotive-insights/en/rapid-impact-analysis/us-fuel-economy-changes-impact-automakers-consumers,Blog or Automotive Insights,/content/mobility-global/en-us/automotive-insights/rapid-impact-analysis/us-fuel-economy-changes-impact-automakers-consumers,us-fuel-economy-changes-impact-automakers-consumers,NEW PAGE - STRUCTURE ONLY,Title + taxonomy only (body empty),APPLIED (16 tags),new-pages-content.zip,16,pillars: mobility-global:pillars/planning-solutions | insightsThoughtLeaderContentType: mobility-global:insights-and-intelligence/insight-and-thought-leader-content-type/market-news-and-updates | insightsThoughtLeaderContentType: mobility-global:insights-and-intelligence/insight-and-thought-leader-content-type/analysis-and-reports | topic: mobility-global:insights-and-intelligence/topic/industry-benchmarks/automotive-industry-forecast-and-analysis | topic: mobility-global:insights-and-intelligence/topic/sustainability-and-esg/automotive-sustainability-and-esg | topic: mobility-global:insights-and-intelligence/topic/risk-safety-and-compliance/regulations-and-compliance | theme: mobility-global:insights-and-intelligence/theme/automotive-sustainability | regulatoryContext: mobility-global:contextual-variables/regulatory-and-operating-context/regulatory-context/policy | regulatoryContext: mobility-global:contextual-variables/regulatory-and-operating-context/regulatory-context/fuel-economy-standards | industrySector: mobility-global:contextual-variables/segmentation-and-user-context/industry-or-sector/automotive-oems ...,,SPGlobal.com returns 403 Forbidden - content cannot be fetched automatically
https://www.spglobal.com/automotive-insights/en/rapid-impact-analysis/us-import-tariffs-will-reset-automotive-value-chain,Blog or Automotive Insights,/content/mobility-global/en-us/automotive-insights/rapid-impact-analysis/us-import-tariffs-will-reset-automotive-value-chain,us-import-tariffs-will-reset-automotive-value-chain,NEW PAGE - STRUCTURE ONLY,Title + taxonomy only (body empty),APPLIED (15 tags),new-pages-content.zip,15,pillars: mobility-global:pillars/planning-solutions | insightsThoughtLeaderContentType: mobility-global:insights-and-intelligence/insight-and-thought-leader-content-type/market-news-and-updates | insightsThoughtLeaderContentType: mobility-global:insights-and-intelligence/insight-and-thought-leader-content-type/analysis-and-reports | topic: mobility-global:insights-and-intelligence/topic/industry-benchmarks/automotive-industry-forecast-and-analysis | topic: mobility-global:insights-and-intelligence/topic/macro-economic-drivers/automotive-tariffs-and-trade-policy | theme: mobility-global:insights-and-intelligence/theme/automotive-tariffs | regulatoryContext: mobility-global:contextual-variables/regulatory-and-operating-context/regulatory-context/policy | industrySector: mobility-global:contextual-variables/segmentation-and-user-context/industry-or-sector/automotive-oems | industrySector: mobility-global:contextual-variables/segmentation-and-user-context/industry-or-sector/automotive-suppliers-and-supply-chain | audienceRole: mobility-global:contextual-variables/segmentation-and-user-context/audience-role/regulatory-risk-and-policy-roles/government-or-policy-maker ...,,SPGlobal.com returns 403 Forbidden - content cannot be fetched automatically
https://www.spglobal.com/automotive-insights/en/rapid-impact-analysis/us-iran-war-global-auto-industry-impact,Blog or Automotive Insights,/content/mobility-global/en-us/automotive-insights/rapid-impact-analysis/us-iran-war-global-auto-industry-impact,us-iran-war-global-auto-industry-impact,NEW PAGE - STRUCTURE ONLY,Title + taxonomy only (body empty),APPLIED (14 tags),new-pages-content.zip,14,pillars: mobility-global:pillars/planning-solutions | insightsThoughtLeaderContentType: mobility-global:insights-and-intelligence/insight-and-thought-leader-content-type/analysis-and-reports | topic: mobility-global:insights-and-intelligence/topic/supply-chain-and-manufacturing/automotive-supply-chain-disruption-and-resilience | topic: mobility-global:insights-and-intelligence/topic/macro-economic-drivers | topic: mobility-global:insights-and-intelligence/theme/automotive-supply-chain | topic: mobility-global:insights-and-intelligence/topic/market-themes-or-analytical-topics/market-volatility-trends | theme: mobility-global:insights-and-intelligence/topic/industry-benchmarks/automotive-industry-forecast-and-analysis | theme: mobility-global:insights-and-intelligence/theme/automotive-supply-chain | theme: mobility-global:insights-and-intelligence/theme/supply-chain-resilience | industrySector: mobility-global:contextual-variables/segmentation-and-user-context/industry-or-sector/automotive-oems ...,,SPGlobal.com returns 403 Forbidden - content cannot be fetched automatically
https://www.spglobal.com/automotive-insights/en/rapid-impact-analysis/us-plans-new-truck-tariffs-commercial-vehicles,Blog or Automotive Insights,/content/mobility-global/en-us/automotive-insights/rapid-impact-analysis/us-plans-new-truck-tariffs-commercial-vehicles,us-plans-new-truck-tariffs-commercial-vehicles,NEW PAGE - STRUCTURE ONLY,Title + taxonomy only (body empty),APPLIED (14 tags),new-pages-content.zip,14,pillars: mobility-global:pillars/planning-solutions | insightsThoughtLeaderContentType: mobility-global:insights-and-intelligence/insight-and-thought-leader-content-type/market-news-and-updates | insightsThoughtLeaderContentType: mobility-global:insights-and-intelligence/insight-and-thought-leader-content-type/analysis-and-reports | topic: mobility-global:insights-and-intelligence/topic/industry-benchmarks/automotive-industry-forecast-and-analysis | topic: mobility-global:insights-and-intelligence/topic/macro-economic-drivers/automotive-tariffs-and-trade-policy | theme: mobility-global:insights-and-intelligence/theme/automotive-tariffs | regulatoryContext: mobility-global:contextual-variables/regulatory-and-operating-context/regulatory-context/policy | industrySector: mobility-global:contextual-variables/segmentation-and-user-context/industry-or-sector/automotive-oems | audienceRole: mobility-global:contextual-variables/segmentation-and-user-context/audience-role/regulatory-risk-and-policy-roles/government-or-policy-maker | audienceRole: mobility-global:contextual-variables/segmentation-and-user-context/audience-role/oem-and-supplier-roles/oem-strategist ...,,SPGlobal.com returns 403 Forbidden - content cannot be fetched automatically
https://www.spglobal.com/automotive-insights/en/rapid-impact-analysis/us-tariff-changes-and-forecast-implications-2025-assumptions,Blog or Automotive Insights,/content/mobility-global/en-us/automotive-insights/rapid-impact-analysis/us-tariff-changes-and-forecast-implications-2025-assumptions,us-tariff-changes-and-forecast-implications-2025-assumptions,NEW PAGE - STRUCTURE ONLY,Title + taxonomy only (body empty),APPLIED (14 tags),new-pages-content.zip,14,pillars: mobility-global:pillars/planning-solutions | insightsThoughtLeaderContentType: mobility-global:insights-and-intelligence/insight-and-thought-leader-content-type/market-news-and-updates | insightsThoughtLeaderContentType: mobility-global:insights-and-intelligence/insight-and-thought-leader-content-type/analysis-and-reports | topic: mobility-global:insights-and-intelligence/topic/industry-benchmarks/automotive-industry-forecast-and-analysis | topic: mobility-global:insights-and-intelligence/topic/macro-economic-drivers/automotive-tariffs-and-trade-policy | theme: mobility-global:insights-and-intelligence/theme/automotive-tariffs | regulatoryContext: mobility-global:contextual-variables/regulatory-and-operating-context/regulatory-context/policy | industrySector: mobility-global:contextual-variables/segmentation-and-user-context/industry-or-sector/automotive-oems | audienceRole: mobility-global:contextual-variables/segmentation-and-user-context/audience-role/regulatory-risk-and-policy-roles/government-or-policy-maker | audienceRole: mobility-global:contextual-variables/segmentation-and-user-context/audience-role/oem-and-supplier-roles/oem-strategist ...,,SPGlobal.com returns 403 Forbidden - content cannot be fetched automatically
https://www.spglobal.com/automotive-insights/en/rapid-impact-analysis/us-tariffs-impact-trucking-industry,Blog or Automotive Insights,/content/mobility-global/en-us/automotive-insights/rapid-impact-analysis/us-tariffs-impact-trucking-industry,us-tariffs-impact-trucking-industry,NEW PAGE - STRUCTURE ONLY,Title + taxonomy only (body empty),APPLIED (15 tags),new-pages-content.zip,15,pillars: mobility-global:pillars/planning-solutions | insightsThoughtLeaderContentType: mobility-global:insights-and-intelligence/insight-and-thought-leader-content-type/market-news-and-updates | insightsThoughtLeaderContentType: mobility-global:insights-and-intelligence/insight-and-thought-leader-content-type/analysis-and-reports | topic: mobility-global:insights-and-intelligence/topic/industry-benchmarks/automotive-industry-forecast-and-analysis | topic: mobility-global:insights-and-intelligence/topic/macro-economic-drivers/automotive-tariffs-and-trade-policy | theme: mobility-global:insights-and-intelligence/theme/automotive-tariffs | regulatoryContext: mobility-global:contextual-variables/regulatory-and-operating-context/regulatory-context/policy | industrySector: mobility-global:contextual-variables/segmentation-and-user-context/industry-or-sector/automotive-oems | industrySector: mobility-global:contextual-variables/segmentation-and-user-context/industry-or-sector/automotive-suppliers-and-supply-chain | audienceRole: mobility-global:contextual-variables/segmentation-and-user-context/audience-role/regulatory-risk-and-policy-roles/government-or-policy-maker ...,,SPGlobal.com returns 403 Forbidden - content cannot be fetched automatically
https://www.spglobal.com/automotive-insights/en/rapid-impact-analysis/us-trade-agreements-korea-tariffs,Blog or Automotive Insights,/content/mobility-global/en-us/automotive-insights/rapid-impact-analysis/us-trade-agreements-korea-tariffs,us-trade-agreements-korea-tariffs,NEW PAGE - STRUCTURE ONLY,Title + taxonomy only (body empty),APPLIED (11 tags),new-pages-content.zip,11,pillars: mobility-global:pillars/planning-solutions | insightsThoughtLeaderContentType: mobility-global:insights-and-intelligence/insight-and-thought-leader-content-type/market-news-and-updates | insightsThoughtLeaderContentType: mobility-global:insights-and-intelligence/insight-and-thought-leader-content-type/analysis-and-reports | topic: mobility-global:insights-and-intelligence/topic/industry-benchmarks/automotive-industry-forecast-and-analysis | topic: mobility-global:insights-and-intelligence/topic/macro-economic-drivers/automotive-tariffs-and-trade-policy | theme: mobility-global:insights-and-intelligence/theme/automotive-tariffs | regulatoryContext: mobility-global:contextual-variables/regulatory-and-operating-context/regulatory-context/policy | industrySector: mobility-global:contextual-variables/segmentation-and-user-context/industry-or-sector/automotive-oems | audienceRole: mobility-global:contextual-variables/segmentation-and-user-context/audience-role/regulatory-risk-and-policy-roles/government-or-policy-maker | audienceRole: mobility-global:contextual-variables/segmentation-and-user-context/audience-role/oem-and-supplier-roles/oem-strategist ...,,SPGlobal.com returns 403 Forbidden - content cannot be fetched automatically
https://www.spglobal.com/automotive-insights/en/rapid-impact-analysis/us-trade-deals-global-auto-impact,Blog or Automotive Insights,/content/mobility-global/en-us/automotive-insights/rapid-impact-analysis/us-trade-deals-global-auto-impact,us-trade-deals-global-auto-impact,NEW PAGE - STRUCTURE ONLY,Title + taxonomy only (body empty),APPLIED (14 tags),new-pages-content.zip,14,pillars: mobility-global:pillars/planning-solutions | insightsThoughtLeaderContentType: mobility-global:insights-and-intelligence/insight-and-thought-leader-content-type/market-news-and-updates | insightsThoughtLeaderContentType: mobility-global:insights-and-intelligence/insight-and-thought-leader-content-type/analysis-and-reports | topic: mobility-global:insights-and-intelligence/topic/industry-benchmarks/automotive-industry-forecast-and-analysis | topic: mobility-global:insights-and-intelligence/topic/macro-economic-drivers/automotive-tariffs-and-trade-policy | theme: mobility-global:insights-and-intelligence/theme/automotive-tariffs | regulatoryContext: mobility-global:contextual-variables/regulatory-and-operating-context/regulatory-context/policy | industrySector: mobility-global:contextual-variables/segmentation-and-user-context/industry-or-sector/automotive-oems | audienceRole: mobility-global:contextual-variables/segmentation-and-user-context/audience-role/regulatory-risk-and-policy-roles/government-or-policy-maker | audienceRole: mobility-global:contextual-variables/segmentation-and-user-context/audience-role/oem-and-supplier-roles/oem-strategist ...,,SPGlobal.com returns 403 Forbidden - content cannot be fetched automatically
https://www.spglobal.com/mobility/en/Info/0425/the-mobility-paper-technology-evolution-02.html,Blog or Automotive Insights,/content/mobility-global/en-us/Info/0425/the-mobility-paper-technology-evolution-02,the-mobility-paper-technology-evolution-02,EXISTING PAGE,Content already in AEM,APPLIED (7 tags),taxonomy-all-pages.zip,7,pillars: mobility-global:pillars/planning-solutions | insightsThoughtLeaderContentType: mobility-global:insights-and-intelligence/insight-and-thought-leader-content-type/analysis-and-reports | topic: mobility-global:insights-and-intelligence/topic/technology-and-innovation | theme: mobility-global:insights-and-intelligence/theme/future-of-mobility | industrySector: mobility-global:contextual-variables/segmentation-and-user-context/industry-or-sector/automotive-oems | audienceRole: mobility-global:contextual-variables/segmentation-and-user-context/audience-role/oem-and-supplier-roles/product-planner | contentFormat: mobility-global:system-and-structural-tags/content-formats/written-formats/long-form-article,,
https://www.spglobal.com/mobility/en/research-analysis/connectivity-and-ota-updates.html,Blog or Automotive Insights,/content/mobility-global/en-us/research-analysis/connectivity-and-ota-updates,connectivity-and-ota-updates,EXISTING PAGE,Content already in AEM,APPLIED (9 tags),taxonomy-all-pages.zip,9,pillars: mobility-global:pillars/planning-solutions | insightsThoughtLeaderContentType: mobility-global:insights-and-intelligence/insight-and-thought-leader-content-type/analysis-and-reports | topic: mobility-global:insights-and-intelligence/topic/technology-and-innovation/connected-cars-and-vehicles | topic: mobility-global:insights-and-intelligence/topic/technology-and-innovation/software-defined-vehicles-sdv | theme: mobility-global:insights-and-intelligence/theme/software-defined-vehicles | industrySector: mobility-global:contextual-variables/segmentation-and-user-context/industry-or-sector/automotive-oems | audienceRole: mobility-global:contextual-variables/segmentation-and-user-context/audience-role/oem-and-supplier-roles/product-planner | audienceRole: mobility-global:contextual-variables/segmentation-and-user-context/audience-role/oem-and-supplier-roles/technical-specialists | contentFormat: mobility-global:system-and-structural-tags/content-formats/written-formats/short-form-article,,
https://www.spglobal.com/mobility/en/research-analysis/global-ev-demand-raises-concerns-about-battery-cell.html,Blog or Automotive Insights,/content/mobility-global/en-us/research-analysis/global-ev-demand-raises-concerns-about-battery-cell,global-ev-demand-raises-concerns-about-battery-cell,EXISTING PAGE,Content already in AEM,APPLIED (11 tags),taxonomy-all-pages.zip,11,pillars: mobility-global:pillars/planning-solutions | insightsThoughtLeaderContentType: mobility-global:insights-and-intelligence/insight-and-thought-leader-content-type/analysis-and-reports | topic: mobility-global:insights-and-intelligence/topic/electrification/ev-adoption | topic: mobility-global:insights-and-intelligence/topic/electrification/ev-battery-technology | topic: mobility-global:insights-and-intelligence/topic/supply-chain-and-manufacturing/automotive-supply-chain-disruption-and-resilience | theme: mobility-global:insights-and-intelligence/theme/electric-vehicles | industrySector: mobility-global:contextual-variables/segmentation-and-user-context/industry-or-sector/automotive-oems | industrySector: mobility-global:contextual-variables/segmentation-and-user-context/industry-or-sector/automotive-suppliers-and-supply-chain | audienceRole: mobility-global:contextual-variables/segmentation-and-user-context/audience-role/oem-and-supplier-roles/oem-strategist | audienceRole: mobility-global:contextual-variables/segmentation-and-user-context/audience-role/oem-and-supplier-roles/supply-chain-analyst ...,,
https://www.spglobal.com/mobility/en/research-analysis/wealthy-americans-top-car-brands.html,Blog or Automotive Insights,/content/mobility-global/en-us/research-analysis/wealthy-americans-top-car-brands,wealthy-americans-top-car-brands,EXISTING PAGE,Content already in AEM,APPLIED (15 tags),taxonomy-all-pages.zip,15,pillars: mobility-global:pillars/sales-solutions | insightsThoughtLeaderContentType: mobility-global:insights-and-intelligence/insight-and-thought-leader-content-type/analysis-and-reports | insightsThoughtLeaderContentType: mobility-global:insights-and-intelligence/insight-and-thought-leader-content-type/market-news-and-updates | topic: mobility-global:insights-and-intelligence/topic/market-themes-or-analytical-topics/automotive-consumer-demand | topic: mobility-global:insights-and-intelligence/topic/market-themes-or-analytical-topics/consumer-behavior-insights | topic: mobility-global:insights-and-intelligence/topic/market-themes-or-analytical-topics/demographic-trends | theme: mobility-global:insights-and-intelligence/theme/automotive-consumer-trends | industrySector: mobility-global:contextual-variables/segmentation-and-user-context/industry-or-sector/automotive-oems | industrySector: mobility-global:contextual-variables/segmentation-and-user-context/industry-or-sector/automotive-dealers-and-retailers | audienceRole: mobility-global:contextual-variables/segmentation-and-user-context/audience-role/marketing-and-commercial-roles/market-analyst ...,,
https://www.marketscan.com/ebooks/four-essential-topics-to-cover-in-your-saturday-sales-meeting/,Campaign page,/content/mobility-global/en-us/ebooks/four-essential-topics-to-cover-in-your-saturday-sales-meeting,four-essential-topics-to-cover-in-your-saturday-sales-meeting,NOT MIGRATED,Not in scope (campaign/event/other),NOT APPLIED (19 tags in CSV),N/A,19,pillars: mobility-global:pillars/sales-solutions | needStates: mobility-global:need-states/sales-solutions/asses-and-react-to-the-market | needStates: mobility-global:need-states/sales-solutions/inform-and-activate-the-right-offer | productFamily: mobility-global:products-and-platforms/product-families/sales-and-marketing-effectiveness | productFamily: mobility-global:products-and-platforms/product-families/pricing-and-offer-optimization | insightsThoughtLeaderContentType: mobility-global:insights-and-intelligence/insight-and-thought-leader-content-type/analysis-and-reports | topic: mobility-global:insights-and-intelligence/topic/market-themes-or-analytical-topics/dealer-and-retail-trends | theme: mobility-global:insights-and-intelligence/theme/automotive-consumer-trends | industrySector: mobility-global:contextual-variables/segmentation-and-user-context/industry-or-sector/automotive-dealers-and-retailers | audienceRole: mobility-global:contextual-variables/segmentation-and-user-context/audience-role/retail-dealer-aftermarket-roles/dealer-or-retailer ...,,Page type not in automatic migration scope
https://www.marketscan.com/whitepaper-leveraging-data-for-a-competitive-edge-in-automotive-finance/,Campaign page,/content/mobility-global/en-us/whitepaper-leveraging-data-for-a-competitive-edge-in-automotive-finance,whitepaper-leveraging-data-for-a-competitive-edge-in-automotive-finance,NOT MIGRATED,Not in scope (campaign/event/other),NOT APPLIED (20 tags in CSV),N/A,20,pillars: mobility-global:pillars/sales-solutions | needStates: mobility-global:need-states/sales-solutions/find-the-right-customer | productFamily: mobility-global:products-and-platforms/product-families/sales-and-marketing-effectiveness | productCapability: mobility-global:products-and-platforms/product-capabilities/pricing-and-offer-capabilities/pricing-analytics | insightsThoughtLeaderContentType: mobility-global:insights-and-intelligence/insight-and-thought-leader-content-type/analysis-and-reports | topic: mobility-global:insights-and-intelligence/topic/market-themes-or-analytical-topics/dealer-and-retail-trends | topic: mobility-global:insights-and-intelligence/topic/market-themes-or-analytical-topics/pricing-trends | theme: mobility-global:insights-and-intelligence/theme/automotive-consumer-trends | industrySector: mobility-global:contextual-variables/segmentation-and-user-context/industry-or-sector/automotive-dealers-and-retailers | industrySector: mobility-global:contextual-variables/segmentation-and-user-context/industry-or-sector/fleet-management-and-leasing ...,,Page type not in automatic migration scope
https://www.marketscan.com/whitepapers/3-step-guide-competing-dynamic-sales-environment/,Campaign page,/content/mobility-global/en-us/whitepapers/3-step-guide-competing-dynamic-sales-environment,3-step-guide-competing-dynamic-sales-environment,NOT MIGRATED,Not in scope (campaign/event/other),NOT APPLIED (16 tags in CSV),N/A,16,pillars: mobility-global:pillars/sales-solutions | needStates: mobility-global:need-states/sales-solutions/asses-and-react-to-the-market | productFamily: mobility-global:products-and-platforms/product-families/sales-and-marketing-effectiveness | insightsThoughtLeaderContentType: mobility-global:insights-and-intelligence/insight-and-thought-leader-content-type/analysis-and-reports | topic: mobility-global:insights-and-intelligence/topic/market-themes-or-analytical-topics/dealer-and-retail-trends | theme: mobility-global:insights-and-intelligence/theme/automotive-consumer-trends | industrySector: mobility-global:contextual-variables/segmentation-and-user-context/industry-or-sector/automotive-dealers-and-retailers | audienceRole: mobility-global:contextual-variables/segmentation-and-user-context/audience-role/retail-dealer-aftermarket-roles/dealer-or-retailer | workflowStage: mobility-global:system-and-structural-tags/workflow-stage-how-i-do-it/activate-and-execute | contentFormat: mobility-global:system-and-structural-tags/content-formats/written-formats/report-or-whitepaper-pdf ...,,Page type not in automatic migration scope
https://www.marketscan.com/whitepapers/3-steps-simplify-amplify-complex-auto-retail-data-gain-most-value/,Campaign page,/content/mobility-global/en-us/whitepapers/3-steps-simplify-amplify-complex-auto-retail-data-gain-most-value,3-steps-simplify-amplify-complex-auto-retail-data-gain-most-value,NOT MIGRATED,Not in scope (campaign/event/other),NOT APPLIED (16 tags in CSV),N/A,16,pillars: mobility-global:pillars/sales-solutions | needStates: mobility-global:need-states/sales-solutions/asses-and-react-to-the-market | productFamily: mobility-global:products-and-platforms/product-families/sales-and-marketing-effectiveness | insightsThoughtLeaderContentType: mobility-global:insights-and-intelligence/insight-and-thought-leader-content-type/analysis-and-reports | topic: mobility-global:insights-and-intelligence/topic/market-themes-or-analytical-topics/dealer-and-retail-trends | theme: mobility-global:insights-and-intelligence/theme/automotive-consumer-trends | industrySector: mobility-global:contextual-variables/segmentation-and-user-context/industry-or-sector/automotive-dealers-and-retailers | audienceRole: mobility-global:contextual-variables/segmentation-and-user-context/audience-role/retail-dealer-aftermarket-roles/dealer-or-retailer | workflowStage: mobility-global:system-and-structural-tags/workflow-stage-how-i-do-it/activate-and-execute | contentFormat: mobility-global:system-and-structural-tags/content-formats/written-formats/report-or-whitepaper-pdf ...,,Page type not in automatic migration scope
https://www.marketscan.com/whitepapers/3-strategies-for-automotive-lending-in-a-challenging-selling-environment/,Campaign page,/content/mobility-global/en-us/whitepapers/3-strategies-for-automotive-lending-in-a-challenging-selling-environment,3-strategies-for-automotive-lending-in-a-challenging-selling-environment,NOT MIGRATED,Not in scope (campaign/event/other),NOT APPLIED (19 tags in CSV),N/A,19,pillars: mobility-global:pillars/sales-solutions | needStates: mobility-global:need-states/sales-solutions/find-the-right-customer | productFamily: mobility-global:products-and-platforms/product-families/sales-and-marketing-effectiveness | insightsThoughtLeaderContentType: mobility-global:insights-and-intelligence/insight-and-thought-leader-content-type/analysis-and-reports | topic: mobility-global:insights-and-intelligence/topic/market-themes-or-analytical-topics/dealer-and-retail-trends | topic: mobility-global:insights-and-intelligence/topic/market-themes-or-analytical-topics/pricing-trends | theme: mobility-global:insights-and-intelligence/theme/automotive-consumer-trends | industrySector: mobility-global:contextual-variables/segmentation-and-user-context/industry-or-sector/automotive-dealers-and-retailers | industrySector: mobility-global:contextual-variables/segmentation-and-user-context/industry-or-sector/fleet-management-and-leasing | audienceRole: mobility-global:contextual-variables/segmentation-and-user-context/audience-role/retail-dealer-aftermarket-roles/dealer-or-retailer ...,,Page type not in automatic migration scope
https://www.marketscan.com/whitepapers/3-tips-using-most-current-data-inform-automotive-rebate-incentive-initiatives/,Campaign page,/content/mobility-global/en-us/whitepapers/3-tips-using-most-current-data-inform-automotive-rebate-incentive-initiatives,3-tips-using-most-current-data-inform-automotive-rebate-incentive-initiatives,NOT MIGRATED,Not in scope (campaign/event/other),NOT APPLIED (21 tags in CSV),N/A,21,pillars: mobility-global:pillars/sales-solutions | needStates: mobility-global:need-states/sales-solutions/inform-and-activate-the-right-offer | productFamily: mobility-global:products-and-platforms/product-families/pricing-and-offer-optimization | productFamily: mobility-global:products-and-platforms/product-families/sales-and-marketing-effectiveness | productCapability: mobility-global:products-and-platforms/product-capabilities/pricing-and-offer-capabilities/incentive-optimization | insightsThoughtLeaderContentType: mobility-global:insights-and-intelligence/insight-and-thought-leader-content-type/analysis-and-reports | topic: mobility-global:insights-and-intelligence/topic/market-themes-or-analytical-topics/dealer-and-retail-trends | topic: mobility-global:insights-and-intelligence/topic/market-themes-or-analytical-topics/pricing-trends | theme: mobility-global:insights-and-intelligence/theme/automotive-consumer-trends | industrySector: mobility-global:contextual-variables/segmentation-and-user-context/industry-or-sector/automotive-oems ...,,Page type not in automatic migration scope
https://www.marketscan.com/whitepapers/3-ways-to-increase-market-share-as-a-non-captive-lender/,Campaign page,/content/mobility-global/en-us/whitepapers/3-ways-to-increase-market-share-as-a-non-captive-lender,3-ways-to-increase-market-share-as-a-non-captive-lender,NOT MIGRATED,Not in scope (campaign/event/other),NOT APPLIED (18 tags in CSV),N/A,18,pillars: mobility-global:pillars/sales-solutions | needStates: mobility-global:need-states/sales-solutions/find-the-right-customer | productFamily: mobility-global:products-and-platforms/product-families/sales-and-marketing-effectiveness | productCapability: mobility-global:products-and-platforms/product-capabilities/benchmarking-and-market-performance/competitive-benchmarking | insightsThoughtLeaderContentType: mobility-global:insights-and-intelligence/insight-and-thought-leader-content-type/analysis-and-reports | topic: mobility-global:insights-and-intelligence/topic/market-themes-or-analytical-topics/competitive-landscape | theme: mobility-global:insights-and-intelligence/theme/automotive-consumer-trends | industrySector: mobility-global:contextual-variables/segmentation-and-user-context/industry-or-sector/automotive-dealers-and-retailers | industrySector: mobility-global:contextual-variables/segmentation-and-user-context/industry-or-sector/fleet-management-and-leasing | audienceRole: mobility-global:contextual-variables/segmentation-and-user-context/audience-role/fleet-and-commercial-roles/leasing-or-financial-services ...,,Page type not in automatic migration scope
https://www.marketscan.com/whitepapers/5-tips-to-improve-customer-experience-through-precise-transparent-pricing/,Campaign page,/content/mobility-global/en-us/whitepapers/5-tips-to-improve-customer-experience-through-precise-transparent-pricing,5-tips-to-improve-customer-experience-through-precise-transparent-pricing,NOT MIGRATED,Not in scope (campaign/event/other),NOT APPLIED (18 tags in CSV),N/A,18,pillars: mobility-global:pillars/sales-solutions | needStates: mobility-global:need-states/sales-solutions/inform-and-activate-the-right-offer | productFamily: mobility-global:products-and-platforms/product-families/pricing-and-offer-optimization | productCapability: mobility-global:products-and-platforms/product-capabilities/pricing-and-offer-capabilities/pricing-analytics | insightsThoughtLeaderContentType: mobility-global:insights-and-intelligence/insight-and-thought-leader-content-type/analysis-and-reports | topic: mobility-global:insights-and-intelligence/topic/market-themes-or-analytical-topics/dealer-and-retail-trends | topic: mobility-global:insights-and-intelligence/topic/market-themes-or-analytical-topics/pricing-trends | theme: mobility-global:insights-and-intelligence/theme/automotive-consumer-trends | industrySector: mobility-global:contextual-variables/segmentation-and-user-context/industry-or-sector/automotive-dealers-and-retailers | audienceRole: mobility-global:contextual-variables/segmentation-and-user-context/audience-role/retail-dealer-aftermarket-roles/dealer-or-retailer ...,,Page type not in automatic migration scope
https://www.marketscan.com/whitepapers/driving-growth-in-automotive-lending-under-pressure-a-practical-guide/,Campaign page,/content/mobility-global/en-us/whitepapers/driving-growth-in-automotive-lending-under-pressure-a-practical-guide,driving-growth-in-automotive-lending-under-pressure-a-practical-guide,NOT MIGRATED,Not in scope (campaign/event/other),NOT APPLIED (17 tags in CSV),N/A,17,pillars: mobility-global:pillars/sales-solutions | needStates: mobility-global:need-states/sales-solutions/find-the-right-customer | productFamily: mobility-global:products-and-platforms/product-families/sales-and-marketing-effectiveness | insightsThoughtLeaderContentType: mobility-global:insights-and-intelligence/insight-and-thought-leader-content-type/analysis-and-reports | topic: mobility-global:insights-and-intelligence/topic/market-themes-or-analytical-topics/dealer-and-retail-trends | theme: mobility-global:insights-and-intelligence/theme/automotive-consumer-trends | industrySector: mobility-global:contextual-variables/segmentation-and-user-context/industry-or-sector/automotive-dealers-and-retailers | industrySector: mobility-global:contextual-variables/segmentation-and-user-context/industry-or-sector/fleet-management-and-leasing | audienceRole: mobility-global:contextual-variables/segmentation-and-user-context/audience-role/fleet-and-commercial-roles/leasing-or-financial-services | workflowStage: mobility-global:system-and-structural-tags/workflow-stage-how-i-do-it/activate-and-execute ...,,Page type not in automatic migration scope
https://www.marketscan.com/whitepapers/four-questions-oems-should-consider-before-adjusting-ev-pricing/,Campaign page,/content/mobility-global/en-us/whitepapers/four-questions-oems-should-consider-before-adjusting-ev-pricing,four-questions-oems-should-consider-before-adjusting-ev-pricing,NOT MIGRATED,Not in scope (campaign/event/other),NOT APPLIED (22 tags in CSV),N/A,22,pillars: mobility-global:pillars/sales-solutions | needStates: mobility-global:need-states/sales-solutions/inform-and-activate-the-right-offer | productFamily: mobility-global:products-and-platforms/product-families/pricing-and-offer-optimization | productFamily: mobility-global:products-and-platforms/product-families/technology-and-electrification-intelligence | productCapability: mobility-global:products-and-platforms/product-capabilities/pricing-and-offer-capabilities/pricing-analytics | productCapability: mobility-global:products-and-platforms/product-capabilities/pricing-and-offer-capabilities/incentive-optimization | insightsThoughtLeaderContentType: mobility-global:insights-and-intelligence/insight-and-thought-leader-content-type/analysis-and-reports | topic: mobility-global:insights-and-intelligence/topic/market-themes-or-analytical-topics/pricing-trends | topic: mobility-global:insights-and-intelligence/topic/electrification/ev-adoption | theme: mobility-global:insights-and-intelligence/theme/electric-vehicles ...,,Page type not in automatic migration scope
https://www.marketscan.com/whitepapers/four-strategies-for-dealerships-facing-low-lease-returns/,Campaign page,/content/mobility-global/en-us/whitepapers/four-strategies-for-dealerships-facing-low-lease-returns,four-strategies-for-dealerships-facing-low-lease-returns,NOT MIGRATED,Not in scope (campaign/event/other),NOT APPLIED (17 tags in CSV),N/A,17,pillars: mobility-global:pillars/sales-solutions | needStates: mobility-global:need-states/sales-solutions/asses-and-react-to-the-market | productFamily: mobility-global:products-and-platforms/product-families/sales-and-marketing-effectiveness | productFamily: mobility-global:products-and-platforms/product-families/loyalty | insightsThoughtLeaderContentType: mobility-global:insights-and-intelligence/insight-and-thought-leader-content-type/analysis-and-reports | topic: mobility-global:insights-and-intelligence/topic/market-themes-or-analytical-topics/dealer-and-retail-trends | theme: mobility-global:insights-and-intelligence/theme/automotive-consumer-trends | industrySector: mobility-global:contextual-variables/segmentation-and-user-context/industry-or-sector/automotive-dealers-and-retailers | audienceRole: mobility-global:contextual-variables/segmentation-and-user-context/audience-role/retail-dealer-aftermarket-roles/dealer-or-retailer | workflowStage: mobility-global:system-and-structural-tags/workflow-stage-how-i-do-it/activate-and-execute ...,,Page type not in automatic migration scope
https://www.marketscan.com/whitepapers/using-a-single-data-partner-to-strengthen-incentive-strategy/,Campaign page,/content/mobility-global/en-us/whitepapers/using-a-single-data-partner-to-strengthen-incentive-strategy,using-a-single-data-partner-to-strengthen-incentive-strategy,NOT MIGRATED,Not in scope (campaign/event/other),NOT APPLIED (21 tags in CSV),N/A,21,pillars: mobility-global:pillars/sales-solutions | needStates: mobility-global:need-states/sales-solutions/inform-and-activate-the-right-offer | productFamily: mobility-global:products-and-platforms/product-families/pricing-and-offer-optimization | productFamily: mobility-global:products-and-platforms/product-families/sales-and-marketing-effectiveness | productCapability: mobility-global:products-and-platforms/product-capabilities/pricing-and-offer-capabilities/incentive-optimization | insightsThoughtLeaderContentType: mobility-global:insights-and-intelligence/insight-and-thought-leader-content-type/analysis-and-reports | topic: mobility-global:insights-and-intelligence/topic/market-themes-or-analytical-topics/pricing-trends | topic: mobility-global:insights-and-intelligence/topic/market-themes-or-analytical-topics/dealer-and-retail-trends | theme: mobility-global:insights-and-intelligence/topic/industry-benchmarks/automotive-industry-forecast-and-analysis | industrySector: mobility-global:contextual-variables/segmentation-and-user-context/industry-or-sector/automotive-oems ...,,Page type not in automatic migration scope
https://www.spglobal.com/automotive-insights/en/forms/sdv-readiness-forecast-data-sample,Campaign page,/content/mobility-global/en-us/automotive-insights/forms/sdv-readiness-forecast-data-sample,sdv-readiness-forecast-data-sample,EXISTING PAGE,Content already in AEM,APPLIED (13 tags),taxonomy-all-pages.zip,13,pillars: mobility-global:pillars/planning-solutions | needStates: mobility-global:need-states/planning-solutions/plan-your-future-vehicle | productFamily: mobility-global:products-and-platforms/product-families/technology-and-electrification-intelligence | productCapability: mobility-global:products-and-platforms/product-capabilities/forecasting-and-modeling-capabilities/technology-and-feature-forecasting | insightsThoughtLeaderContentType: mobility-global:insights-and-intelligence/insight-and-thought-leader-content-type/data-and-forecasts | topic: mobility-global:insights-and-intelligence/topic/technology-and-innovation/software-defined-vehicles-sdv | theme: mobility-global:insights-and-intelligence/theme/software-defined-vehicles | industrySector: mobility-global:contextual-variables/segmentation-and-user-context/industry-or-sector/automotive-oems | audienceRole: mobility-global:contextual-variables/segmentation-and-user-context/audience-role/oem-and-supplier-roles/product-planner | audienceRole: mobility-global:contextual-variables/segmentation-and-user-context/audience-role/oem-and-supplier-roles/technical-specialists ...,,
https://www.spglobal.com/automotive-insights/en/forms/whitepaper-forms/2026-automotive-supplier-outlook-whitepaper,Campaign page,/content/mobility-global/en-us/automotive-insights/forms/whitepaper-forms/2026-automotive-supplier-outlook-whitepaper,2026-automotive-supplier-outlook-whitepaper,NOT MIGRATED,Not in scope (campaign/event/other),NOT APPLIED (15 tags in CSV),N/A,15,pillars: mobility-global:pillars/planning-solutions | needStates: mobility-global:need-states/planning-solutions/manage-the-supply-chain | needStates: mobility-global:need-states/sales-solutions/asses-and-react-to-the-market | productCapability: mobility-global:products-and-platforms/product-capabilities/technology-supply-chain-and-sustainability/supplier-and-component-analysis | productCapability: mobility-global:products-and-platforms/product-capabilities/benchmarking-and-market-performance/market-trend-and-performance-analysis | insightsThoughtLeaderContentType: mobility-global:insights-and-intelligence/insight-and-thought-leader-content-type/analysis-and-reports | topic: mobility-global:insights-and-intelligence/topic/supply-chain-and-manufacturing/automotive-supply-chain-disruption-and-resilience | theme: mobility-global:insights-and-intelligence/theme/automotive-supply-chain | theme: mobility-global:insights-and-intelligence/theme/supply-chain-resilience | industrySector: mobility-global:contextual-variables/segmentation-and-user-context/industry-or-sector/automotive-suppliers-and-supply-chain ...,,Page type not in automatic migration scope
https://www.spglobal.com/automotive-insights/en/forms/whitepaper-forms/construction-upfitters-hotspots-2026,Campaign page,/content/mobility-global/en-us/automotive-insights/forms/whitepaper-forms/construction-upfitters-hotspots-2026,construction-upfitters-hotspots-2026,NOT MIGRATED,Not in scope (campaign/event/other),NOT APPLIED (19 tags in CSV),N/A,19,pillars: mobility-global:pillars/planning-solutions | needStates: mobility-global:need-states/planning-solutions/target-business-opportunities | productFamily: mobility-global:products-and-platforms/product-families/forecasting-and-planning | productCapability: mobility-global:products-and-platforms/product-capabilities/forecasting-and-modeling-capabilities/market-and-sales-forecasting | insightsThoughtLeaderContentType: mobility-global:insights-and-intelligence/insight-and-thought-leader-content-type/analysis-and-reports | topic: mobility-global:insights-and-intelligence/topic/industry-benchmarks/automotive-industry-forecast-and-analysis | theme: mobility-global:insights-and-intelligence/topic/industry-benchmarks/automotive-industry-forecast-and-analysis | theme: mobility-global:insights-and-intelligence/theme/commercial-vehicle-market | vehicleTypeSegment: mobility-global:contextual-variables/segmentation-and-user-context/vehicle-type-or-segment/commercial-vehicles | vehicleTypeSegment: mobility-global:contextual-variables/segmentation-and-user-context/vehicle-type-or-segment/specialty-vehicles ...,,Page type not in automatic migration scope
https://www.spglobal.com/automotive-insights/en/forms/whitepaper-forms/end-of-life-vehicles-directive-guidance-for-oems,Campaign page,/content/mobility-global/en-us/automotive-insights/forms/whitepaper-forms/end-of-life-vehicles-directive-guidance-for-oems,end-of-life-vehicles-directive-guidance-for-oems,NOT MIGRATED,Not in scope (campaign/event/other),NOT APPLIED (20 tags in CSV),N/A,20,pillars: mobility-global:pillars/planning-solutions | needStates: mobility-global:need-states/planning-solutions/manage-the-supply-chain | productFamily: mobility-global:products-and-platforms/product-families/risk-and-compliance-management | productCapability: mobility-global:products-and-platforms/product-capabilities/risk-compliance-and-validation/compliance-verification | insightsThoughtLeaderContentType: mobility-global:insights-and-intelligence/insight-and-thought-leader-content-type/analysis-and-reports | topic: mobility-global:insights-and-intelligence/topic/risk-safety-and-compliance/regulations-and-compliance | topic: mobility-global:insights-and-intelligence/topic/sustainability-and-esg/automotive-sustainability-and-esg | topic: mobility-global:insights-and-intelligence/topic/sustainability-and-esg/vehicle-residual-value-and-lifecycle-impact | theme: mobility-global:insights-and-intelligence/theme/automotive-sustainability | regulatoryContext: mobility-global:contextual-variables/regulatory-and-operating-context/regulatory-context ...,,Page type not in automatic migration scope
https://www.spglobal.com/automotive-insights/en/forms/whitepaper-forms/ev-revolution-europe-automotive-industry,Campaign page,/content/mobility-global/en-us/automotive-insights/forms/whitepaper-forms/ev-revolution-europe-automotive-industry,ev-revolution-europe-automotive-industry,NOT MIGRATED,Not in scope (campaign/event/other),NOT APPLIED (21 tags in CSV),N/A,21,pillars: mobility-global:pillars/planning-solutions | needStates: mobility-global:need-states/planning-solutions/plan-the-market | needStates: mobility-global:need-states/planning-solutions/plan-your-future-vehicle | productFamily: mobility-global:products-and-platforms/product-families/technology-and-electrification-intelligence | productCapability: mobility-global:products-and-platforms/product-capabilities/forecasting-and-modeling-capabilities/ev-and-electrification-forecasting | productCapability: mobility-global:products-and-platforms/product-capabilities/technology-supply-chain-and-sustainability/charging-and-infrastructure-analysis | insightsThoughtLeaderContentType: mobility-global:insights-and-intelligence/insight-and-thought-leader-content-type/analysis-and-reports | topic: mobility-global:insights-and-intelligence/topic/electrification/ev-adoption | topic: mobility-global:insights-and-intelligence/topic/market-themes-or-analytical-topics/global-automotive-markets | theme: mobility-global:insights-and-intelligence/theme/electric-vehicles ...,,Page type not in automatic migration scope
https://www.spglobal.com/automotive-insights/en/forms/whitepaper-forms/how-electric-vehicles-are-reshaping-component-sourcing,Campaign page,/content/mobility-global/en-us/automotive-insights/forms/whitepaper-forms/how-electric-vehicles-are-reshaping-component-sourcing,how-electric-vehicles-are-reshaping-component-sourcing,NOT MIGRATED,Not in scope (campaign/event/other),NOT APPLIED (18 tags in CSV),N/A,18,pillars: mobility-global:pillars/planning-solutions | needStates: mobility-global:need-states/planning-solutions/manage-the-supply-chain | productFamily: mobility-global:products-and-platforms/product-families/technology-and-electrification-intelligence | productCapability: mobility-global:products-and-platforms/product-capabilities/technology-supply-chain-and-sustainability/supplier-and-component-analysis | insightsThoughtLeaderContentType: mobility-global:insights-and-intelligence/insight-and-thought-leader-content-type/analysis-and-reports | topic: mobility-global:insights-and-intelligence/topic/supply-chain-and-manufacturing/automotive-supply-chain-disruption-and-resilience | theme: mobility-global:insights-and-intelligence/theme/automotive-supply-chain | theme: mobility-global:insights-and-intelligence/theme/supply-chain-resilience | theme: mobility-global:insights-and-intelligence/theme/electric-vehicles | vehicleTypeSegment: mobility-global:contextual-variables/segmentation-and-user-context/vehicle-type-or-segment/electric-vehicles-evs ...,,Page type not in automatic migration scope
https://www.spglobal.com/automotive-insights/en/forms/whitepaper-forms/how-oems-are-responding-tariff-effects-us-market,Campaign page,/content/mobility-global/en-us/automotive-insights/forms/whitepaper-forms/how-oems-are-responding-tariff-effects-us-market,how-oems-are-responding-tariff-effects-us-market,NOT MIGRATED,Not in scope (campaign/event/other),NOT APPLIED (24 tags in CSV),N/A,24,pillars: mobility-global:pillars/planning-solutions | needStates: mobility-global:need-states/planning-solutions/plan-the-market | productFamily: mobility-global:products-and-platforms/product-families/forecasting-and-planning | productCapability: mobility-global:products-and-platforms/product-capabilities/forecasting-and-modeling-capabilities/scenario-planning | productCapability: mobility-global:products-and-platforms/product-capabilities/forecasting-and-modeling-capabilities/market-demand-modeling | insightsThoughtLeaderContentType: mobility-global:insights-and-intelligence/insight-and-thought-leader-content-type/analysis-and-reports | topic: mobility-global:insights-and-intelligence/topic/market-themes-or-analytical-topics/market-volatility-trends | topic: mobility-global:insights-and-intelligence/topic/macro-economic-drivers/automotive-tariffs-and-trade-policy | topic: mobility-global:insights-and-intelligence/topic/macro-economic-drivers | topic: mobility-global:insights-and-intelligence/topic/market-themes-or-analytical-topics/pricing-trends ...,,Page type not in automatic migration scope
https://www.spglobal.com/automotive-insights/en/forms/whitepaper-forms/leveraging-data-analytics-automotive-finance,Campaign page,/content/mobility-global/en-us/automotive-insights/forms/whitepaper-forms/leveraging-data-analytics-automotive-finance,leveraging-data-analytics-automotive-finance,NOT MIGRATED,Not in scope (campaign/event/other),NOT APPLIED (14 tags in CSV),N/A,14,pillars: mobility-global:pillars/sales-solutions | needStates: mobility-global:need-states/sales-solutions/find-the-right-customer | productFamily: mobility-global:products-and-platforms/product-families/sales-and-marketing-effectiveness | productFamily: mobility-global:products-and-platforms/product-families/loyalty | productCapability: mobility-global:products-and-platforms/product-capabilities/vehicle-lifecycle-and-aftermarket-intelligence/credit-and-lending-trends | productCapability: mobility-global:products-and-platforms/product-capabilities/marketing-audiences-and-loyalty/customer-1pd-data-cleansing-and-enrichment | insightsThoughtLeaderContentType: mobility-global:insights-and-intelligence/insight-and-thought-leader-content-type/analysis-and-reports | theme: mobility-global:insights-and-intelligence/topic/industry-benchmarks/automotive-industry-forecast-and-analysis | industrySector: mobility-global:contextual-variables/segmentation-and-user-context/industry-or-sector/fleet-management-and-leasing | audienceRole: mobility-global:contextual-variables/segmentation-and-user-context/audience-role/fleet-and-commercial-roles/leasing-or-financial-services ...,,Page type not in automatic migration scope
https://www.spglobal.com/automotive-insights/en/forms/whitepaper-forms/light-vehicle-demand-outlook-2026,Campaign page,/content/mobility-global/en-us/automotive-insights/forms/whitepaper-forms/light-vehicle-demand-outlook-2026,light-vehicle-demand-outlook-2026,NOT MIGRATED,Not in scope (campaign/event/other),NOT APPLIED (20 tags in CSV),N/A,20,pillars: mobility-global:pillars/planning-solutions | needStates: mobility-global:need-states/planning-solutions/plan-the-market | productFamily: mobility-global:products-and-platforms/product-families/forecasting-and-planning | productCapability: mobility-global:products-and-platforms/product-capabilities/forecasting-and-modeling-capabilities/market-and-sales-forecasting | productCapability: mobility-global:products-and-platforms/product-capabilities/forecasting-and-modeling-capabilities/market-demand-modeling | insightsThoughtLeaderContentType: mobility-global:insights-and-intelligence/insight-and-thought-leader-content-type/analysis-and-reports | topic: mobility-global:insights-and-intelligence/topic/market-themes-or-analytical-topics/automotive-consumer-demand | topic: mobility-global:insights-and-intelligence/topic/industry-benchmarks/automotive-industry-forecast-and-analysis | theme: mobility-global:insights-and-intelligence/topic/industry-benchmarks/automotive-industry-forecast-and-analysis | vehicleTypeSegment: mobility-global:contextual-variables/segmentation-and-user-context/vehicle-type-or-segment/light-vehicles ...,,Page type not in automatic migration scope
https://www.spglobal.com/automotive-insights/en/forms/whitepaper-forms/light-vehicle-production-outlook-2026,Campaign page,/content/mobility-global/en-us/automotive-insights/forms/whitepaper-forms/light-vehicle-production-outlook-2026,light-vehicle-production-outlook-2026,NOT MIGRATED,Not in scope (campaign/event/other),NOT APPLIED (22 tags in CSV),N/A,22,pillars: mobility-global:pillars/planning-solutions | needStates: mobility-global:need-states/planning-solutions/plan-the-market | needStates: mobility-global:need-states/planning-solutions/plan-your-future-vehicle | productFamily: mobility-global:products-and-platforms/product-families/forecasting-and-planning | productCapability: mobility-global:products-and-platforms/product-capabilities/forecasting-and-modeling-capabilities/production-forecasting | productCapability: mobility-global:products-and-platforms/product-capabilities/forecasting-and-modeling-capabilities/market-and-sales-forecasting | insightsThoughtLeaderContentType: mobility-global:insights-and-intelligence/insight-and-thought-leader-content-type/analysis-and-reports | topic: mobility-global:insights-and-intelligence/topic/industry-benchmarks/automotive-industry-forecast-and-analysis | topic: mobility-global:insights-and-intelligence/topic/industry-benchmarks/vehicle-production-forecasts | theme: mobility-global:insights-and-intelligence/topic/industry-benchmarks/automotive-industry-forecast-and-analysis ...,,Page type not in automatic migration scope
https://www.spglobal.com/automotive-insights/en/forms/whitepaper-forms/megatrends-for-north-american-automakers-to-watch-in-2026,Campaign page,/content/mobility-global/en-us/automotive-insights/forms/whitepaper-forms/megatrends-for-north-american-automakers-to-watch-in-2026,megatrends-for-north-american-automakers-to-watch-in-2026,NOT MIGRATED,Not in scope (campaign/event/other),NOT APPLIED (23 tags in CSV),N/A,23,pillars: mobility-global:pillars/planning-solutions | needStates: mobility-global:need-states/planning-solutions/plan-the-market | needStates: mobility-global:need-states/planning-solutions/target-business-opportunities | productFamily: mobility-global:products-and-platforms/product-families/forecasting-and-planning | insightsThoughtLeaderContentType: mobility-global:insights-and-intelligence/insight-and-thought-leader-content-type/analysis-and-reports | topic: mobility-global:insights-and-intelligence/topic/industry-benchmarks/automotive-industry-forecast-and-analysis | theme: mobility-global:insights-and-intelligence/topic/industry-benchmarks/automotive-industry-forecast-and-analysis | vehicleTypeSegment: mobility-global:contextual-variables/segmentation-and-user-context/vehicle-type-or-segment/light-vehicles | industrySector: mobility-global:contextual-variables/segmentation-and-user-context/industry-or-sector/automotive-oems | audienceRole: mobility-global:contextual-variables/segmentation-and-user-context/audience-role/oem-and-supplier-roles/oem-strategist ...,,Page type not in automatic migration scope
https://www.spglobal.com/automotive-insights/en/forms/whitepaper-forms/real-world-scenario-planning-for-oem-agility,Campaign page,/content/mobility-global/en-us/automotive-insights/forms/whitepaper-forms/real-world-scenario-planning-for-oem-agility,real-world-scenario-planning-for-oem-agility,NOT MIGRATED,Not in scope (campaign/event/other),NOT APPLIED (17 tags in CSV),N/A,17,pillars: mobility-global:pillars/planning-solutions | needStates: mobility-global:need-states/planning-solutions/plan-the-market | needStates: mobility-global:need-states/planning-solutions/plan-your-future-vehicle | productFamily: mobility-global:products-and-platforms/product-families/forecasting-and-planning | productCapability: mobility-global:products-and-platforms/product-capabilities/forecasting-and-modeling-capabilities/scenario-planning | insightsThoughtLeaderContentType: mobility-global:insights-and-intelligence/insight-and-thought-leader-content-type/analysis-and-reports | topic: mobility-global:insights-and-intelligence/topic/market-themes-or-analytical-topics/market-volatility-trends | topic: mobility-global:insights-and-intelligence/topic/industry-benchmarks/automotive-industry-forecast-and-analysis | theme: mobility-global:insights-and-intelligence/topic/industry-benchmarks/automotive-industry-forecast-and-analysis | theme: mobility-global:insights-and-intelligence/theme/scenario-planning-insights ...,,Page type not in automatic migration scope
https://www.spglobal.com/automotive-insights/en/forms/whitepaper-forms/reinventing-the-truck-report,Campaign page,/content/mobility-global/en-us/automotive-insights/forms/whitepaper-forms/reinventing-the-truck-report,reinventing-the-truck-report,NOT MIGRATED,Not in scope (campaign/event/other),NOT APPLIED (18 tags in CSV),N/A,18,pillars: mobility-global:pillars/planning-solutions | needStates: mobility-global:need-states/planning-solutions/plan-your-future-vehicle | productFamily: mobility-global:products-and-platforms/product-families/technology-and-electrification-intelligence | productFamily: mobility-global:products-and-platforms/product-families/forecasting-and-planning | productCapability: mobility-global:products-and-platforms/product-capabilities/forecasting-and-modeling-capabilities/ev-and-electrification-forecasting | productCapability: mobility-global:products-and-platforms/product-capabilities/forecasting-and-modeling-capabilities/powertrain-and-propulsion-forecasting | insightsThoughtLeaderContentType: mobility-global:insights-and-intelligence/insight-and-thought-leader-content-type/analysis-and-reports | theme: mobility-global:insights-and-intelligence/theme/commercial-vehicle-market | vehicleTypeSegment: mobility-global:contextual-variables/segmentation-and-user-context/vehicle-type-or-segment/commercial-vehicles | vehicleTypeSegment: mobility-global:contextual-variables/segmentation-and-user-context/vehicle-type-or-segment/heavy-duty-trucks ...,,Page type not in automatic migration scope
https://www.spglobal.com/automotive-insights/en/forms/whitepaper-forms/whitepaper-automotive-supply-chain-resilience,Campaign page,/content/mobility-global/en-us/automotive-insights/forms/whitepaper-forms/whitepaper-automotive-supply-chain-resilience,whitepaper-automotive-supply-chain-resilience,NOT MIGRATED,Not in scope (campaign/event/other),NOT APPLIED (17 tags in CSV),N/A,17,pillars: mobility-global:pillars/planning-solutions | needStates: mobility-global:need-states/planning-solutions/manage-the-supply-chain | productFamily: mobility-global:products-and-platforms/product-families/technology-and-electrification-intelligence | productCapability: mobility-global:products-and-platforms/product-capabilities/technology-supply-chain-and-sustainability/supplier-and-component-analysis | productCapability: mobility-global:products-and-platforms/product-capabilities/technology-supply-chain-and-sustainability/sustainability-and-esg-analytics | insightsThoughtLeaderContentType: mobility-global:insights-and-intelligence/insight-and-thought-leader-content-type/analysis-and-reports | topic: mobility-global:insights-and-intelligence/topic/supply-chain-and-manufacturing/automotive-supply-chain-disruption-and-resilience | topic: mobility-global:insights-and-intelligence/topic/supply-chain-and-manufacturing/automotive-supply-chain-risk-management | theme: mobility-global:insights-and-intelligence/theme/automotive-supply-chain | theme: mobility-global:insights-and-intelligence/theme/supply-chain-resilience ...,,Page type not in automatic migration scope
https://www.spglobal.com/automotive-insights/en/forms/whitepaper-forms/whitepaper-driving-transparency-scope-3-category-11-emissions-disclosures,Campaign page,/content/mobility-global/en-us/automotive-insights/forms/whitepaper-forms/whitepaper-driving-transparency-scope-3-category-11-emissions-disclosures,whitepaper-driving-transparency-scope-3-category-11-emissions-disclosures,NOT MIGRATED,Not in scope (campaign/event/other),NOT APPLIED (21 tags in CSV),N/A,21,pillars: mobility-global:pillars/planning-solutions | needStates: mobility-global:need-states/planning-solutions/manage-the-supply-chain | productFamily: mobility-global:products-and-platforms/product-families/technology-and-electrification-intelligence | productCapability: mobility-global:products-and-platforms/product-capabilities/technology-supply-chain-and-sustainability/sustainability-and-esg-analytics | insightsThoughtLeaderContentType: mobility-global:insights-and-intelligence/insight-and-thought-leader-content-type/analysis-and-reports | topic: mobility-global:insights-and-intelligence/topic/sustainability-and-esg/co2-and-fuel-economy-modeling | topic: mobility-global:insights-and-intelligence/topic/risk-safety-and-compliance/regulations-and-compliance | topic: mobility-global:insights-and-intelligence/topic/sustainability-and-esg/automotive-sustainability-and-esg | theme: mobility-global:insights-and-intelligence/theme/automotive-sustainability | regulatoryContext: mobility-global:contextual-variables/regulatory-and-operating-context/regulatory-context ...,,Page type not in automatic migration scope
https://www.spglobal.com/automotive-insights/en/forms/whitepaper-forms/whitepaper-future-of-carmarkers-procurement,Campaign page,/content/mobility-global/en-us/automotive-insights/forms/whitepaper-forms/whitepaper-future-of-carmarkers-procurement,whitepaper-future-of-carmarkers-procurement,NOT MIGRATED,Not in scope (campaign/event/other),NOT APPLIED (19 tags in CSV),N/A,19,pillars: mobility-global:pillars/planning-solutions | needStates: mobility-global:need-states/planning-solutions/manage-the-supply-chain | productFamily: mobility-global:products-and-platforms/product-families/technology-and-electrification-intelligence | productFamily: mobility-global:products-and-platforms/product-families/forecasting-and-planning | productCapability: mobility-global:products-and-platforms/product-capabilities/technology-supply-chain-and-sustainability/supplier-and-component-analysis | insightsThoughtLeaderContentType: mobility-global:insights-and-intelligence/insight-and-thought-leader-content-type/analysis-and-reports | topic: mobility-global:insights-and-intelligence/topic/supply-chain-and-manufacturing/automotive-supply-chain-disruption-and-resilience | topic: mobility-global:insights-and-intelligence/topic/supply-chain-and-manufacturing/automotive-supply-chain-risk-management | theme: mobility-global:insights-and-intelligence/theme/automotive-supply-chain | theme: mobility-global:insights-and-intelligence/theme/supply-chain-resilience ...,,Page type not in automatic migration scope
https://www.spglobal.com/automotive-insights/en/navigate-tariffs-winning-automotive-strategies,Campaign page,/content/mobility-global/en-us/automotive-insights/navigate-tariffs-winning-automotive-strategies,navigate-tariffs-winning-automotive-strategies,NOT MIGRATED,Not in scope (campaign/event/other),NOT APPLIED (21 tags in CSV),N/A,21,pillars: mobility-global:pillars/planning-solutions | needStates: mobility-global:need-states/planning-solutions/plan-the-market | productFamily: mobility-global:products-and-platforms/product-families/forecasting-and-planning | productCapability: mobility-global:products-and-platforms/product-capabilities/forecasting-and-modeling-capabilities/scenario-planning | insightsThoughtLeaderContentType: mobility-global:insights-and-intelligence/insight-and-thought-leader-content-type/analysis-and-reports | insightsThoughtLeaderContentType: mobility-global:insights-and-intelligence/insight-and-thought-leader-content-type/case-studies | topic: mobility-global:insights-and-intelligence/topic/market-themes-or-analytical-topics/market-volatility-trends | topic: mobility-global:insights-and-intelligence/topic/macro-economic-drivers/automotive-tariffs-and-trade-policy | topic: mobility-global:insights-and-intelligence/topic/macro-economic-drivers | theme: mobility-global:insights-and-intelligence/theme/automotive-tariffs ...,,Page type not in automatic migration scope
https://www.spglobal.com/automotive-insights/en/data/automotive-carbon-accounting-downstream,Data sample,/content/mobility-global/en-us/automotive-insights/data/automotive-carbon-accounting-downstream,automotive-carbon-accounting-downstream,EXISTING PAGE,Content already in AEM,APPLIED (15 tags),taxonomy-all-pages.zip,15,pillars: mobility-global:pillars/planning-solutions | needStates: mobility-global:need-states/planning-solutions/target-business-opportunities | productFamily: mobility-global:products-and-platforms/product-families/services-and-advisory | productCapability: mobility-global:products-and-platforms/product-capabilities/technology-supply-chain-and-sustainability/sustainability-and-esg-analytics | platforms: mobility-global:products-and-platforms/platforms/analytics-platform | servicesAdvisory: mobility-global:products-and-platforms/services-and-advisory/compliance-advisory | regulatoryContext: mobility-global:contextual-variables/regulatory-and-operating-context/regulatory-context/emissions-standards | vehicleTypeSegment: mobility-global:contextual-variables/segmentation-and-user-context/vehicle-type-or-segment/light-vehicles | industrySector: mobility-global:contextual-variables/segmentation-and-user-context/industry-or-sector/automotive-oems | audienceRole: mobility-global:contextual-variables/segmentation-and-user-context/audience-role/oem-and-supplier-roles/oem-strategist ...,,
https://www.spglobal.com/automotive-insights/en/data/automotive-customer-loyalty-and-conquest-analytics,Data sample,/content/mobility-global/en-us/automotive-insights/data/automotive-customer-loyalty-and-conquest-analytics,automotive-customer-loyalty-and-conquest-analytics,EXISTING PAGE,Content already in AEM,APPLIED (14 tags),taxonomy-all-pages.zip,14,pillars: mobility-global:pillars/sales-solutions | needStates: mobility-global:need-states/sales-solutions/find-the-right-customer | productFamily: mobility-global:products-and-platforms/product-families/loyalty | productFamily: mobility-global:products-and-platforms/product-families/consumer-and-audience-intelligence | productCapability: mobility-global:products-and-platforms/product-capabilities/marketing-audiences-and-loyalty/customer-loyalty-and-retention-analysis | productCapability: mobility-global:products-and-platforms/product-capabilities/benchmarking-and-market-performance/return-to-market-analysis | vehicleTypeSegment: mobility-global:contextual-variables/segmentation-and-user-context/vehicle-type-or-segment/light-vehicles | industrySector: mobility-global:contextual-variables/segmentation-and-user-context/industry-or-sector/automotive-oems | industrySector: mobility-global:contextual-variables/segmentation-and-user-context/industry-or-sector/automotive-dealers-and-retailers | audienceRole: mobility-global:contextual-variables/segmentation-and-user-context/audience-role/marketing-and-commercial-roles/market-analyst ...,,
https://www.spglobal.com/automotive-insights/en/data/e-mobility-technology-module,Data sample,/content/mobility-global/en-us/automotive-insights/data/e-mobility-technology-module,e-mobility-technology-module,EXISTING PAGE,Content already in AEM,APPLIED (13 tags),taxonomy-all-pages.zip,13,pillars: mobility-global:pillars/planning-solutions | needStates: mobility-global:need-states/planning-solutions/plan-your-future-vehicle | productFamily: mobility-global:products-and-platforms/product-families/technology-and-electrification-intelligence | productCapability: mobility-global:products-and-platforms/product-capabilities/forecasting-and-modeling-capabilities/technology-and-feature-forecasting | productCapability: mobility-global:products-and-platforms/product-capabilities/forecasting-and-modeling-capabilities/ev-and-electrification-forecasting | productCapability: mobility-global:products-and-platforms/product-capabilities/forecasting-and-modeling-capabilities/component-forecasts | vehicleTypeSegment: mobility-global:contextual-variables/segmentation-and-user-context/vehicle-type-or-segment/electric-vehicles-evs | industrySector: mobility-global:contextual-variables/segmentation-and-user-context/industry-or-sector/automotive-oems | industrySector: mobility-global:contextual-variables/segmentation-and-user-context/industry-or-sector/automotive-suppliers-and-supply-chain | audienceRole: mobility-global:contextual-variables/segmentation-and-user-context/audience-role/oem-and-supplier-roles/product-planner ...,,
https://www.spglobal.com/automotive-insights/en/data/hybrid-and-ev-market-trends-dashboard,Data sample,/content/mobility-global/en-us/automotive-insights/data/hybrid-and-ev-market-trends-dashboard,hybrid-and-ev-market-trends-dashboard,EXISTING PAGE,Content already in AEM,APPLIED (11 tags),taxonomy-all-pages.zip,11,pillars: mobility-global:pillars/planning-solutions | needStates: mobility-global:need-states/planning-solutions/plan-the-market | productFamily: mobility-global:products-and-platforms/product-families/benchmarking-and-market-performance | productCapability: mobility-global:products-and-platforms/product-capabilities/benchmarking-and-market-performance/market-trend-and-performance-analysis | productCapability: mobility-global:products-and-platforms/product-capabilities/benchmarking-and-market-performance/share-and-mix-analysis | vehicleTypeSegment: mobility-global:contextual-variables/segmentation-and-user-context/vehicle-type-or-segment/electric-vehicles-evs | vehicleTypeSegment: mobility-global:contextual-variables/segmentation-and-user-context/vehicle-type-or-segment/hybrid-vehicles | industrySector: mobility-global:contextual-variables/segmentation-and-user-context/industry-or-sector/automotive-oems | audienceRole: mobility-global:contextual-variables/segmentation-and-user-context/audience-role/marketing-and-commercial-roles/market-analyst | workflowStage: mobility-global:system-and-structural-tags/workflow-stage-how-i-do-it/diagnose-and-compare ...,,
https://www.spglobal.com/automotive-insights/en/data/light-vehicle-electric-propulsion-system-forecast,Data sample,/content/mobility-global/en-us/automotive-insights/data/light-vehicle-electric-propulsion-system-forecast,light-vehicle-electric-propulsion-system-forecast,EXISTING PAGE,Content already in AEM,APPLIED (13 tags),taxonomy-all-pages.zip,13,pillars: mobility-global:pillars/planning-solutions | needStates: mobility-global:need-states/planning-solutions/plan-your-future-vehicle | productFamily: mobility-global:products-and-platforms/product-families/forecasting-and-planning | productCapability: mobility-global:products-and-platforms/product-capabilities/forecasting-and-modeling-capabilities/powertrain-and-propulsion-forecasting | productCapability: mobility-global:products-and-platforms/product-capabilities/forecasting-and-modeling-capabilities/ev-and-electrification-forecasting | vehicleTypeSegment: mobility-global:contextual-variables/segmentation-and-user-context/vehicle-type-or-segment/light-vehicles | vehicleTypeSegment: mobility-global:contextual-variables/segmentation-and-user-context/vehicle-type-or-segment/electric-vehicles-evs | industrySector: mobility-global:contextual-variables/segmentation-and-user-context/industry-or-sector/automotive-oems | industrySector: mobility-global:contextual-variables/segmentation-and-user-context/industry-or-sector/automotive-suppliers-and-supply-chain | audienceRole: mobility-global:contextual-variables/segmentation-and-user-context/audience-role/oem-and-supplier-roles/product-planner ...,,
https://www.spglobal.com/automotive-insights/en/data/light-vehicle-production-forecast,Data sample,/content/mobility-global/en-us/automotive-insights/data/light-vehicle-production-forecast,light-vehicle-production-forecast,EXISTING PAGE,Content already in AEM,APPLIED (11 tags),taxonomy-all-pages.zip,11,pillars: mobility-global:pillars/planning-solutions | needStates: mobility-global:need-states/planning-solutions/plan-the-market | productFamily: mobility-global:products-and-platforms/product-families/forecasting-and-planning | productCapability: mobility-global:products-and-platforms/product-capabilities/forecasting-and-modeling-capabilities/production-forecasting | vehicleTypeSegment: mobility-global:contextual-variables/segmentation-and-user-context/vehicle-type-or-segment/light-vehicles | industrySector: mobility-global:contextual-variables/segmentation-and-user-context/industry-or-sector/automotive-oems | industrySector: mobility-global:contextual-variables/segmentation-and-user-context/industry-or-sector/automotive-suppliers-and-supply-chain | audienceRole: mobility-global:contextual-variables/segmentation-and-user-context/audience-role/oem-and-supplier-roles/oem-strategist | audienceRole: mobility-global:contextual-variables/segmentation-and-user-context/audience-role/oem-and-supplier-roles/supply-chain-analyst | workflowStage: mobility-global:system-and-structural-tags/workflow-stage-how-i-do-it/plan-and-forecast ...,,
https://www.spglobal.com/automotive-insights/en/data/light-vehicle-sales-forecast,Data sample,/content/mobility-global/en-us/automotive-insights/data/light-vehicle-sales-forecast,light-vehicle-sales-forecast,EXISTING PAGE,Content already in AEM,APPLIED (10 tags),taxonomy-all-pages.zip,10,pillars: mobility-global:pillars/planning-solutions | needStates: mobility-global:need-states/planning-solutions/plan-the-market | productFamily: mobility-global:products-and-platforms/product-families/forecasting-and-planning | productCapability: mobility-global:products-and-platforms/product-capabilities/forecasting-and-modeling-capabilities/market-and-sales-forecasting | vehicleTypeSegment: mobility-global:contextual-variables/segmentation-and-user-context/vehicle-type-or-segment/light-vehicles | industrySector: mobility-global:contextual-variables/segmentation-and-user-context/industry-or-sector/automotive-oems | audienceRole: mobility-global:contextual-variables/segmentation-and-user-context/audience-role/oem-and-supplier-roles/oem-strategist | audienceRole: mobility-global:contextual-variables/segmentation-and-user-context/audience-role/marketing-and-commercial-roles/market-analyst | workflowStage: mobility-global:system-and-structural-tags/workflow-stage-how-i-do-it/plan-and-forecast | assetAttributes: mobility-global:system-and-structural-tags/asset-attributes-structural-attributes-or-delivery-mechanisms/forecast-model,,
https://www.spglobal.com/automotive-insights/en/data/medium-heavy-commercial-vehicle-forecast,Data sample,/content/mobility-global/en-us/automotive-insights/data/medium-heavy-commercial-vehicle-forecast,medium-heavy-commercial-vehicle-forecast,EXISTING PAGE,Content already in AEM,APPLIED (13 tags),taxonomy-all-pages.zip,13,pillars: mobility-global:pillars/planning-solutions | needStates: mobility-global:need-states/planning-solutions/plan-the-market | productFamily: mobility-global:products-and-platforms/product-families/forecasting-and-planning | productCapability: mobility-global:products-and-platforms/product-capabilities/forecasting-and-modeling-capabilities/market-and-sales-forecasting | productCapability: mobility-global:products-and-platforms/product-capabilities/forecasting-and-modeling-capabilities/production-forecasting | vehicleTypeSegment: mobility-global:contextual-variables/segmentation-and-user-context/vehicle-type-or-segment/commercial-vehicles | vehicleTypeSegment: mobility-global:contextual-variables/segmentation-and-user-context/vehicle-type-or-segment/heavy-duty-trucks | industrySector: mobility-global:contextual-variables/segmentation-and-user-context/industry-or-sector/automotive-oems | industrySector: mobility-global:contextual-variables/segmentation-and-user-context/industry-or-sector/fleet-management-and-leasing | audienceRole: mobility-global:contextual-variables/segmentation-and-user-context/audience-role/marketing-and-commercial-roles/market-analyst ...,,
https://www.spglobal.com/automotive-insights/en/data/powertrain-scenario-forecast,Data sample,/content/mobility-global/en-us/automotive-insights/data/powertrain-scenario-forecast,powertrain-scenario-forecast,EXISTING PAGE,Content already in AEM,APPLIED (10 tags),taxonomy-all-pages.zip,10,pillars: mobility-global:pillars/planning-solutions | needStates: mobility-global:need-states/planning-solutions/plan-your-future-vehicle | productFamily: mobility-global:products-and-platforms/product-families/forecasting-and-planning | productCapability: mobility-global:products-and-platforms/product-capabilities/forecasting-and-modeling-capabilities/powertrain-and-propulsion-forecasting | productCapability: mobility-global:products-and-platforms/product-capabilities/forecasting-and-modeling-capabilities/scenario-planning | vehicleTypeSegment: mobility-global:contextual-variables/segmentation-and-user-context/vehicle-type-or-segment/light-vehicles | industrySector: mobility-global:contextual-variables/segmentation-and-user-context/industry-or-sector/automotive-oems | audienceRole: mobility-global:contextual-variables/segmentation-and-user-context/audience-role/oem-and-supplier-roles/product-planner | workflowStage: mobility-global:system-and-structural-tags/workflow-stage-how-i-do-it/plan-and-forecast | assetAttributes: mobility-global:system-and-structural-tags/asset-attributes-structural-attributes-or-delivery-mechanisms/forecast-model,,
https://www.spglobal.com/automotive-insights/en/data/powertrain-scenario-forecast-middle-east,Data sample,/content/mobility-global/en-us/automotive-insights/data/powertrain-scenario-forecast-middle-east,powertrain-scenario-forecast-middle-east,EXISTING PAGE,Content already in AEM,APPLIED (10 tags),taxonomy-all-pages.zip,10,pillars: mobility-global:pillars/planning-solutions | needStates: mobility-global:need-states/planning-solutions/plan-your-future-vehicle | productFamily: mobility-global:products-and-platforms/product-families/forecasting-and-planning | productCapability: mobility-global:products-and-platforms/product-capabilities/forecasting-and-modeling-capabilities/powertrain-and-propulsion-forecasting | productCapability: mobility-global:products-and-platforms/product-capabilities/forecasting-and-modeling-capabilities/scenario-planning | vehicleTypeSegment: mobility-global:contextual-variables/segmentation-and-user-context/vehicle-type-or-segment/light-vehicles | industrySector: mobility-global:contextual-variables/segmentation-and-user-context/industry-or-sector/automotive-oems | audienceRole: mobility-global:contextual-variables/segmentation-and-user-context/audience-role/oem-and-supplier-roles/product-planner | workflowStage: mobility-global:system-and-structural-tags/workflow-stage-how-i-do-it/plan-and-forecast | assetAttributes: mobility-global:system-and-structural-tags/asset-attributes-structural-attributes-or-delivery-mechanisms/forecast-model,,
https://www.spglobal.com/automotive-insights/en/data/sdv-ecosystem-forecast,Data sample,/content/mobility-global/en-us/automotive-insights/data/sdv-ecosystem-forecast,sdv-ecosystem-forecast,EXISTING PAGE,Content already in AEM,APPLIED (10 tags),taxonomy-all-pages.zip,10,pillars: mobility-global:pillars/planning-solutions | needStates: mobility-global:need-states/planning-solutions/plan-your-future-vehicle | productFamily: mobility-global:products-and-platforms/product-families/technology-and-electrification-intelligence | productCapability: mobility-global:products-and-platforms/product-capabilities/forecasting-and-modeling-capabilities/technology-and-feature-forecasting | industrySector: mobility-global:contextual-variables/segmentation-and-user-context/industry-or-sector/automotive-oems | industrySector: mobility-global:contextual-variables/segmentation-and-user-context/industry-or-sector/automotive-suppliers-and-supply-chain | audienceRole: mobility-global:contextual-variables/segmentation-and-user-context/audience-role/oem-and-supplier-roles/product-planner | audienceRole: mobility-global:contextual-variables/segmentation-and-user-context/audience-role/oem-and-supplier-roles/technical-specialists | workflowStage: mobility-global:system-and-structural-tags/workflow-stage-how-i-do-it/plan-and-forecast | assetAttributes: mobility-global:system-and-structural-tags/asset-attributes-structural-attributes-or-delivery-mechanisms/forecast-model,,
https://www.spglobal.com/automotive-insights/en/data/us-vehicle-inventory-data,Data sample,/content/mobility-global/en-us/automotive-insights/data/us-vehicle-inventory-data,us-vehicle-inventory-data,EXISTING PAGE,Content already in AEM,APPLIED (16 tags),taxonomy-all-pages.zip,16,pillars: mobility-global:pillars/sales-solutions | needStates: mobility-global:need-states/sales-solutions/asses-and-react-to-the-market | productFamily: mobility-global:products-and-platforms/product-families/vehicle-lifecycle-and-aftermarket-intelligence | productCapability: mobility-global:products-and-platforms/product-capabilities/vehicle-lifecycle-and-aftermarket-intelligence/inventory-metrics-and-trends | productCapability: mobility-global:products-and-platforms/product-capabilities/vehicle-lifecycle-and-aftermarket-intelligence/track-days-supply | vehicleTypeSegment: mobility-global:contextual-variables/segmentation-and-user-context/vehicle-type-or-segment/light-vehicles | industrySector: mobility-global:contextual-variables/segmentation-and-user-context/industry-or-sector/automotive-dealers-and-retailers | industrySector: mobility-global:contextual-variables/segmentation-and-user-context/industry-or-sector/automotive-oems | audienceRole: mobility-global:contextual-variables/segmentation-and-user-context/audience-role/retail-dealer-aftermarket-roles/dealer-or-retailer | audienceRole: mobility-global:contextual-variables/segmentation-and-user-context/audience-role/marketing-and-commercial-roles/market-analyst ...,,
https://www.spglobal.com/automotive-insights/en/data/vehicle-carbon-emissions-downstream,Data sample,/content/mobility-global/en-us/automotive-insights/data/vehicle-carbon-emissions-downstream,vehicle-carbon-emissions-downstream,EXISTING PAGE,Content already in AEM,APPLIED (8 tags),taxonomy-all-pages.zip,8,pillars: mobility-global:pillars/planning-solutions | needStates: mobility-global:need-states/planning-solutions/target-business-opportunities | productCapability: mobility-global:products-and-platforms/product-capabilities/technology-supply-chain-and-sustainability/sustainability-and-esg-analytics | industrySector: mobility-global:contextual-variables/segmentation-and-user-context/industry-or-sector/automotive-oems | audienceRole: mobility-global:contextual-variables/segmentation-and-user-context/audience-role/oem-and-supplier-roles/oem-strategist | audienceRole: mobility-global:contextual-variables/segmentation-and-user-context/audience-role/regulatory-risk-and-policy-roles/government-or-policy-maker | workflowStage: mobility-global:system-and-structural-tags/workflow-stage-how-i-do-it/diagnose-and-compare | assetAttributes: mobility-global:system-and-structural-tags/asset-attributes-structural-attributes-or-delivery-mechanisms/dataset,,
https://www.spglobal.com/automotive-insights/en/data/vehicle-pricing-forecast,Data sample,/content/mobility-global/en-us/automotive-insights/data/vehicle-pricing-forecast,vehicle-pricing-forecast,EXISTING PAGE,Content already in AEM,APPLIED (12 tags),taxonomy-all-pages.zip,12,pillars: mobility-global:pillars/planning-solutions | needStates: mobility-global:need-states/planning-solutions/plan-the-market | productFamily: mobility-global:products-and-platforms/product-families/forecasting-and-planning | productFamily: mobility-global:products-and-platforms/product-families/pricing-and-offer-optimization | productCapability: mobility-global:products-and-platforms/product-capabilities/forecasting-and-modeling-capabilities/market-and-sales-forecasting | productCapability: mobility-global:products-and-platforms/product-capabilities/pricing-and-offer-capabilities/pricing-analytics | vehicleTypeSegment: mobility-global:contextual-variables/segmentation-and-user-context/vehicle-type-or-segment/light-vehicles | industrySector: mobility-global:contextual-variables/segmentation-and-user-context/industry-or-sector/automotive-oems | audienceRole: mobility-global:contextual-variables/segmentation-and-user-context/audience-role/oem-and-supplier-roles/product-planner | audienceRole: mobility-global:contextual-variables/segmentation-and-user-context/audience-role/marketing-and-commercial-roles/market-analyst ...,,
https://www.spglobal.com/automotive-insights/en/data/vehicle-registration-data-and-market-insights,Data sample,/content/mobility-global/en-us/automotive-insights/data/vehicle-registration-data-and-market-insights,vehicle-registration-data-and-market-insights,EXISTING PAGE,Content already in AEM,APPLIED (15 tags),taxonomy-all-pages.zip,15,pillars: mobility-global:pillars/sales-solutions | needStates: mobility-global:need-states/sales-solutions/asses-and-react-to-the-market | productFamily: mobility-global:products-and-platforms/product-families/benchmarking-and-market-performance | productCapability: mobility-global:products-and-platforms/product-capabilities/benchmarking-and-market-performance/registration-and-sales-benchmarking | productCapability: mobility-global:products-and-platforms/product-capabilities/benchmarking-and-market-performance/market-trend-and-performance-analysis | vehicleTypeSegment: mobility-global:contextual-variables/segmentation-and-user-context/vehicle-type-or-segment/light-vehicles | industrySector: mobility-global:contextual-variables/segmentation-and-user-context/industry-or-sector/automotive-oems | industrySector: mobility-global:contextual-variables/segmentation-and-user-context/industry-or-sector/automotive-dealers-and-retailers | audienceRole: mobility-global:contextual-variables/segmentation-and-user-context/audience-role/marketing-and-commercial-roles/market-analyst | audienceRole: mobility-global:contextual-variables/segmentation-and-user-context/audience-role/oem-and-supplier-roles/competitive-intelligence ...,,
https://www.spglobal.com/automotive-insights/en/forms/vin-matching-sample-inquiry-australia,Data sample,/content/mobility-global/en-us/automotive-insights/forms/vin-matching-sample-inquiry-australia,vin-matching-sample-inquiry-australia,NOT MIGRATED,Not in scope (campaign/event/other),NOT APPLIED (10 tags in CSV),N/A,10,pillars: mobility-global:pillars/sales-solutions | needStates: mobility-global:need-states/sales-solutions/identify-vehicle-ownership-and-recall | productCapability: mobility-global:products-and-platforms/product-capabilities/risk-compliance-and-validation/vehicle-identification | vehicleTypeSegment: mobility-global:contextual-variables/segmentation-and-user-context/vehicle-type-or-segment/used-vehicles | industrySector: mobility-global:contextual-variables/segmentation-and-user-context/industry-or-sector/automotive-aftermarket | audienceRole: mobility-global:contextual-variables/segmentation-and-user-context/audience-role/retail-dealer-aftermarket-roles/aftermarket-provider | workflowStage: mobility-global:system-and-structural-tags/workflow-stage-how-i-do-it/support-vehicles-on-the-road | assetAttributes: mobility-global:system-and-structural-tags/asset-attributes-structural-attributes-or-delivery-mechanisms/dataset | brandDataSource: mobility-global:system-and-structural-tags/brand-or-data-source/polk-automotive-solutions | marketCountry: mobility-global:contextual-variables/market-context/market-country/australia,,Page type not in automatic migration scope
https://www.spglobal.com/mobility/en/events/an-integrated-view-of-the-auto-supply-chain-how-to-make-business-decisions-in-chaos/overview.html,Event,/content/mobility-global/en-us/events/an-integrated-view-of-the-auto-supply-chain-how-to-make-business-decisions-in-chaos/overview,overview,NOT MIGRATED,Not in scope (campaign/event/other),NOT APPLIED (11 tags in CSV),N/A,11,pillars: mobility-global:pillars/planning-solutions | needStates: mobility-global:need-states/planning-solutions/manage-the-supply-chain | insightsThoughtLeaderContentType: mobility-global:insights-and-intelligence/insight-and-thought-leader-content-type/events-and-webinars | theme: mobility-global:insights-and-intelligence/topic/supply-chain-and-manufacturing/automotive-supply-chain-disruption-and-resilience | theme: mobility-global:insights-and-intelligence/topic/supply-chain-and-manufacturing/automotive-supply-chain-risk-management | theme: mobility-global:insights-and-intelligence/theme/supply-chain-resilience | industrySector: mobility-global:contextual-variables/segmentation-and-user-context/industry-or-sector/automotive-oems | industrySector: mobility-global:contextual-variables/segmentation-and-user-context/industry-or-sector/automotive-suppliers-and-supply-chain | audienceRole: mobility-global:contextual-variables/segmentation-and-user-context/audience-role/oem-and-supplier-roles/supply-chain-analyst | contentFormat: mobility-global:system-and-structural-tags/content-formats/event-formats/on-demand-webinar ...,,Page type not in automatic migration scope
https://www.spglobal.commobility/en/events/new-years-briefing-2026/overview.html,Event,N/A,overview,NOT MAPPED,N/A,NOT APPLIED (12 tags in CSV),N/A,12,pillars: mobility-global:pillars/planning-solutions | needStates: mobility-global:need-states/planning-solutions/plan-the-market | needStates: mobility-global:need-states/planning-solutions/target-business-opportunities | insightsThoughtLeaderContentType: mobility-global:insights-and-intelligence/insight-and-thought-leader-content-type/events-and-webinars | theme: mobility-global:insights-and-intelligence/topic/industry-benchmarks/automotive-industry-forecast-and-analysis | industrySector: mobility-global:contextual-variables/segmentation-and-user-context/industry-or-sector/automotive-oems | industrySector: mobility-global:contextual-variables/segmentation-and-user-context/industry-or-sector/automotive-suppliers-and-supply-chain | audienceRole: mobility-global:contextual-variables/segmentation-and-user-context/audience-role/oem-and-supplier-roles/oem-strategist | audienceRole: mobility-global:contextual-variables/segmentation-and-user-context/audience-role/marketing-and-commercial-roles/market-analyst | contentFormat: mobility-global:system-and-structural-tags/content-formats/event-formats/on-demand-webinar ...,,Could not map URL to JCR path
https://www.spglobal.com/automotive-insights/en/theme/automotive-industry-forecast,Theme page,/content/mobility-global/en-us/automotive-insights/theme/automotive-industry-forecast,automotive-industry-forecast,EXISTING PAGE,Content already in AEM,APPLIED (1 tags),taxonomy-all-pages.zip,1,theme: mobility-global:insights-and-intelligence/topic/industry-benchmarks/automotive-industry-forecast-and-analysis,,
https://www.spglobal.com/automotive-insights/en/theme/automotive-industry-forecast/automotive-tariffs-impact,Theme page,/content/mobility-global/en-us/automotive-insights/theme/automotive-industry-forecast/automotive-tariffs-impact,automotive-tariffs-impact,EXISTING PAGE,Content already in AEM,APPLIED (1 tags),taxonomy-all-pages.zip,1,theme: mobility-global:insights-and-intelligence/theme/automotive-tariffs,,
https://www.spglobal.com/automotive-insights/en/theme/automotive-industry-forecast/commercial-vehicle-market-data-insights,Theme page,/content/mobility-global/en-us/automotive-insights/theme/automotive-industry-forecast/commercial-vehicle-market-data-insights,commercial-vehicle-market-data-insights,EXISTING PAGE,Content already in AEM,APPLIED (1 tags),taxonomy-all-pages.zip,1,theme: mobility-global:insights-and-intelligence/theme/commercial-vehicle-market,,
https://www.spglobal.com/automotive-insights/en/theme/automotive-industry-forecast/scenario-planning-insights,Theme page,/content/mobility-global/en-us/automotive-insights/theme/automotive-industry-forecast/scenario-planning-insights,scenario-planning-insights,NOT MIGRATED,Not in scope (campaign/event/other),NOT APPLIED (1 tags in CSV),N/A,1,theme: mobility-global:insights-and-intelligence/theme/scenario-planning-insights,,Page type not in automatic migration scope
https://www.spglobal.com/automotive-insights/en/theme/automotive-supply-chain,Theme page,/content/mobility-global/en-us/automotive-insights/theme/automotive-supply-chain,automotive-supply-chain,EXISTING PAGE,Content already in AEM,APPLIED (1 tags),taxonomy-all-pages.zip,1,theme: mobility-global:insights-and-intelligence/theme/automotive-supply-chain,,
https://www.spglobal.com/automotive-insights/en/theme/automotive-supply-chain/supply-chain-resilience,Theme page,/content/mobility-global/en-us/automotive-insights/theme/automotive-supply-chain/supply-chain-resilience,supply-chain-resilience,EXISTING PAGE,Content already in AEM,APPLIED (1 tags),taxonomy-all-pages.zip,1,theme: mobility-global:insights-and-intelligence/theme/supply-chain-resilience,,
https://www.spglobal.com/automotive-insights/en/theme/automotive-sustainability,Theme page,/content/mobility-global/en-us/automotive-insights/theme/automotive-sustainability,automotive-sustainability,EXISTING PAGE,Content already in AEM,APPLIED (1 tags),taxonomy-all-pages.zip,1,theme: mobility-global:insights-and-intelligence/theme/automotive-sustainability,,
https://www.spglobal.com/automotive-insights/en/theme/electric-vehicle-industry,Theme page,/content/mobility-global/en-us/automotive-insights/theme/electric-vehicle-industry,electric-vehicle-industry,EXISTING PAGE,Content already in AEM,APPLIED (1 tags),taxonomy-all-pages.zip,1,theme: mobility-global:insights-and-intelligence/theme/electric-vehicles,,
https://www.spglobal.com/automotive-insights/en/theme/future-of-mobility,Theme page,/content/mobility-global/en-us/automotive-insights/theme/future-of-mobility,future-of-mobility,EXISTING PAGE,Content already in AEM,APPLIED (1 tags),taxonomy-all-pages.zip,1,theme: mobility-global:insights-and-intelligence/theme/future-of-mobility,,
https://www.spglobal.com/automotive-insights/en/theme/future-of-mobility/software-defined-vehicles,Theme page,/content/mobility-global/en-us/automotive-insights/theme/future-of-mobility/software-defined-vehicles,software-defined-vehicles,EXISTING PAGE,Content already in AEM,APPLIED (1 tags),taxonomy-all-pages.zip,1,theme: mobility-global:insights-and-intelligence/theme/software-defined-vehicles,,
https://www.spglobal.com/mobility/en/forms/contactinformation.html?fid=446315,,/content/mobility-global/en-us/forms/contactinformation.html?fid=446315,contactinformation.html?fid=446315,NOT MIGRATED,Not in scope (campaign/event/other),No tags in CSV,N/A,0,,,Page type not in automatic migration scope
https://www.spglobal.com/automotive-insights/en/blogs/2026/04/march-2026-new-vehicle-inventory-trends,,/content/mobility-global/en-us/automotive-insights/blogs/2026/04/march-2026-new-vehicle-inventory-trends,march-2026-new-vehicle-inventory-trends,NEW PAGE - STRUCTURE ONLY,Title + taxonomy only (body empty),APPLIED (6 tags),new-pages-content.zip,6,pillars: mobility-global:pillars/sales-solutions | topic: mobility-global:insights-and-intelligence/topic/industry-benchmarks/automotive-industry-forecast-and-analysis | theme: mobility-global:insights-and-intelligence/topic/industry-benchmarks/automotive-industry-forecast-and-analysis | marketSalesRegion: mobility-global:contextual-variables/market-context/market-sales-region/north-america | marketRegion: mobility-global:contextual-variables/market-context/market-sales-region/north-america | marketCountry: mobility-global:contextual-variables/market-context/market-country/united-states,,SPGlobal.com returns 403 Forbidden - content cannot be fetched automatically
https://www.spglobal.com/automotive-insights/en/blogs/2026/04/how-the-iaa-could-rescue-the-gigafactory-pipeline,,/content/mobility-global/en-us/automotive-insights/blogs/2026/04/how-the-iaa-could-rescue-the-gigafactory-pipeline,how-the-iaa-could-rescue-the-gigafactory-pipeline,NEW PAGE - STRUCTURE ONLY,Title + taxonomy only (body empty),APPLIED (5 tags),new-pages-content.zip,5,pillars: mobility-global:pillars/planning-solutions | topic: mobility-global:insights-and-intelligence/topic/risk-safety-and-compliance/regulations-and-compliance | theme: mobility-global:insights-and-intelligence/topic/electrification/ev-battery-technology | theme: mobility-global:insights-and-intelligence/theme/electric-vehicles | marketRegion: mobility-global:contextual-variables/market-context/market-region/europe,,SPGlobal.com returns 403 Forbidden - content cannot be fetched automatically
https://www.spglobal.com/automotive-insights/en/blogs/2026/04/the-next-decade-of-automotive-planning,,/content/mobility-global/en-us/automotive-insights/blogs/2026/04/the-next-decade-of-automotive-planning,the-next-decade-of-automotive-planning,NEW PAGE - STRUCTURE ONLY,Title + taxonomy only (body empty),APPLIED (4 tags),new-pages-content.zip,4,pillars: mobility-global:pillars/planning-solutions | topic: mobility-global:insights-and-intelligence/topic/industry-benchmarks/automotive-industry-forecast-and-analysis | theme: mobility-global:insights-and-intelligence/topic/industry-benchmarks/automotive-industry-forecast-and-analysis | workflowStage: mobility-global:system-and-structural-tags/workflow-stage-how-i-do-it/plan-and-forecast,,SPGlobal.com returns 403 Forbidden - content cannot be fetched automatically
https://www.spglobal.com/automotive-insights/en/blogs/2026/04/automotive-semiconductor-market-trends,,/content/mobility-global/en-us/automotive-insights/blogs/2026/04/automotive-semiconductor-market-trends,automotive-semiconductor-market-trends,NEW PAGE - STRUCTURE ONLY,Title + taxonomy only (body empty),APPLIED (6 tags),new-pages-content.zip,6,pillars: mobility-global:pillars/planning-solutions | topic: mobility-global:insights-and-intelligence/topic/technology-and-innovation/automotive-semiconductors | topic: mobility-global:insights-and-intelligence/topic/supply-chain-and-manufacturing/automotive-supply-chain-disruption-and-resilience | topic: mobility-global:insights-and-intelligence/topic/supply-chain-and-manufacturing/automotive-supply-chain-risk-management | theme: mobility-global:insights-and-intelligence/theme/automotive-supply-chain | theme: mobility-global:insights-and-intelligence/theme/supply-chain-resilience,,SPGlobal.com returns 403 Forbidden - content cannot be fetched automatically
https://www.spglobal.com/automotive-insights/en/blogs/2026/04/are-insurers-and-financial-markets-ready-for-software-defined-vehicles,,/content/mobility-global/en-us/automotive-insights/blogs/2026/04/are-insurers-and-financial-markets-ready-for-software-defined-vehicles,are-insurers-and-financial-markets-ready-for-software-defined-vehicles,NEW PAGE - STRUCTURE ONLY,Title + taxonomy only (body empty),APPLIED (4 tags),new-pages-content.zip,4,pillars: mobility-global:pillars/sales-solutions | topic: mobility-global:insights-and-intelligence/topic/technology-and-innovation/software-defined-vehicles-sdv | theme: mobility-global:insights-and-intelligence/theme/future-of-mobility | theme: mobility-global:insights-and-intelligence/theme/software-defined-vehicles,,SPGlobal.com returns 403 Forbidden - content cannot be fetched automatically
https://www.spglobal.com/automotive-insights/en/rapid-impact-analysis/oil-supply-disruptions-usmca-deadline-auto-industry,,/content/mobility-global/en-us/automotive-insights/rapid-impact-analysis/oil-supply-disruptions-usmca-deadline-auto-industry,oil-supply-disruptions-usmca-deadline-auto-industry,NEW PAGE - STRUCTURE ONLY,Title + taxonomy only (body empty),APPLIED (5 tags),new-pages-content.zip,5,pillars: mobility-global:pillars/planning-solutions | topic: mobility-global:insights-and-intelligence/topic/supply-chain-and-manufacturing/automotive-supply-chain-disruption-and-resilience | topic: mobility-global:insights-and-intelligence/topic/industry-benchmarks/automotive-industry-forecast-and-analysis | theme: mobility-global:insights-and-intelligence/theme/supply-chain-resilience | theme: mobility-global:insights-and-intelligence/topic/industry-benchmarks/automotive-industry-forecast-and-analysis,,SPGlobal.com returns 403 Forbidden - content cannot be fetched automatically
https://www.spglobal.com/automotive-insights/en/blogs/2026/05/nissan-new-vision-product-lineup,,/content/mobility-global/en-us/automotive-insights/blogs/2026/05/nissan-new-vision-product-lineup,nissan-new-vision-product-lineup,NEW PAGE - STRUCTURE ONLY,Title + taxonomy only (body empty),APPLIED (2 tags),new-pages-content.zip,2,pillars: mobility-global:pillars/planning-solutions | theme: mobility-global:insights-and-intelligence/topic/industry-benchmarks/automotive-industry-forecast-and-analysis,,SPGlobal.com returns 403 Forbidden - content cannot be fetched automatically
https://www.spglobal.com/automotive-insights/en/blogs/2026/05/2026-beijing-auto-show-software-takes-the-wheel,,/content/mobility-global/en-us/automotive-insights/blogs/2026/05/2026-beijing-auto-show-software-takes-the-wheel,2026-beijing-auto-show-software-takes-the-wheel,NEW PAGE - STRUCTURE ONLY,Title + taxonomy only (body empty),APPLIED (6 tags),new-pages-content.zip,6,pillars: mobility-global:pillars/planning-solutions | topic: mobility-global:insights-and-intelligence/topic/technology-and-innovation/software-defined-vehicles-sdv | topic: mobility-global:insights-and-intelligence/topic/technology-and-innovation/connected-cars-and-vehicles | topic: mobility-global:insights-and-intelligence/topic/technology-and-innovation/autonomous-vehicles-and-adas | theme: mobility-global:insights-and-intelligence/theme/future-of-mobility | theme: mobility-global:insights-and-intelligence/theme/software-defined-vehicles,,SPGlobal.com returns 403 Forbidden - content cannot be fetched automatically
