Redirect URL,Full URL,Page Type / AEM Template,Migration Type,Taxonomy: Pillar,Taxonomy: Need states,Taxonomy: Product families,Taxonomy: Product capabilities,Taxonomy: Platforms,Taxonomy: Services and advisory,Taxonomy: Insight and thought leader content type,Taxonomy: Topic,Taxonomy: Theme,Taxonomy: Series,Taxonomy: Time horizon,Taxonomy: Market conditions,Taxonomy: Regulatory and operating context,Taxonomy: Vehicle type/segment,Taxonomy: Industry/Sector,Taxonomy: Audience role,Taxonomy: Workflow stage,Taxonomy: Content formats,Taxonomy: Asset attributes,Taxonomy: Campaign type,Taxonomy: Brand/ data source,Taxonomy: Market - sales region,Taxonomy: Market - region,Taxonomy: Market - Country
https://www.mobilityglobal.com/en-us/about-us,https://www.spglobal.com/mobility/en/about/,About Us TopCo,Manual,,,,,,,,,,,,,,,,,,,,,,,,
https://www.mobilityglobal.com/en-us/automotive-insights/blog/building-dealer-profitability-through-pricing-transparency,https://www.marketscan.com/blog/building-dealer-profitability-through-pricing-transparency/,Blog,Automatic,Sales solutions,,,,,,/Analysis and reports|/Market news and updates,Dealer and retail trends|Pricing trends,Automotive consumer trends,,,,,,/Automotive dealers and retailers,/Dealer / retailer,,/Short-form article,,,,,,
https://www.mobilityglobal.com/en-us/automotive-insights/blog/data-analytics-driving-decisions-leveraging-data-for-strategic-automotive-rebates-and-incentives,https://www.marketscan.com/blog/data-analytics/driving-decisions-leveraging-data-for-strategic-automotive-rebates-and-incentives/,Blog,Automatic,Sales solutions,,,,,,/Analysis and reports|/Market news and updates,Dealer and retail trends|Pricing trends,Automotive consumer trends,,,,,,/Automotive dealers and retailers|/Automotive OEMs,/Dealer / retailer|/OEM strategist,,/Short-form article,,,,,,
https://www.mobilityglobal.com/en-us/automotive-insights/blog/easy-onboarding-of-dealership-tool-brings-endless-opportunities,https://www.marketscan.com/blog/easy-onboarding-of-dealership-tool-brings-endless-opportunities/,Blog,Automatic,Sales solutions,,,,,,/Analysis and reports|/Market news and updates,Dealer and retail trends,Automotive consumer trends,,,,,,/Automotive dealers and retailers,/Dealer / retailer,,/Short-form article,,,,,,
https://www.mobilityglobal.com/en-us/automotive-insights/blog/hot-topics-transparency-and-accuracy-remain-essential-as-dealerships-face-high-inventory,https://www.marketscan.com/blog/hot-topics-transparency-and-accuracy-remain-essential-as-dealerships-face-high-inventory/,Blog,Automatic,Sales solutions,,,,,,/Analysis and reports|/Market news and updates,Dealer and retail trends|Pricing trends,Automotive consumer trends,,,,,,/Automotive dealers and retailers,/Dealer / retailer,,/Short-form article,,,,,,
https://www.mobilityglobal.com/en-us/automotive-insights/blog/how-lenders-can-sell-down-2024-models-in-a-buyers-market,https://www.marketscan.com/blog/how-lenders-can-sell-down-2024-models-in-a-buyers-market/,Blog,Automatic,Sales solutions,,,,,,/Analysis and reports|/Market news and updates,Dealer and retail trends|Pricing trends,Automotive consumer trends,,,,,,/Automotive dealers and retailers,/Leasing / financial services|/Dealer / retailer,,/Short-form article,,,,,,
https://www.mobilityglobal.com/en-us/automotive-insights/blog/incentive-spending-in-a-changing-industry-with-scott-cauvel,https://www.marketscan.com/blog/incentive-spending-in-a-changing-industry-with-scott-cauvel/,Blog,Automatic,Sales solutions,,,,,,/Analysis and reports|/Market news and updates,Dealer and retail trends|Pricing trends,Automotive industry forecast and analysis,,,,,,/Automotive dealers and retailers|/Automotive OEMs,/Dealer / retailer|/OEM strategist,,/Short-form article,,,,,,
https://www.mobilityglobal.com/en-us/automotive-insights/blog/incentive-strategy-best-informed-by-one-data-source,https://www.marketscan.com/blog/incentive-strategy-best-informed-by-one-data-source/,Blog,Automatic,Sales solutions,,,,,,/Analysis and reports|/Market news and updates,Dealer and retail trends|Pricing trends,Automotive industry forecast and analysis,,,,,,/Automotive dealers and retailers|/Automotive OEMs,/Dealer / retailer|/OEM strategist,,/Short-form article,,,Market Scan,,North America,United States
https://www.mobilityglobal.com/en-us/automotive-insights/blog/keeping-dealerships-strong-amidst-auto-industry-tariffs,https://www.marketscan.com/blog/keeping-dealerships-strong-amidst-auto-industry-tariffs/,Blog,Automatic,Sales solutions,,,,,,/Analysis and reports|/Market news and updates,Dealer and retail trends,Automotive consumer trends |Automotive tariffs,,,,/Policy,,/Automotive dealers and retailers,/Dealer / retailer,,/Short-form article,,,Market Scan,,North America,United States
https://www.mobilityglobal.com/en-us/automotive-insights/blog/leasing-effective-tool-address-customer-affordability-concerns,https://www.marketscan.com/blog/leasing-effective-tool-address-customer-affordability-concerns/,Blog,Automatic,Sales solutions,,,,,,/Analysis and reports|/Market news and updates,Dealer and retail trends|Pricing trends|Consumer behavior insights,Automotive consumer trends,,,,,,/Automotive dealers and retailers,/Dealer / retailer|/Leasing / financial services,,/Short-form article,,,Market Scan,,North America,United States
https://www.mobilityglobal.com/en-us/automotive-insights/blog/nada-show-2025-recap-helping-dealers-accelerate-their-sales,https://www.marketscan.com/blog/nada-show-2025-recap-helping-dealers-accelerate-their-sales/,Blog,Automatic,Sales solutions,,,,,,/Events and webinars|/Analysis and reports,Dealer and retail trends,Automotive consumer trends,,,,,,/Automotive dealers and retailers,/Dealer / retailer,,/Short-form article,,,Market Scan,,North America,United States
https://www.mobilityglobal.com/en-us/automotive-insights/blog/navigating-the-affordability-crisis-accelerating-industry-performance-with-precision-and-scale,https://www.marketscan.com/blog/navigating-the-affordability-crisis-accelerating-industry-performance-with-precision-and-scale/,Blog,Automatic,Sales solutions,,,,,,/Analysis and reports|/Market news and updates,Dealer and retail trends|Pricing trends,Automotive consumer trends,,,,,,/Automotive dealers and retailers,/Dealer / retailer,,/Short-form article,,,Market Scan,,North America,United States
https://www.mobilityglobal.com/en-us/automotive-insights/blog/need-for-speed-cut-transaction-times-to-grow-dealership-profit,https://www.marketscan.com/blog/need-for-speed-cut-transaction-times-to-grow-dealership-profit/,Blog,Automatic,Sales solutions,,,,,,/Analysis and reports|/Market news and updates,Dealer and retail trends,Automotive consumer trends,,,,,,/Automotive dealers and retailers,/Dealer / retailer,,/Short-form article,,,Market Scan,,North America,United States
https://www.mobilityglobal.com/en-us/automotive-insights/blog/rev-up-your-sales-how-precision-data-transforms-auto-retail,https://www.marketscan.com/blog/rev-up-your-sales-how-precision-data-transforms-auto-retail/,Blog,Automatic,Sales solutions,,,,,,/Analysis and reports|/Market news and updates,Dealer and retail trends,Automotive consumer trends,,,,,,/Automotive dealers and retailers,/Dealer / retailer,,/Short-form article,,,Market Scan,,North America,United States
https://www.mobilityglobal.com/en-us/automotive-insights/blog/software-providers-enable-transparent-and-effective-dealership-operations,https://www.marketscan.com/blog/software-providers-enable-transparent-and-effective-dealership-operations/,Blog,Automatic,Sales solutions,,,,,,/Analysis and reports|/Market news and updates,Dealer and retail trends,Automotive consumer trends,,,,,,/Automotive dealers and retailers,/Dealer / retailer,,/Short-form article,,,Market Scan,,North America,United States
https://www.mobilityglobal.com/en-us/automotive-insights/blog/the-us-auto-market-comes-and-captive-lenders-face-new-challenges,https://www.marketscan.com/blog/the-us-auto-market-oems-and-captive-lenders-face-new-challenges/,Blog,Automatic,Sales solutions,,,,,,/Analysis and reports|/Market news and updates,,Automotive industry forecast and analysis,,,,,,/Automotive OEMs|/Automotive dealers and retailers,/OEM strategist|/Dealer / retailer|/Leasing / financial services,,/Short-form article,,,Market Scan,North America,North America,United States
https://www.mobilityglobal.com/en-us/automotive-insights/blog/tried-and-true-data-backs-the-strongest-dealership-software,https://www.marketscan.com/blog/tried-and-true-data-backs-the-strongest-dealership-software/,Blog,Automatic,Sales solutions,,,,,,/Analysis and reports|/Market news and updates,Dealer and retail trends,Automotive consumer trends,,,,,,/Automotive dealers and retailers,/Dealer / retailer,,/Short-form article,,,Market Scan,,,
https://www.mobilityglobal.com/en-us/automotive-insights,https://www.spglobal.com/automotive-insights/en,Blog landing,Manual,,,,,,,,,,,,,,,,,,,,,,,,
https://www.mobilityglobal.com/en-us/automotive-insights/blog/a-reckoning-for-ev-battery-raw-materials,https://www.spglobal.com/automotive-insights/en/blogs/2022/10/a-reckoning-for-ev-battery-raw-materials,Blog or Automotive Insights,Automatic,Planning solutions,,,,,,/Analysis and reports|/Market news and updates,EV battery technology,EV battery technology|Supply chain resilience,,,,,,/Automotive OEMs|/Automotive suppliers and supply chain,/Product planner|/Supply chain analyst,,/Short-form article,,,,,,
https://www.mobilityglobal.com/en-us/automotive-insights/blog/hyundai-motor-rises-to-3-in-us-market,https://www.spglobal.com/automotive-insights/en/blogs/2022/10/hyundai-motor-rises-to-3-in-us-market,Blog or Automotive Insights,Automatic,Planning solutions,,,,,,/Analysis and reports|/Market news and updates,Competitive landscape|Market segmentation insights,Automotive industry forecast and analysis,,,,,,/Automotive OEMs,/Market analyst,,/Short-form article,,,,North America,North America,United States
https://www.mobilityglobal.com/en-us/automotive-insights/blog/mhcv-medium-and-heavy-commercial-vehicles-powertrain-propulsio,https://www.spglobal.com/automotive-insights/en/blogs/2022/10/mhcv-medium-and-heavy-commercial-vehicles-powertrain-propulsio,Blog or Automotive Insights,Automatic,Planning solutions,,,,,,/Analysis and reports|/Market news and updates,Automotive parts and components,Automotive industry forecast and analysis,,,,,,/Automotive OEMs|/Automotive suppliers and supply chain,/Product planner|/Technical specialists,,/Short-form article,,,,,,
https://www.mobilityglobal.com/en-us/automotive-insights/blog/sp-global-mobility-predicts-strong-monthly-saar-for-october,https://www.spglobal.com/automotive-insights/en/blogs/2022/10/sp-global-mobility-predicts-strong-monthly-saar-for-october,Blog or Automotive Insights,Automatic,Planning solutions,,,,,,/Data and forecasts|/Market news and updates,Automotive industry forecast and analysis,Automotive industry forecast and analysis,,,,,,/Automotive OEMs,/Market analyst,,/Short-form article,,,,,,
https://www.mobilityglobal.com/en-us/automotive-insights/blog/ethnic-share-in-us-light-vehicle-market-reaches-a-record-33,https://www.spglobal.com/automotive-insights/en/blogs/2022/11/ethnic-share-in-us-light-vehicle-market-reaches-a-record-33,Blog or Automotive Insights,Automatic,Sales solutions,,,,,,/Analysis and reports|/Market news and updates,Demographic trends|Market segmentation insights|Automotive consumer demand,Automotive consumer trends,,,,,,/Automotive OEMs,/Market analyst|/Marketing and media agencies,,/Short-form article,,,,North America,North America,United States
https://www.mobilityglobal.com/en-us/automotive-insights/blog/fuel-for-thought-top-5-global-automotive-aftermarket-trends,https://www.spglobal.com/automotive-insights/en/blogs/2022/11/fuel-for-thought-top-5-global-automotive-aftermarket-trends,Blog or Automotive Insights,Automatic,Sales solutions,,,,,,/Analysis and reports|/Market news and updates,Automotive parts and components,Automotive supply chain,Fuel for Thought,,,,,/Automotive aftermarket,/Aftermarket provider,,/Short-form article,,,,,,
https://www.mobilityglobal.com/en-us/automotive-insights/blog/new-ev-entries-nibbling-away-at-tesla-ev-share,https://www.spglobal.com/automotive-insights/en/blogs/2022/11/new-ev-entries-nibbling-away-at-tesla-ev-share,Blog or Automotive Insights,Automatic,Planning solutions,,,,,,/Analysis and reports|/Market news and updates,Competitive landscape|EV adoption,Electric vehicle industry,,,,,,/Automotive OEMs,/Market analyst,,/Short-form article,,,,,,
https://www.mobilityglobal.com/en-us/automotive-insights/blog/fuel-for-thought-sp-global-mobility-forecasts-836m-units,https://www.spglobal.com/automotive-insights/en/blogs/2022/12/fuel-for-thought-sp-global-mobility-forecasts-836m-units,Blog or Automotive Insights,Automatic,Planning solutions,,,,,,/Data and forecasts|/Market news and updates,Automotive industry forecast and analysis,Automotive industry forecast and analysis,Fuel for Thought,,,,,/Automotive OEMs,/Market analyst,,/Short-form article,,,,,,
https://www.mobilityglobal.com/en-us/automotive-insights/blog/plenty-of-22-models-still-on-the-shelf,https://www.spglobal.com/automotive-insights/en/blogs/2022/12/plenty-of-22-models-still-on-the-shelf,Blog or Automotive Insights,Automatic,Sales solutions,,,,,,/Analysis and reports|/Market news and updates,Dealer and retail trends|Market volatility trends,Automotive industry forecast and analysis,,,,,,/Automotive dealers and retailers,/Dealer / retailer,,/Short-form article,,,,,,
https://www.mobilityglobal.com/en-us/automotive-insights/blog/sp-global-mobility-expands-supplier-solutions-with-investment,https://www.spglobal.com/automotive-insights/en/blogs/2022/12/sp-global-mobility-expands-supplier-solutions-with-investment,Blog or Automotive Insights,Automatic,Planning solutions,,,,,,,,Automotive supply chain,,,,,,,,,/Short-form article,,,,,,
https://www.mobilityglobal.com/en-us/automotive-insights/blog/android-automotive-is-taking-over-but-what-about-google,https://www.spglobal.com/automotive-insights/en/blogs/2022/7/android-automotive-is-taking-over-but-what-about-google,Blog or Automotive Insights,Automatic,Planning solutions,,,,,,/Analysis and reports|/Market news and updates,Connected cars and vehicles|Software defined vehicles (SDV),Software-defined vehicles,,,,,,/Automotive OEMs|/Automotive suppliers and supply chain,/Product planner|/Technical specialists,,/Short-form article,,,,,,
https://www.mobilityglobal.com/en-us/automotive-insights/blog/hyundai-motor-group-rises-to-3-in-us-retail-new-vehicle-market,https://www.spglobal.com/automotive-insights/en/blogs/2022/7/hyundai-motor-group-rises-to-3-in-us-retail-new-vehicle-market,Blog or Automotive Insights,Automatic,Planning solutions,,,,,,/Analysis and reports|/Market news and updates,Competitive landscape|Market segmentation insights,Automotive industry forecast and analysis,,,,,,/Automotive OEMs,/Market analyst,,/Short-form article,,,,North America,North America,United States
https://www.mobilityglobal.com/en-us/automotive-insights/blog/ev-insights-part-one,https://www.spglobal.com/automotive-insights/en/blogs/2022/8/ev-insights-part-i,Blog or Automotive Insights,Automatic,Planning solutions,,,,,,/Analysis and reports|/Market news and updates,EV adoption,Electric vehicle industry,,,,,,/Automotive OEMs,/Market analyst,,/Short-form article,,,,,,
https://www.mobilityglobal.com/en-us/automotive-insights/blog/may-2022-tesla-brand-loyalty-more-than-doubles-yoy,https://www.spglobal.com/automotive-insights/en/blogs/2022/8/may-2022-tesla-brand-loyalty-more-than-doubles-yearoveryear,Blog or Automotive Insights,Automatic,Sales solutions,,Loyalty,,,,/Analysis and reports|/Market news and updates,Loyalty,Automotive consumer trends,,,,,,/Automotive OEMs,/Market analyst,,/Short-form article,,,,,,
https://www.mobilityglobal.com/en-us/automotive-insights/blog/automotive-inventory,https://www.spglobal.com/automotive-insights/en/blogs/2022/9/automotive-inventory,Blog or Automotive Insights,Automatic,Sales solutions,,,,,,/Analysis and reports|/Market news and updates,Automotive industry forecast and analysis,Automotive industry forecast and analysis,,,,,,/Automotive dealers and retailers|/Automotive OEMs,/Dealer / retailer|/OEM strategist,,/Short-form article,,,,,,
https://www.mobilityglobal.com/en-us/automotive-insights/blog/tesla-loyalty-and-market-share-soar-but-dominance-of-ev-segment,https://www.spglobal.com/automotive-insights/en/blogs/2022/9/tesla-loyalty-and-market-share-soar-but-dominance-of-ev-segmen,Blog or Automotive Insights,Automatic,Planning solutions,,Loyalty,,,,/Analysis and reports|/Market news and updates,Loyalty,Electric vehicle industry| Automotive consumer trends,,,,,,/Automotive OEMs,/Market analyst,,/Short-form article,,,,,,
https://www.mobilityglobal.com/en-us/automotive-insights/blog/ev-chargers-how-many-do-we-need,https://www.spglobal.com/automotive-insights/en/blogs/2023/1/ev-chargers-how-many-do-we-need,Blog or Automotive Insights,Automatic,Planning solutions,,,,,,/Analysis and reports|/Market news and updates,EV charging infrastructure|EV adoption,Electric vehicle industry,,,,,,/Automotive OEMs,/Product planner|/Government / policy maker,,/Short-form article,,,,,,
https://www.mobilityglobal.com/en-us/automotive-insights/blog/fuel-for-thought-automotive-supply-chain-and-technology-themes,https://www.spglobal.com/automotive-insights/en/blogs/2023/1/fuel-for-thought-automotive-supply-chain-and-technology-themes,Blog or Automotive Insights,Automatic,Planning solutions,,,,,,/Analysis and reports|/Market news and updates,,Automotive supply chain|Supply chain resilience,Fuel for Thought,,,,,/Automotive suppliers and supply chain,/Supply chain analyst,,/Short-form article,,,,,,
https://www.mobilityglobal.com/en-us/automotive-insights/blog/tesla-share-of-ev-market-declines-domestics-koreans-and-europe,https://www.spglobal.com/automotive-insights/en/blogs/2023/1/tesla-share-of-ev-market-declines-domestics-koreans-and-europe,Blog or Automotive Insights,Automatic,Planning solutions,,,,,,/Analysis and reports|/Market news and updates,Competitive landscape|EV adoption,Electric vehicle industry,,,,,,/Automotive OEMs,/Market analyst|/Competitive intelligence,,/Short-form article,,,,,,
https://www.mobilityglobal.com/en-us/automotive-insights/blog/3-cylinder-engine-installations-rising-in-us-though-4-cylinders,https://www.spglobal.com/automotive-insights/en/blogs/2023/10/3cylinder-engine-installations-rising-in-us-though-4-cylinders,Blog or Automotive Insights,Automatic,Planning solutions,,,,,,/Analysis and reports|/Market news and updates,Automotive parts and components,Automotive industry forecast and analysis,,,,,,/Automotive OEMs|/Automotive suppliers and supply chain,/Product planner|/Technical specialists,,/Short-form article,,,,North America,North America,United States
https://www.mobilityglobal.com/en-us/automotive-insights/blog/dont-count-out-hybrids-just-yet,https://www.spglobal.com/automotive-insights/en/blogs/2023/10/dont-count-out-hybrids-just-yet,Blog or Automotive Insights,Automatic,Planning solutions,,,,,,/Analysis and reports|/Market news and updates,Technology and innovation,Automotive industry forecast and analysis,,,,,,/Automotive OEMs,/Product planner,,/Short-form article,,,,,,
https://www.mobilityglobal.com/en-us/automotive-insights/blog/fuel-for-thought-waiting-for-autonomy,https://www.spglobal.com/automotive-insights/en/blogs/2023/10/fuel-for-thought-waiting-for-autonomy,Blog or Automotive Insights,Automatic,Planning solutions,,,,,,/Analysis and reports|/Market news and updates,Autonomous vehicles and ADAS,Future of mobility,Fuel for Thought,,,,,/Automotive OEMs,/Product planner|/Technical specialists,,/Short-form article,,,,,,
https://www.mobilityglobal.com/en-us/automotive-insights/blog/tesla-is-most-popular-ev-brand-for-us-fleet-companies,https://www.spglobal.com/automotive-insights/en/blogs/2023/10/tesla-is-most-popular-ev-brand-for-us-fleet-companies,Blog or Automotive Insights,Automatic,Planning solutions,,,,,,/Analysis and reports|/Market news and updates,Competitive landscape,Automotive industry forecast and analysis|Electric vehicle industry,,,,,,/Fleet management and leasing,/Fleet manager,,/Short-form article,,,,North America,North America,United States
https://www.mobilityglobal.com/en-us/automotive-insights/blog/us-consumers-going-big-as-fullsize-suvs-gain-share,https://www.spglobal.com/automotive-insights/en/blogs/2023/10/us-consumers-going-big-as-fullsize-suvs-gain-share,Blog or Automotive Insights,Automatic,Sales solutions,,,,,,/Analysis and reports|/Market news and updates,Market segmentation insights|Automotive consumer demand,Automotive consumer trends,,,,,,/Automotive OEMs,/Market analyst,,/Short-form article,,,,North America,North America,United States
https://www.mobilityglobal.com/en-us/automotive-insights/blog/affordability-tops-charging-and-range-concerns-in-slowing-ev-d,https://www.spglobal.com/automotive-insights/en/blogs/2023/11/affordability-tops-charging-and-range-concerns-in-slowing-ev-d,Blog or Automotive Insights,Automatic,Planning solutions,,,,,,/Analysis and reports|/Market news and updates,EV adoption|Pricing trends|Consumer behavior insights,Electric vehicle industry,,,,,,/Automotive OEMs,/Market analyst,,/Short-form article,,,,,,
https://www.mobilityglobal.com/en-us/automotive-insights/blog/fuel-for-thought-the-vehicle-affordability-crunch,https://www.spglobal.com/automotive-insights/en/blogs/2023/11/fuel-for-thought-the-vehicle-affordability-crunch,Blog or Automotive Insights,Automatic,Sales solutions,,,,,,/Analysis and reports|/Market news and updates,Pricing trends|Consumer behavior insights,Automotive consumer trends,Fuel for Thought,,,,,/Automotive OEMs,/Market analyst,,/Short-form article,,,,,,
https://www.mobilityglobal.com/en-us/automotive-insights/blog/gigacasting-the-hottest-trend-in-car-manufacturing,https://www.spglobal.com/automotive-insights/en/blogs/2023/11/gigacasting-the-hottest-trend-in-car-manufacturing,Blog or Automotive Insights,Automatic,Planning solutions,,,,,,/Analysis and reports|/Market news and updates,Automotive parts and components,Automotive industry forecast and analysis,,,,,,/Automotive OEMs|/Automotive suppliers and supply chain,/Product planner|/Technical specialists,,/Short-form article,,,,,,
https://www.mobilityglobal.com/en-us/automotive-insights/blog/2024-ev-forecast-the-supply-chain-charging-network-and-battery,https://www.spglobal.com/automotive-insights/en/blogs/2023/12/2024-ev-forecast-the-supply-chain-charging-network-and-battery,Blog or Automotive Insights,Automatic,Planning solutions,,,,,,/Data and forecasts|/Analysis and reports,,Automotive industry forecast and analysis|Supply chain resilience|Electric vehicle industry|Automotive supply chain,,,,,,/Automotive OEMs|/Automotive suppliers and supply chain,/Product planner|/Market analyst|/Supply chain analyst,,/Short-form article,,,,,,
https://www.mobilityglobal.com/en-us/automotive-insights/blog/american-honda-sees-a-share-rebound,https://www.spglobal.com/automotive-insights/en/blogs/2023/12/american-honda-sees-a-share-rebound,Blog or Automotive Insights,Automatic,Planning solutions,,,,,,/Analysis and reports|/Market news and updates,Competitive landscape|Market segmentation insights,Automotive industry forecast and analysis,,,,,,/Automotive OEMs|/Automotive dealers and retailers,/Market analyst|/Competitive intelligence,,/Short-form article,,,,North America,North America,United States
https://www.mobilityglobal.com/en-us/automotive-insights/blog/fuel-for-thought-connected-cars-and-the-automotive-revolution,https://www.spglobal.com/automotive-insights/en/blogs/2023/12/fuel-for-thought-connected-cars-and-the-automotive-revolution,Blog or Automotive Insights,Automatic,Planning solutions,,,,,,/Analysis and reports|/Market news and updates,Connected cars and vehicles|Software defined vehicles (SDV),Future of mobility|Software-defined vehicles,Fuel for Thought,,,,,/Automotive OEMs|/Automotive suppliers and supply chain,/OEM strategist|/Product planner,,/Short-form article,,,,,,
https://www.mobilityglobal.com/en-us/automotive-insights/blog/sp-global-mobility-forecasts-883m-auto-sales-in-2024,https://www.spglobal.com/automotive-insights/en/blogs/2023/12/sp-global-mobility-forecasts-883m-auto-sales-in-2024,Blog or Automotive Insights,Automatic,Planning solutions,,,,,,/Data and forecasts|/Market news and updates,Automotive industry forecast and analysis,Automotive industry forecast and analysis,,,,,,/Automotive OEMs,/Market analyst,,/Short-form article,,,,,,
https://www.mobilityglobal.com/en-us/automotive-insights/blog/tesla-fuels-electrification-of-us-luxury-vehicles-segment-shar,https://www.spglobal.com/automotive-insights/en/blogs/2023/12/tesla-fuels-electrification-of-us-luxury-vehicles-segment-shar,Blog or Automotive Insights,Automatic,Planning solutions,,,,,,/Analysis and reports|/Market news and updates,EV adoption|Market segmentation insights|Competitive landscape,Electric vehicle industry,,,,,,/Automotive OEMs,/Market analyst|/Competitive intelligence,,/Short-form article,,,,North America,North America,United States
https://www.mobilityglobal.com/en-us/automotive-insights/blog/when-will-car-leasing-be-cool-again,https://www.spglobal.com/automotive-insights/en/blogs/2023/12/when-will-car-leasing-be-cool-again,Blog or Automotive Insights,Automatic,Sales solutions,,,,,,/Analysis and reports|/Market news and updates,Dealer and retail trends|Consumer behavior insights|Pricing trends,Automotive consumer trends,,,,,,/Automotive dealers and retailers|/Fleet management and leasing,/Dealer / retailer|/Leasing / financial services,,/Short-form article,,,,,,
https://www.mobilityglobal.com/en-us/automotive-insights/blog/can-carmakers-assail-teslas-lead-in-ee-architecture,https://www.spglobal.com/automotive-insights/en/blogs/2023/2/can-carmakers-assail-teslas-lead-in-ee-architecture,Blog or Automotive Insights,Automatic,Planning solutions,,,,,,/Analysis and reports|/Market news and updates,Competitive landscape,Software-defined vehicles,,,,,,/Automotive OEMs,/Competitive intelligence|/Technical specialists,,/Short-form article,,,,,,
https://www.mobilityglobal.com/en-us/automotive-insights/blog/car-brands-popular-with-women,https://www.spglobal.com/automotive-insights/en/blogs/2023/2/car-brands-popular-with-women,Blog or Automotive Insights,Automatic,Sales solutions,,,,,,/Analysis and reports|/Market news and updates,Demographic trends|Consumer behavior insights,Automotive consumer trends,,,,,,/Automotive OEMs,/Marketing and media agencies,,/Short-form article,,,,,,
https://www.mobilityglobal.com/en-us/automotive-insights/blog/fuel-for-thought-the-old-way-of-selling-cars-wont-work-anymore,https://www.spglobal.com/automotive-insights/en/blogs/2023/2/fuel-for-thought-the-old-way-of-selling-cars-wont-work-anymore,Blog or Automotive Insights,Automatic,Sales solutions,,,,,,/Analysis and reports|/Market news and updates,Dealer and retail trends|Consumer behavior insights,Future of mobility,Fuel for Thought,,,,,/Automotive dealers and retailers,/Dealer / retailer,,/Short-form article,,,,,,
https://www.mobilityglobal.com/en-us/automotive-insights/blog/the-sedan-debate,https://www.spglobal.com/automotive-insights/en/blogs/2023/2/the-sedan-debate,Blog or Automotive Insights,Automatic,Planning solutions,,,,,,/Analysis and reports|/Market news and updates,Market segmentation insights|Automotive consumer demand,Automotive consumer trends,,,,,,/Automotive OEMs,/Product planner|/Market analyst,,/Short-form article,,,,,,
https://www.mobilityglobal.com/en-us/automotive-insights/blog/women-not-buying-electric-vehicles,https://www.spglobal.com/automotive-insights/en/blogs/2023/2/women-not-buying-electric-vehicles,Blog or Automotive Insights,Automatic,Sales solutions,,,,,,/Analysis and reports|/Market news and updates,EV adoption|Consumer behavior insights|Demographic trends,Automotive consumer trends,,,,,,/Automotive OEMs,/Marketing and media agencies,,/Short-form article,,,,,,
https://www.mobilityglobal.com/en-us/automotive-insights/blog/america-road-tax-electric-vehicles-ceraweek,https://www.spglobal.com/automotive-insights/en/blogs/2023/3/america-road-tax-electric-vehicles-ceraweek,Blog or Automotive Insights,Automatic,Planning solutions,,,,,,/Market news and updates|/Analysis and reports,Regulations and compliance,Electric vehicle industry,,,,/Policy,,/Automotive OEMs,/Government / policy maker,,/Short-form article,,,,North America,North America,United States
https://www.mobilityglobal.com/en-us/automotive-insights/blog/the-evolution-of-the-ev-consumer,https://www.spglobal.com/automotive-insights/en/blogs/2023/3/the-evolution-of-the-ev-consumer,Blog or Automotive Insights,Automatic,Sales solutions,,,,,,/Analysis and reports|/Market news and updates,EV adoption|Consumer behavior insights,Automotive consumer trends,,,,,,/Automotive OEMs,/Market analyst|/Marketing and media agencies,,/Short-form article,,,,,,
https://www.mobilityglobal.com/en-us/automotive-insights/blog/be-ready-for-the-coming-shift-in-automotive-computing-power,https://www.spglobal.com/automotive-insights/en/blogs/2023/4/be-ready-for-the-coming-shift-in-automotive-computing-power,Blog or Automotive Insights,Automatic,Planning solutions,,,,,,/Analysis and reports|/Market news and updates,Automotive semiconductors|Software defined vehicles (SDV),Software-defined vehicles|Supply chain resilience,,,,,,/Automotive OEMs|/Automotive suppliers and supply chain,/Technical specialists|/Product planner,,/Short-form article,,,,,,
https://www.mobilityglobal.com/en-us/automotive-insights/blog/ford-and-chevrolet-brand-loyalty-depends-on-pickups,https://www.spglobal.com/automotive-insights/en/blogs/2023/5/ford-and-chevrolet-brand-loyalty-depends-on-pickups,Blog or Automotive Insights,Automatic,Sales solutions,,Loyalty,,,,/Analysis and reports|/Market news and updates,Loyalty,Automotive consumer trends,,,,,,/Automotive OEMs,/Market analyst,,/Short-form article,,,,,,
https://www.mobilityglobal.com/en-us/automotive-insights/blog/fuel-for-thought-as-the-industry-goes-electric-expect-shakeout,https://www.spglobal.com/automotive-insights/en/blogs/2023/5/fuel-for-thought-as-the-industry-goes-electric-expect-shakeout,Blog or Automotive Insights,Automatic,Planning solutions,,,,,,/Analysis and reports|/Market news and updates,EV adoption|Market volatility trends,Electric vehicle industry,Fuel for Thought,,,,,/Automotive OEMs,/Market analyst,,/Short-form article,,,,,,
https://www.mobilityglobal.com/en-us/automotive-insights/blog/fuel-for-thought-auto-safety-systems-calibration-challenges-repair-modification,https://www.spglobal.com/automotive-insights/en/blogs/2023/5/fuel-for-thought-auto-safety-systems-calibration-challenges-repair-modification,Blog or Automotive Insights,Automatic,Planning solutions,,,,,,/Analysis and reports|/Market news and updates,Autonomous vehicles and ADAS,Software-defined vehicles,Fuel for Thought,,,/Safety regulations,,/Automotive aftermarket|/Automotive OEMs,/Aftermarket provider|/Technical specialists,,/Short-form article,,,,,,
https://www.mobilityglobal.com/en-us/automotive-insights/blog/how-general-motors-maintains-its-loyalty-lead-amid-declining-sales,https://www.spglobal.com/automotive-insights/en/blogs/2023/5/how-general-motors-maintains-its-loyalty-lead-amid-declining-s,Blog or Automotive Insights,Automatic,Sales solutions,,Loyalty,,,,/Analysis and reports|/Market news and updates,Loyalty,Automotive consumer trends,,,,,,/Automotive OEMs,/Market analyst,,/Short-form article,,,,,,
https://www.mobilityglobal.com/en-us/automotive-insights/blog/premium-audio-enters-the-mass-market,https://www.spglobal.com/automotive-insights/en/blogs/2023/5/premium-audio-enters-the-mass-market,Blog or Automotive Insights,Automatic,Planning solutions,,,,,,/Analysis and reports|/Market news and updates,Automotive parts and components,Automotive industry forecast and analysis|Automotive supply chain,,,,,,/Automotive OEMs|/Automotive suppliers and supply chain,/Product planner|/Technical specialists,,/Short-form article,,,,,,
https://www.mobilityglobal.com/en-us/automotive-insights/blog/tesla-minority-group-loyalty,https://www.spglobal.com/automotive-insights/en/blogs/2023/5/tesla-minority-group-loyalty,Blog or Automotive Insights,Automatic,Sales solutions,,Loyalty,,,,/Analysis and reports|/Market news and updates,Demographic trends|Loyalty,Automotive consumer trends,,,,,,/Automotive OEMs,/Market analyst,,/Short-form article,,,,,,
https://www.mobilityglobal.com/en-us/automotive-insights/blog/why-vw-needs-scout,https://www.spglobal.com/automotive-insights/en/blogs/2023/5/why-vw-needs-scout,Blog or Automotive Insights,Automatic,Planning solutions,,,,,,/Analysis and reports|/Market news and updates,Automotive industry forecast and analysis,Automotive industry forecast and analysis,,,,,,/Automotive OEMs,/OEM strategist|/Competitive intelligence,,/Short-form article,,,,,,
https://www.mobilityglobal.com/en-us/automotive-insights/blog/autofinance-delinquencies-rise-past-great-recession-peak-but,https://www.spglobal.com/automotive-insights/en/blogs/2023/6/autofinance-delinquencies-rise-past-great-recession-peak-but,Blog or Automotive Insights,Automatic,Sales solutions,,,,,,/Analysis and reports|/Market news and updates,,Automotive industry forecast and analysis|Automotive consumer trends,,,,,,/Fleet management and leasing,/Leasing / financial services,,/Short-form article,,,,,,
https://www.mobilityglobal.com/en-us/automotive-insights/blog/china-exported-more-than-3-million-vehicles-in-22,https://www.spglobal.com/automotive-insights/en/blogs/2023/6/china-exported-more-than-3-million-vehicles-in-22,Blog or Automotive Insights,Automatic,Planning solutions,,,,,,/Analysis and reports|/Market news and updates,,Automotive industry forecast and analysis,,,,,,/Automotive OEMs,/Market analyst,,/Short-form article,,,,Greater China,Greater China,Mainland China
https://www.mobilityglobal.com/en-us/automotive-insights/blog/fuel-for-thought-the-transformation-of-auto-retail,https://www.spglobal.com/automotive-insights/en/blogs/2023/6/fuel-for-thought-the-transformation-of-auto-retail,Blog or Automotive Insights,Automatic,Sales solutions,,,,,,/Analysis and reports|/Market news and updates,Dealer and retail trends,Future of mobility,Fuel for Thought,,,,,/Automotive dealers and retailers,/Dealer / retailer,,/Short-form article,,,,,,
https://www.mobilityglobal.com/en-us/automotive-insights/blog/with-mobile-phone-semiconductor-demand-cooling-automotive-chip,https://www.spglobal.com/automotive-insights/en/blogs/2023/6/with-mobile-phone-semiconductor-demand-cooling-automotive-chip,Blog or Automotive Insights,Automatic,Planning solutions,,,,,,/Analysis and reports|/Market news and updates,Automotive semiconductors,Automotive supply chain|Supply chain resilience,,,,,,/Automotive suppliers and supply chain|/Automotive OEMs,/Supply chain analyst|/Procurement,,/Short-form article,,,,,,
https://www.mobilityglobal.com/en-us/automotive-insights/blog/commercial-vehicle-forecast-mdhd-truck-market-coasts,https://www.spglobal.com/automotive-insights/en/blogs/2023/7/commercial-vehicle-forecast-mdhd-truck-market-coasts,Blog or Automotive Insights,Automatic,Planning solutions,,,,,,/Data and forecasts|/Market news and updates,,Automotive industry forecast and analysis|Commercial vehicle market,,,,,,/Automotive OEMs,/Market analyst,,/Short-form article,,,,,,
https://www.mobilityglobal.com/en-us/automotive-insights/blog/consumer-loyalty-to-finance-companies-fell-sharply,https://www.spglobal.com/automotive-insights/en/blogs/2023/7/consumer-loyalty-to-finance-companies-fell-sharply,Blog or Automotive Insights,Automatic,Sales solutions,,Loyalty,,,,/Analysis and reports|/Market news and updates,Loyalty,Automotive consumer trends,,,,,,/Fleet management and leasing,/Leasing / financial services,,/Short-form article,,,,,,
https://www.mobilityglobal.com/en-us/automotive-insights/blog/fuel-for-thought-the-commercial-vehicle-fleet-accelerates,https://www.spglobal.com/automotive-insights/en/blogs/2023/7/fuel-for-thought-the-commercial-vehicle-fleet-accelerates,Blog or Automotive Insights,Automatic,Planning solutions,,,,,,/Analysis and reports|/Market news and updates,Automotive industry forecast and analysis,Commercial vehicle market,Fuel for Thought,,,,,/Fleet management and leasing,/Fleet manager,,/Short-form article,,,,,,
https://www.mobilityglobal.com/en-us/automotive-insights/blog/july-us-auto-inventory-trends-you-should-know,https://www.spglobal.com/automotive-insights/en/blogs/2023/7/july-us-auto-inventory-trends-you-should-know,Blog or Automotive Insights,Automatic,Sales solutions,,,,,,/Analysis and reports|/Market news and updates,Automotive industry forecast and analysis,Automotive industry forecast and analysis,,,,,,/Automotive dealers and retailers,/Dealer / retailer,,/Short-form article,,,,North America,North America,United States
https://www.mobilityglobal.com/en-us/automotive-insights/blog/the-semiconductor-shortage-is-mostly-over-for-the-auto-industry,https://www.spglobal.com/automotive-insights/en/blogs/2023/7/the-semiconductor-shortage-is-mostly-over-for-the-auto-industry,Blog or Automotive Insights,Automatic,Planning solutions,,,,,,/Analysis and reports|/Market news and updates,Automotive semiconductors,Automotive supply chain|Supply chain resilience,,,,,,/Automotive suppliers and supply chain|/Automotive OEMs,/Supply chain analyst|/Procurement,,/Short-form article,,,,,,
https://www.mobilityglobal.com/en-us/automotive-insights/blog/what-connected-car-services-are-consumers-willing-to-pay-for,https://www.spglobal.com/automotive-insights/en/blogs/2023/7/what-connectedcar-services-are-consumers-willing-to-pay-for,Blog or Automotive Insights,Automatic,Planning solutions,,,,,,/Analysis and reports|/Market news and updates,Connected cars and vehicles|Consumer behavior insights|Pricing trends,Future of mobility,,,,,,/Automotive OEMs,/Product planner|/Market analyst,,/Short-form article,,,,,,
https://www.mobilityglobal.com/en-us/automotive-insights/blog/asean-sales-production-commentary-august-2023,https://www.spglobal.com/automotive-insights/en/blogs/2023/8/asean-sales-production-commentary-august-2023,Blog or Automotive Insights,Automatic,Planning solutions,,,,,,/Analysis and reports|/Market news and updates,Vehicle production forecasts,Automotive industry forecast and analysis,,,,,,/Automotive OEMs,/Market analyst,,/Short-form article,,,,,,
https://www.mobilityglobal.com/en-us/automotive-insights/blog/fuel-for-thought-warning-signs-on-the-path-to-mass-ev-adoption,https://www.spglobal.com/automotive-insights/en/blogs/2023/8/fuel-for-thought-warning-signs-on-the-path-to-mass-ev-adoption,Blog or Automotive Insights,Automatic,Planning solutions,,,,,,/Analysis and reports|/Market news and updates,EV adoption|Market volatility trends,Electric vehicle industry,Fuel for Thought,,,,,/Automotive OEMs,/Market analyst,,/Short-form article,,,,,,
https://www.mobilityglobal.com/en-us/automotive-insights/blog/incar-gaming-key-players-developments-and-outlook,https://www.spglobal.com/automotive-insights/en/blogs/2023/8/incar-gaming-key-players-developments-and-outlook,Blog or Automotive Insights,Automatic,Planning solutions,,,,,,/Analysis and reports|/Market news and updates,Connected cars and vehicles,Future of mobility,,,,,,/Automotive OEMs|/Automotive suppliers and supply chain,/Product planner|/Technical specialists,,/Short-form article,,,,,,
https://www.mobilityglobal.com/en-us/automotive-insights/blog/autonomous-vehicle-reality-check-widespread-adoption,https://www.spglobal.com/automotive-insights/en/blogs/2023/9/autonomous-vehicle-reality-check-widespread-adoption,Blog or Automotive Insights,Automatic,Planning solutions,,,,,,/Analysis and reports|/Market news and updates,Autonomous vehicles and ADAS,Future of mobility,,,,,,/Automotive OEMs|/Automotive suppliers and supply chain,/Product planner|/Technical specialists,,/Short-form article,,,,,,
https://www.mobilityglobal.com/en-us/automotive-insights/blog/fuel-for-thought-ev-marketing-challenges-vehicle-portfolio-grows,https://www.spglobal.com/automotive-insights/en/blogs/2023/9/fuel-for-thought-ev-marketing-challenges-vehicle-portfolio-grows,Blog or Automotive Insights,Automatic,Sales solutions,,,,,,/Analysis and reports|/Market news and updates,EV adoption|Dealer and retail trends,Electric vehicle industry,Fuel for Thought,,,,,/Automotive OEMs|/Automotive dealers and retailers,/Marketing and media agencies|/Dealer / retailer,,/Short-form article,,,,,,
https://www.mobilityglobal.com/en-us/automotive-insights/blog/what-do-tesla-owners-buy-when-they-return-to-market,https://www.spglobal.com/automotive-insights/en/blogs/2023/9/what-do-tesla-owners-buy-when-they-return-to-market,Blog or Automotive Insights,Automatic,Sales solutions,,Loyalty,,,,/Analysis and reports|/Market news and updates,Consumer behavior insights,Automotive consumer trends,,,,,,/Automotive OEMs,/Market analyst,,/Short-form article,,,,,,
https://www.mobilityglobal.com/en-us/automotive-insights/blog/2024-us-presidential-election-and-the-auto-industry,https://www.spglobal.com/automotive-insights/en/blogs/2024/1/2024-us-presidential-election-and-the-auto-industry,Blog or Automotive Insights,Automatic,Planning solutions,,,,,,/Analysis and reports|/Market news and updates,Regulations and compliance,Automotive industry forecast and analysis,,,,/Policy,,/Automotive OEMs,/Government / policy maker,,/Short-form article,,,,North America,North America,United States
https://www.mobilityglobal.com/en-us/automotive-insights/blog/ev-raw-materials-supply-crunch-battery-recycling,https://www.spglobal.com/automotive-insights/en/blogs/2024/1/ev-raw-materials-supply-crunch-battery-recycling,Blog or Automotive Insights,Automatic,Planning solutions,,,,,,/Analysis and reports|/Market news and updates,Automotive supply chain disruption and resilience,EV battery technology|Supply chain resilience|Automotive supply chain,,,,,,/Automotive suppliers and supply chain|/Automotive OEMs,/Supply chain analyst|/Procurement,,/Short-form article,,,,,,
https://www.mobilityglobal.com/en-us/automotive-insights/blog/january-2024-us-auto-sales-feel-the-chill,https://www.spglobal.com/automotive-insights/en/blogs/2024/1/january-2024-us-auto-sales-feel-the-chill,Blog or Automotive Insights,Automatic,Planning solutions,,,,,,/Data and forecasts|/Market news and updates,Automotive industry forecast and analysis,Automotive industry forecast and analysis,,,,,,/Automotive OEMs,/Market analyst,,/Short-form article,,,,North America,North America,United States
https://www.mobilityglobal.com/en-us/automotive-insights/blog/bmw-hits-the-brakes-with-vehicle-recall,https://www.spglobal.com/automotive-insights/en/blogs/2024/10/bmw-hits-the-brakes-with-vehicle-recall,Blog or Automotive Insights,Automatic,Sales solutions,,,,,,/Market news and updates,Vehicle recalls and safety,Automotive industry forecast and analysis,,,,/Recall requirements,,/Automotive OEMs,/OEM strategist,,/Short-form article,,,,,,
https://www.mobilityglobal.com/en-us/automotive-insights/blog/briefcase-chips-on-the-table-india-seizes-opportunities-in-a-thriving-automotive-scene,https://www.spglobal.com/automotive-insights/en/blogs/2024/10/briefcase-chips-on-the-table-india-seizes-opportunities-in-a-thriving-automotive-scene,Blog or Automotive Insights,Automatic,Planning solutions,,,,,,/Analysis and reports|/Market news and updates,Automotive semiconductors,Automotive supply chain,BriefCASE,,,,,/Automotive OEMs|/Automotive suppliers and supply chain,/OEM strategist|/Supply chain analyst,,/Short-form article,,,,,,India
https://www.mobilityglobal.com/en-us/automotive-insights/blog/briefcase-from-adas-to-autonomy-the-strategic-moves-shaping-automakers-future,https://www.spglobal.com/automotive-insights/en/blogs/2024/10/briefcase-from-adas-to-autonomy-the-strategic-moves-shaping-automakers-future,Blog or Automotive Insights,Automatic,Planning solutions,,,,,,/Analysis and reports|/Market news and updates,Autonomous vehicles and ADAS,Future of mobility,BriefCASE,,,,,/Automotive OEMs,/OEM strategist,,/Short-form article,,,,,,
https://www.mobilityglobal.com/en-us/automotive-insights/blog/briefcase-lets-torque-tech-titans-in-the-auto-space,https://www.spglobal.com/automotive-insights/en/blogs/2024/10/briefcase-lets-torque-tech-titans-in-the-auto-space,Blog or Automotive Insights,Automatic,Planning solutions,,,,,,/Analysis and reports|/Market news and updates,Competitive landscape,Automotive supply chain,BriefCASE,,,,,/Automotive OEMs,/Competitive intelligence|/Technical specialists,,/Short-form article,,,,,,
https://www.mobilityglobal.com/en-us/automotive-insights/blog/car-model-cannibalization-analysis,https://www.spglobal.com/automotive-insights/en/blogs/2024/10/car-model-cannibalization-analysis,Blog or Automotive Insights,Automatic,Planning solutions,,,,,,/Analysis and reports|/Market news and updates,Market segmentation insights|Competitive landscape,Automotive industry forecast and analysis|Automotive consumer trends,,,,,,/Automotive OEMs,/Product planner|/Competitive intelligence,,/Short-form article,,,,,,
https://www.mobilityglobal.com/en-us/automotive-insights/blog/fuel-for-thought-2024-presidential-election-impacts-on-the-us-auto-industry,https://www.spglobal.com/automotive-insights/en/blogs/2024/10/fuel-for-thought-2024-presidential-election-impacts-on-the-us-auto-industry,Blog or Automotive Insights,Automatic,Planning solutions,,,,,,/Analysis and reports|/Market news and updates,Regulations and compliance|Macro-economic drivers,Automotive industry forecast and analysis,Fuel for Thought,,,/Policy,,/Automotive OEMs,/Government / policy maker,,/Short-form article,,,,North America,North America,United States
https://www.mobilityglobal.com/en-us/automotive-insights/blog/global-automotive-industry-and-the-energy-transition,https://www.spglobal.com/automotive-insights/en/blogs/2024/10/global-automotive-industry-and-the-energy-transition,Blog or Automotive Insights,Automatic,Planning solutions,,,,,,/Analysis and reports|/Market news and updates,,Automotive sustainability,,,,,,/Automotive OEMs,/OEM strategist,,/Short-form article,,,,,,
https://www.mobilityglobal.com/en-us/automotive-insights/blog/india-automotive-sector-defies-global-disruptions,https://www.spglobal.com/automotive-insights/en/blogs/2024/10/india-automotive-sector-defies-global-disruptions,Blog or Automotive Insights,Automatic,Planning solutions,,,,,,/Analysis and reports|/Market news and updates,,Automotive industry forecast and analysis,,,,,,/Automotive OEMs,/Market analyst,,/Short-form article,,,,,,India
https://www.mobilityglobal.com/en-us/automotive-insights/blog/key-dmas-are-driving-supply-incentives-and-competition-for-in-market-shoppe,https://www.spglobal.com/automotive-insights/en/blogs/2024/10/key-dmas-are-driving-supply-incentives-and-competition-for-in-market-shoppe,Blog or Automotive Insights,Automatic,Sales solutions,,,,,,/Analysis and reports|/Market news and updates,Dealer and retail trends|Pricing trends,Automotive industry forecast and analysis|Automotive consumer trends,,,,,,/Automotive dealers and retailers|/Automotive OEMs,/Dealer / retailer|/Marketing and media agencies,,/Short-form article,,,,,,
https://www.mobilityglobal.com/en-us/automotive-insights/blog/mainland-china-autonomous-vehicle-development-on-a-different-track,https://www.spglobal.com/automotive-insights/en/blogs/2024/10/mainland-china-autonomous-vehicle-development-on-a-different-track,Blog or Automotive Insights,Automatic,Planning solutions,,,,,,/Analysis and reports|/Market news and updates,Autonomous vehicles and ADAS,Future of mobility,,,,,,/Automotive OEMs,/Product planner|/Technical specialists,,/Short-form article,,,,Greater China,Greater China,Mainland China
https://www.mobilityglobal.com/en-us/automotive-insights/blog/october-2024-light-vehicle-production-forecast,https://www.spglobal.com/automotive-insights/en/blogs/2024/10/october-2024-light-vehicle-production-forecast,Blog or Automotive Insights,Automatic,Planning solutions,,,,,,/Data and forecasts|/Market news and updates,Vehicle production forecasts,Automotive industry forecast and analysis,,,,,,/Automotive OEMs,/Market analyst,,/Short-form article,,,,,,
https://www.mobilityglobal.com/en-us/automotive-insights/blog/rise-of-chinese-brands-in-europe,https://www.spglobal.com/automotive-insights/en/blogs/2024/10/rise-of-chinese-brands-in-europe,Blog or Automotive Insights,Automatic,Planning solutions,,,,,,/Analysis and reports|/Market news and updates,Competitive landscape,Automotive industry forecast and analysis,,,,,,/Automotive OEMs,/Competitive intelligence,,/Short-form article,,,,,,Mainland China
https://www.mobilityglobal.com/en-us/automotive-insights/blog/rising-vehicle-inventories-boost-brand-loyalty,https://www.spglobal.com/automotive-insights/en/blogs/2024/10/rising-vehicle-inventories-boost-brand-loyalty,Blog or Automotive Insights,Automatic,Sales solutions,,Loyalty,,,,/Analysis and reports|/Market news and updates,Dealer and retail trends|Loyalty,Automotive industry forecast and analysis|Automotive consumer trends,,,,,,/Automotive OEMs|/Automotive dealers and retailers,/Market analyst|/Dealer / retailer,,/Short-form article,,,,,,
https://www.mobilityglobal.com/en-us/automotive-insights/blog/rising-vehicle-inventories-boost-brand-loyalty,https://www.spglobal.com/automotive-insights/en/blogs/2024/10/trucking-in-transition-potential-impacts-of-the-2024-election,Blog or Automotive Insights,Automatic,Planning solutions,,,,,,/Analysis and reports|/Market news and updates,Regulations and compliance,Commercial vehicle market,,,,/Policy,,/Automotive OEMs|/Fleet management and leasing,/Government / policy maker|/Fleet manager,,/Short-form article,,,,North America,North America,United States
https://www.mobilityglobal.com/en-us/automotive-insights/blog/auto-repair-marketing-for-aging-vehicles,https://www.spglobal.com/automotive-insights/en/blogs/2024/11/auto-repair-marketing-for-aging-vehicles,Blog or Automotive Insights,Automatic,Sales solutions,,,,,,/Analysis and reports|/Market news and updates,Aftermarket parts and components,Automotive industry forecast and analysis|Automotive supply chain,,,,,,/Automotive aftermarket,/Aftermarket provider,,/Short-form article,,,,,,
https://www.mobilityglobal.com/en-us/automotive-insights/blog/auto-shows-in-los-angeles-and-guangzhou,https://www.spglobal.com/automotive-insights/en/blogs/2024/11/auto-shows-in-los-angeles-and-guangzhou,Blog or Automotive Insights,Automatic,Planning solutions,,,,,,/Events and webinars,Automotive industry forecast and analysis,Automotive industry forecast and analysis,,,,,,,,,/Short-form article,,,,,,
https://www.mobilityglobal.com/en-us/automotive-insights/blog/autotechinsight-interview-with-stellantis-cto-relying-solely-on-cloud-processing-is-impractical,https://www.spglobal.com/automotive-insights/en/blogs/2024/11/autotechinsight-interview-with-stellantis-cto-relying-solely-on-cloud-processing-is-impractical,Blog or Automotive Insights,Automatic,Planning solutions,,,,,,/Analysis and reports|/Market news and updates,Software defined vehicles (SDV)|Connected cars and vehicles,Software-defined vehicles,,,,,,/Automotive OEMs|/Automotive suppliers and supply chain,/Technical specialists|/OEM strategist,,/Short-form article,,,,,,
https://www.mobilityglobal.com/en-us/automotive-insights/blog/briefcase-oem-balancing-act,https://www.spglobal.com/automotive-insights/en/blogs/2024/11/briefcase-oem-balancing-act,Blog or Automotive Insights,Automatic,Planning solutions,,,,,,/Analysis and reports|/Market news and updates,Market volatility trends|Competitive landscape,Automotive industry forecast and analysis,BriefCASE,,,,,/Automotive OEMs,/OEM strategist|/Market analyst,,/Short-form article,,,,,,
https://www.mobilityglobal.com/en-us/automotive-insights/blog/briefcase-on-a-lighter-note-the-automotive-industrys-weight-loss-journey,https://www.spglobal.com/automotive-insights/en/blogs/2024/11/briefcase-on-a-lighter-note-the-automotive-industrys-weight-loss-journey,Blog or Automotive Insights,Automatic,Planning solutions,,,,,,/Analysis and reports|/Market news and updates,,Automotive supply chain,BriefCASE,,,,,/Automotive OEMs,/Product planner,,/Short-form article,,,,,,
https://www.mobilityglobal.com/en-us/automotive-insights/blog/briefcase-qualcomms-automotive-business-hits-high-gears,https://www.spglobal.com/automotive-insights/en/blogs/2024/11/briefcase-qualcomms-automotive-business-hits-high-gears,Blog or Automotive Insights,Automatic,Planning solutions,,,,,,/Analysis and reports|/Market news and updates,Automotive semiconductors,Software-defined vehicles,BriefCASE,,,,,/Automotive suppliers and supply chain|/Automotive OEMs,/Procurement|/Technical specialists,,/Short-form article,,,,,,
https://www.mobilityglobal.com/en-us/automotive-insights/blog/briefcase-tariff-trouble-will-mexicos-auto-investment-engine-splutter,https://www.spglobal.com/automotive-insights/en/blogs/2024/11/briefcase-tariff-trouble-will-mexicos-auto-investment-engine-splutter,Blog or Automotive Insights,Automatic,Planning solutions,,,,,,/Analysis and reports|/Market news and updates,,Automotive tariffs,BriefCASE,,,/Policy,,/Automotive OEMs,/OEM strategist,,/Short-form article,,,,North America,North America,Mexico
https://www.mobilityglobal.com/en-us/automotive-insights/blog/china-commercial-vehicles-production-capacity,https://www.spglobal.com/automotive-insights/en/blogs/2024/11/china-commercial-vehicles-production-capacity,Blog or Automotive Insights,Automatic,Planning solutions,,,,,,/Analysis and reports|/Market news and updates,,Automotive industry forecast and analysis|Commercial vehicle market,,,,,,/Automotive OEMs,/Product planner|/Market analyst,,/Short-form article,,,,Greater China,Greater China,Mainland China
https://www.mobilityglobal.com/en-us/automotive-insights/blog/donald-trump-wins-what-to-expect-for-the-auto-industry,https://www.spglobal.com/automotive-insights/en/blogs/2024/11/donald-trump-wins-what-to-expect-for-the-auto-industry,Blog or Automotive Insights,Automatic,Planning solutions,,,,,,/Analysis and reports|/Market news and updates,Regulations and compliance|Macro-economic drivers,Automotive industry forecast and analysis,,,,/Policy,,/Automotive OEMs,/Government / policy maker,,/Short-form article,,,,North America,North America,United States
https://www.mobilityglobal.com/en-us/automotive-insights/blog/how-eu-tariffs-will-impact-the-battery-electric-vehicle-market,https://www.spglobal.com/automotive-insights/en/blogs/2024/11/how-eu-tariffs-will-impact-the-battery-electric-vehicle-market,Blog or Automotive Insights,Automatic,Planning solutions,,,,,,/Analysis and reports|/Market news and updates,Automotive tariffs and trade policy|Market volatility trends,Automotive tariffs,,,,/Policy,,/Automotive OEMs,/OEM strategist,,/Short-form article,,,,,,
https://www.mobilityglobal.com/en-us/automotive-insights/blog/november-2024-us-auto-sales-showing-signs-of-progress,https://www.spglobal.com/automotive-insights/en/blogs/2024/11/november-2024-us-auto-sales-showing-signs-of-progress,Blog or Automotive Insights,Automatic,Planning solutions,,,,,,/Data and forecasts|/Market news and updates,Automotive industry forecast and analysis,Automotive industry forecast and analysis,,,,,,/Automotive OEMs,/Market analyst,,/Short-form article,,,,North America,North America,United States
https://www.mobilityglobal.com/en-us/automotive-insights/blog/the-evolution-of-electric-vehicle-battery-technology,https://www.spglobal.com/automotive-insights/en/blogs/2024/11/the-evolution-of-electric-vehicle-battery-technology,Blog or Automotive Insights,Automatic,Planning solutions,,,,,,/Analysis and reports|/Market news and updates,EV battery technology,EV battery technology,,,,,,/Automotive OEMs|/Automotive suppliers and supply chain,/Product planner|/Technical specialists,,/Short-form article,,,,,,
https://www.mobilityglobal.com/en-us/automotive-insights/blog/under-the-radar-benefit-of-incremental-hybrid-vehicles,https://www.spglobal.com/automotive-insights/en/blogs/2024/11/under-the-radar-benefit-of-incremental-hybrid-vehicles,Blog or Automotive Insights,Automatic,Planning solutions,,,,,,/Analysis and reports|/Market news and updates,EV adoption,Automotive industry forecast and analysis,,,,,,/Automotive OEMs,/Product planner,,/Short-form article,,,,,,
https://www.mobilityglobal.com/en-us/automotive-insights/blog/automotive-industry-financed-emissions-decarbonization,https://www.spglobal.com/automotive-insights/en/blogs/2024/12/automotive-industry-financed-emissions-decarbonization,Blog or Automotive Insights,Automatic,Planning solutions,,,,,,/Analysis and reports|/Market news and updates,,Automotive sustainability ,,,,/Emissions standards,,/Automotive OEMs,/Government / policy maker,,/Short-form article,,,,,,
https://www.mobilityglobal.com/en-us/automotive-insights/blog/automotive-industry-forecast-2025-tariffs-evs,https://www.spglobal.com/automotive-insights/en/blogs/2024/12/automotive-industry-forecast-2025-tariffs-evs,Blog or Automotive Insights,Automatic,Planning solutions,,,,,,/Data and forecasts|/Market news and updates,Automotive industry forecast and analysis|Automotive tariffs and trade policy,Automotive industry forecast and analysis|Automotive tariffs|Electric vehicle industry,,,,,,/Automotive OEMs,/Market analyst,,/Short-form article,,,,,,
https://www.mobilityglobal.com/en-us/automotive-insights/blog/automotive-supply-chain-data-for-investors,https://www.spglobal.com/automotive-insights/en/blogs/2024/12/automotive-supply-chain-data-for-investors,Blog or Automotive Insights,Automatic,Planning solutions,,,,,,/Analysis and reports|/Market news and updates,Automotive supply chain disruption and resilience|Automotive supply chain risk management,Automotive supply chain,,,,,,/Automotive suppliers and supply chain,/Sector and company analysts|/Supply chain analyst,,/Short-form article,,,,,,
https://www.mobilityglobal.com/en-us/automotive-insights/blog/auto-sales-december-2024-us,https://www.spglobal.com/automotive-insights/en/blogs/2024/12/auto-sales-december-2024-us,Blog or Automotive Insights,Automatic,Planning solutions,,,,,,/Data and forecasts|/Market news and updates,Automotive industry forecast and analysis,Automotive industry forecast and analysis,,,,,,/Automotive OEMs,/Market analyst,,/Short-form article,,,,North America,North America,United States
https://www.mobilityglobal.com/en-us/automotive-insights/blog/briefcase-nhtsa-ups-the-ante-on-adas-tech-evaluation,https://www.spglobal.com/automotive-insights/en/blogs/2024/12/briefcase-nhtsa-ups-the-ante-on-adas-tech-evaluation,Blog or Automotive Insights,Automatic,Planning solutions,,,,,,/Analysis and reports|/Market news and updates,Autonomous vehicles and ADAS|Regulations and compliance,Automotive industry forecast and analysis,BriefCASE,,,/Safety regulations,,/Automotive OEMs,/Government / policy maker,,/Short-form article,,,,,,
https://www.mobilityglobal.com/en-us/automotive-insights/blog/briefcase-sibs-and-ssbs-dynamic-duo-challenge-ev-battery-market,https://www.spglobal.com/automotive-insights/en/blogs/2024/12/briefcase-sibs-and-ssbs-dynamic-duo-challenge-ev-battery-market,Blog or Automotive Insights,Automatic,Planning solutions,,,,,,/Analysis and reports|/Market news and updates,EV battery technology,EV battery technology,BriefCASE,,,,,/Automotive OEMs|/Automotive suppliers and supply chain,/Product planner|/Technical specialists,,/Short-form article,,,,,,
https://www.mobilityglobal.com/en-us/automotive-insights/blog/briefcase-the-2024-year-end-review,https://www.spglobal.com/automotive-insights/en/blogs/2024/12/briefcase-the-2024-year-end-review,Blog or Automotive Insights,Automatic,Planning solutions,,,,,,/Analysis and reports|/Market news and updates,Automotive industry forecast and analysis,Automotive industry forecast and analysis|Automotive supply chain,BriefCASE,,,,,/Automotive OEMs,/Market analyst,,/Short-form article,,,,,,
https://www.mobilityglobal.com/en-us/automotive-insights/blog/car-dealerships-inventory-management-strategies,https://www.spglobal.com/automotive-insights/en/blogs/2024/12/car-dealerships-inventory-management-strategies,Blog or Automotive Insights,Automatic,Sales solutions,,,,,,/Analysis and reports|/Market news and updates,Dealer and retail trends,Automotive industry forecast and analysis,,,,,,/Automotive dealers and retailers,/Dealer / retailer,,/Short-form article,,,,,,
https://www.mobilityglobal.com/en-us/automotive-insights/blog/china-commercial-vehicles-trucks-forecast,https://www.spglobal.com/automotive-insights/en/blogs/2024/12/china-commercial-vehicles-trucks-forecast,Blog or Automotive Insights,Automatic,Planning solutions,,,,,,/Data and forecasts|/Market news and updates,,Automotive industry forecast and analysis|Commercial vehicle market,,,,,,/Automotive OEMs,/Market analyst,,/Short-form article,,,,Greater China,Greater China,Mainland China
https://www.mobilityglobal.com/en-us/automotive-insights/blog/december-2024-vehicle-production-forecast,https://www.spglobal.com/automotive-insights/en/blogs/2024/12/december-2024-vehicle-production-forecast,Blog or Automotive Insights,Automatic,Planning solutions,,,,,,/Data and forecasts|/Market news and updates,Vehicle production forecasts,Automotive industry forecast and analysis,,,,,,/Automotive OEMs,/Market analyst,,/Short-form article,,,,,,
https://www.mobilityglobal.com/en-us/automotive-insights/blog/european-union-carbon-emissions-regulations-vehicles,https://www.spglobal.com/automotive-insights/en/blogs/2024/12/european-union-carbon-emissions-regulations-vehicles,Blog or Automotive Insights,Automatic,Planning solutions,,,,,,/Analysis and reports|/Market news and updates,Automotive sustainability and ESG,Automotive sustainability,,,,/Emissions standards,,/Automotive OEMs,/Government / policy maker,,/Short-form article,,,,,,
https://www.mobilityglobal.com/en-us/automotive-insights/blog/ev-sales-slowdown-cost-cuts-job-losses,https://www.spglobal.com/automotive-insights/en/blogs/2024/12/ev-sales-slowdown-cost-cuts-job-losses,Blog or Automotive Insights,Automatic,Planning solutions,,,,,,/Analysis and reports|/Market news and updates,EV adoption|Market volatility trends,Electric vehicle industry,,,,,,/Automotive OEMs,/Market analyst,,/Short-form article,,,,,,
https://www.mobilityglobal.com/en-us/automotive-insights/blog/federal-rate-cuts-automotive-lender-business,https://www.spglobal.com/automotive-insights/en/blogs/2024/12/federal-rate-cuts-automotive-lender-business,Blog or Automotive Insights,Automatic,Sales solutions,,,,,,/Analysis and reports|/Market news and updates,Dealer and retail trends,Automotive industry forecast and analysis,,,,,,/Fleet management and leasing,/Leasing / financial services,,/Short-form article,,,,,,
https://www.mobilityglobal.com/en-us/automotive-insights/blog/hybrids-thrive-as-electric-vehicle-growth-momentum-slows,https://www.spglobal.com/automotive-insights/en/blogs/2024/12/hybrids-thrive-as-electric-vehicle-growth-momentum-slows,Blog or Automotive Insights,Automatic,Planning solutions,,,,,,/Analysis and reports|/Market news and updates,EV adoption|Market segmentation insights,Electric vehicle industry,,,,,,/Automotive OEMs,/Market analyst,,/Short-form article,,,,,,
https://www.mobilityglobal.com/en-us/automotive-insights/blog/risks-and-rewards-of-automakers-on-software-defined-vehicles,https://www.spglobal.com/automotive-insights/en/blogs/2024/12/risks-and-rewards-of-automakers-on-software-defined-vehicles,Blog or Automotive Insights,Automatic,Planning solutions,,,,,,/Analysis and reports|/Market news and updates,Software defined vehicles (SDV),Software-defined vehicles|Automotive supply chain|Future of mobility,,,,,,/Automotive OEMs,/OEM strategist|/Product planner,,/Short-form article,,,,,,
https://www.mobilityglobal.com/en-us/automotive-insights/blog/what-oems-dealers-lenders-need-know-about-auto-lease-returns-2025,https://www.spglobal.com/automotive-insights/en/blogs/2024/12/what-oems-dealers-lenders-need-know-about-auto-lease-returns-2025,Blog or Automotive Insights,Automatic,Sales solutions,,Loyalty,,,,/Analysis and reports|/Market news and updates,Dealer and retail trends,Automotive consumer trends,,,,,,/Automotive OEMs|/Automotive dealers and retailers|/Fleet management and leasing,/OEM strategist|/Dealer / retailer|/Leasing / financial services,,/Short-form article,,,,,,
https://www.mobilityglobal.com/en-us/automotive-insights/blog/briefcase-navigating-the-red-sea-crisis,https://www.spglobal.com/automotive-insights/en/blogs/2024/2/briefcase-navigating-the-red-sea-crisis,Blog or Automotive Insights,Automatic,Planning solutions,,,,,,/Analysis and reports|/Market news and updates,Automotive supply chain disruption and resilience|Market volatility trends,Supply chain resilience,BriefCASE,,,,,/Automotive suppliers and supply chain,/Supply chain analyst,,/Short-form article,,,,,,
https://www.mobilityglobal.com/en-us/automotive-insights/blog/sp-global-mobility-28th-annual-automotive-loyalty-awards,https://www.spglobal.com/automotive-insights/en/blogs/2024/2/sp-global-mobility-28th-annual-automotive-loyalty-awards,Blog or Automotive Insights,Automatic,Sales solutions,,Loyalty,,,,/Events and webinars|/Analysis and reports,Loyalty,Automotive consumer trends,,,,,,/Automotive OEMs,/Market analyst,,/Short-form article,,,,,,
https://www.mobilityglobal.com/en-us/automotive-insights/blog/sp-global-mobility-expands-partnership-with-automotive-news,https://www.spglobal.com/automotive-insights/en/blogs/2024/2/sp-global-mobility-expands-partnership-with-automotive-news,Blog or Automotive Insights,Automatic,,,,,,,/Market news and updates,Automotive industry forecast and analysis,Automotive industry forecast and analysis,,,,,,,,,/Short-form article,,,,,,
https://www.mobilityglobal.com/en-us/automotive-insights/blog/us-commercial-vehicle-market-grew-14-percent-in-2023,https://www.spglobal.com/automotive-insights/en/blogs/2024/2/us-commercial-vehicle-market-grew-14-percent-in-2023,Blog or Automotive Insights,Automatic,Planning solutions,,,,,,/Analysis and reports|/Market news and updates,Global automotive markets,Automotive industry forecast and analysis|Commercial vehicle market,,,,,,/Automotive OEMs,/Market analyst,,/Short-form article,,,,North America,North America,United States
https://www.mobilityglobal.com/en-us/automotive-insights/blog/briefcase-climate-politics-frances-carbon-footprint-incentive,https://www.spglobal.com/automotive-insights/en/blogs/2024/3/briefcase-climate-politics-frances-carbon-footprint-incentive,Blog or Automotive Insights,Automatic,Planning solutions,,,,,,/Analysis and reports|/Market news and updates,Regulations and compliance|Automotive sustainability and ESG,Automotive sustainability,BriefCASE,,,/Policy|/Emissions standards,,/Automotive OEMs,/Government / policy maker,,/Short-form article,,,,Europe,Europe,France
https://www.mobilityglobal.com/en-us/automotive-insights/blog/briefcase-indias-road-to-adas-adoption,https://www.spglobal.com/automotive-insights/en/blogs/2024/3/briefcase-indias-road-to-adas-adoption,Blog or Automotive Insights,Automatic,Planning solutions,,,,,,/Analysis and reports|/Market news and updates,Autonomous vehicles and ADAS,Future of mobility,BriefCASE,,,,,/Automotive OEMs,/OEM strategist,,/Short-form article,,,,,,India
https://www.mobilityglobal.com/en-us/automotive-insights/blog/briefcase-sodium-ion-batteries-to-unseat-lithium,https://www.spglobal.com/automotive-insights/en/blogs/2024/3/briefcase-sodium-ion-batteries-to-unseat-lithium,Blog or Automotive Insights,Automatic,Planning solutions,,,,,,/Analysis and reports|/Market news and updates,EV battery technology,EV battery technology,BriefCASE,,,,,/Automotive OEMs|/Automotive suppliers and supply chain,/Product planner|/Technical specialists,,/Short-form article,,,,,,
https://www.mobilityglobal.com/en-us/automotive-insights/blog/february-2024-us-auto-sales-to-bounce-mildly,https://www.spglobal.com/automotive-insights/en/blogs/2024/3/february-2024-us-auto-sales-to-bounce-mildly,Blog or Automotive Insights,Automatic,Planning solutions,,,,,,/Data and forecasts|/Market news and updates,Automotive industry forecast and analysis,Automotive industry forecast and analysis,,,,,,/Automotive OEMs,/Market analyst,,/Short-form article,,,,North America,North America,United States
https://www.mobilityglobal.com/en-us/automotive-insights/blog/fuel-for-thought-the-road-to-transformation-charting-the-cours,https://www.spglobal.com/automotive-insights/en/blogs/2024/3/fuel-for-thought-the-road-to-transformation-charting-the-cours,Blog or Automotive Insights,Automatic,Planning solutions,,,,,,/Analysis and reports|/Market news and updates,,Future of mobility,Fuel for Thought,,,,,/Automotive OEMs,/OEM strategist,,/Short-form article,,,,,,
https://www.mobilityglobal.com/en-us/automotive-insights/blog/march-2024-us-auto-sales-reflect-uneasy-progress,https://www.spglobal.com/automotive-insights/en/blogs/2024/3/march-2024-us-auto-sales-reflect-uneasy-progress,Blog or Automotive Insights,Automatic,Planning solutions,,,,,,/Data and forecasts|/Market news and updates,Automotive industry forecast and analysis,Automotive industry forecast and analysis,,,,,,/Automotive OEMs,/Market analyst,,/Short-form article,,,,North America,North America,United States
https://www.mobilityglobal.com/en-us/automotive-insights/blog/us-commercial-truck-market-beats-growth-expectations-new-insights,https://www.spglobal.com/automotive-insights/en/blogs/2024/3/us-commercial-truck-market-beats-growth-expectations-new-insights,Blog or Automotive Insights,Automatic,Planning solutions,,,,,,/Analysis and reports|/Market news and updates,,Commercial vehicle market,,,,,,/Automotive OEMs,/Market analyst,,/Short-form article,,,,North America,North America,United States
https://www.mobilityglobal.com/en-us/automotive-insights/blog/us-ev-sales-grew-nearly-52-in-2023,https://www.spglobal.com/automotive-insights/en/blogs/2024/3/us-ev-sales-grew-nearly-52-in-2023,Blog or Automotive Insights,Automatic,Planning solutions,,,,,,/Analysis and reports|/Market news and updates,EV adoption|Market segmentation insights,Electric vehicle industry,,,,,,/Automotive OEMs,/Market analyst,,/Short-form article,,,,North America,North America,United States
https://www.mobilityglobal.com/en-us/automotive-insights/blog/us-graphite-supply-chain-expansion-dimming-import-needs,https://www.spglobal.com/automotive-insights/en/blogs/2024/3/us-graphite-supply-chain-expansion-dimming-import-needs,Blog or Automotive Insights,Automatic,Planning solutions,,,,,,/Analysis and reports|/Market news and updates,Automotive supply chain disruption and resilience,EV battery technology|Automotive supply chain,,,,,,/Automotive suppliers and supply chain,/Supply chain analyst,,/Short-form article,,,,North America,North America,United States
https://www.mobilityglobal.com/en-us/automotive-insights/blog/april-2024-us-auto-sales,https://www.spglobal.com/automotive-insights/en/blogs/2024/4/april-2024-us-auto-sales,Blog or Automotive Insights,Automatic,Planning solutions,,,,,,/Data and forecasts|/Market news and updates,Automotive industry forecast and analysis,Automotive industry forecast and analysis,,,,,,/Automotive OEMs,/Market analyst,,/Short-form article,,,,North America,North America,United States
https://www.mobilityglobal.com/en-us/automotive-insights/blog/briefcase-taiwan-earthquake-puts-spotlight-back-on-chip-supply,https://www.spglobal.com/automotive-insights/en/blogs/2024/4/briefcase-taiwan-earthquake-puts-spotlight-back-on-chip-supply,Blog or Automotive Insights,Automatic,Planning solutions,,,,,,/Analysis and reports|/Market news and updates,Automotive semiconductors|Automotive supply chain disruption and resilience,Automotive supply chain|Supply chain resilience,BriefCASE,,,,,/Automotive suppliers and supply chain|/Automotive OEMs,/Supply chain analyst|/Procurement,,/Short-form article,,,,,,
https://www.mobilityglobal.com/en-us/automotive-insights/blog/electric-vehicles-battery-production-india,https://www.spglobal.com/automotive-insights/en/blogs/2024/4/electric-vehicles-battery-production-india,Blog or Automotive Insights,Automatic,Planning solutions,,,,,,/Analysis and reports|/Market news and updates,EV battery technology,EV battery technology,,,,,,/Automotive OEMs,/Product planner,,/Short-form article,,,,,,India
https://www.mobilityglobal.com/en-us/automotive-insights/blog/automotive-marketing-electric-vehicles,https://www.spglobal.com/automotive-insights/en/blogs/2024/5/automotive-marketing-electric-vehicles,Blog or Automotive Insights,Automatic,Sales solutions,,,,,,/Analysis and reports|/Market news and updates,EV adoption|Dealer and retail trends,Electric vehicle industry|Automotive consumer trends,,,,,,/Automotive OEMs|/Automotive dealers and retailers,/Marketing and media agencies|/Dealer / retailer,,/Short-form article,,,,,,
https://www.mobilityglobal.com/en-us/automotive-insights/blog/average-age-vehicles-united-states-2024,https://www.spglobal.com/automotive-insights/en/blogs/2024/5/average-age-vehicles-united-states-2024,Blog or Automotive Insights,Automatic,Sales solutions,,,,,,/Analysis and reports|/Market news and updates,Automotive industry forecast and analysis,Automotive industry forecast and analysis,,,,,,/Automotive aftermarket,/Aftermarket provider,,/Short-form article,,,,North America,North America,United States
https://www.mobilityglobal.com/en-us/automotive-insights/blog/briefcase-can-data-privacy-concerns-spoil-connected-car-party,https://www.spglobal.com/automotive-insights/en/blogs/2024/5/briefcase-can-data-privacy-concerns-spoil-connected-car-party,Blog or Automotive Insights,Automatic,Planning solutions,,,,,,/Analysis and reports|/Market news and updates,Connected cars and vehicles|Regulations and compliance,Automotive industry forecast and analysis,BriefCASE,,,/Data privacy,,/Automotive OEMs,/Government / policy maker,,/Short-form article,,,,,,
https://www.mobilityglobal.com/en-us/automotive-insights/blog/briefcase-eu-regulations-to-spark-surge-ev-charging-convenience,https://www.spglobal.com/automotive-insights/en/blogs/2024/5/briefcase-eu-regulations-to-spark-surge-ev-charging-convenience,Blog or Automotive Insights,Automatic,Planning solutions,,,,,,/Analysis and reports|/Market news and updates,EV charging infrastructure|Regulations and compliance,Electric vehicle industry,BriefCASE,,,/Policy,,/Automotive OEMs,/Government / policy maker,,/Short-form article,,,,,,
https://www.mobilityglobal.com/en-us/automotive-insights/blog/briefcase-india-new-electric-vehicle-policy,https://www.spglobal.com/automotive-insights/en/blogs/2024/5/briefcase-india-new-electric-vehicle-policy,Blog or Automotive Insights,Automatic,Planning solutions,,,,,,/Analysis and reports|/Market news and updates,Regulations and compliance,Electric vehicle industry,BriefCASE,,,/Policy,,/Automotive OEMs,/Government / policy maker,,/Short-form article,,,,,,India
https://www.mobilityglobal.com/en-us/automotive-insights/blog/briefcase-software-defined-vehicles-identity-crisis-for-auto,https://www.spglobal.com/automotive-insights/en/blogs/2024/5/briefcase-software-defined-vehicles-identity-crisis-for-auto,Blog or Automotive Insights,Automatic,Planning solutions,,,,,,/Analysis and reports|/Market news and updates,Software defined vehicles (SDV),Software-defined vehicles,BriefCASE,,,,,/Automotive OEMs,/OEM strategist,,/Short-form article,,,,,,
https://www.mobilityglobal.com/en-us/automotive-insights/blog/briefcase-the-game-of-tariffs-ev-battery-imports,https://www.spglobal.com/automotive-insights/en/blogs/2024/5/briefcase-the-game-of-tariffs-ev-battery-imports,Blog or Automotive Insights,Automatic,Planning solutions,,,,,,/Analysis and reports|/Market news and updates,Automotive tariffs and trade policy | EV battery technology,Automotive tariffs,BriefCASE,,,/Policy,,/Automotive OEMs|/Automotive suppliers and supply chain,/OEM strategist|/Government / policy maker,,/Short-form article,,,,,,
https://www.mobilityglobal.com/en-us/automotive-insights/blog/electric-motors-eaxles-growth-trends,https://www.spglobal.com/automotive-insights/en/blogs/2024/5/electric-motors-eaxles-growth-trends,Blog or Automotive Insights,Automatic,Planning solutions,,,,,,/Analysis and reports|/Market news and updates,Automotive parts and components,Automotive supply chain,,,,,,/Automotive OEMs|/Automotive suppliers and supply chain,/Product planner|/Technical specialists,,/Short-form article,,,,,,
https://www.mobilityglobal.com/en-us/automotive-insights/blog/fuel-for-thought-average-age-vehicles-2024,https://www.spglobal.com/automotive-insights/en/blogs/2024/5/fuel-for-thought-average-age-vehicles-2024,Blog or Automotive Insights,Automatic,Sales solutions,,,,,,/Analysis and reports|/Market news and updates,Automotive industry forecast and analysis,Automotive industry forecast and analysis,Fuel for Thought,,,,,/Automotive aftermarket,/Aftermarket provider,,/Short-form article,,,,,,
https://www.mobilityglobal.com/en-us/automotive-insights/blog/global-ev-demand-raises-concerns-about-battery-cell,https://www.spglobal.com/automotive-insights/en/blogs/2024/5/global-ev-demand-raises-concerns-about-battery-cell,Blog or Automotive Insights,Automatic,Planning solutions,,,,,,/Analysis and reports|/Market news and updates,EV battery technology| EV adoption | Automotive supply chain disruption and resilience,Electric vehicle industry|EV battery technology,,,,,,/Automotive OEMs|/Automotive suppliers and supply chain,/OEM strategist|/Supply chain analyst,,/Short-form article,,,,,,
https://www.mobilityglobal.com/en-us/automotive-insights/blog/may-2024-automotive-sales-united-states,https://www.spglobal.com/automotive-insights/en/blogs/2024/5/may-2024-automotive-sales-united-states,Blog or Automotive Insights,Automatic,Planning solutions,,,,,,/Data and forecasts|/Market news and updates,Automotive industry forecast and analysis,Automotive industry forecast and analysis,,,,,,/Automotive OEMs,/Market analyst,,/Short-form article,,,,North America,North America,United States
https://www.mobilityglobal.com/en-us/automotive-insights/blog/9-highlights-survey-autonomous-vehicles,https://www.spglobal.com/automotive-insights/en/blogs/2024/6/9-highlights-survey-autonomous-vehicles,Blog or Automotive Insights,Automatic,Planning solutions,,,,,,/Analysis and reports,Autonomous vehicles and ADAS,Future of mobility,,,,,,/Automotive OEMs,/Product planner,,/Short-form article,,,,,,
https://www.mobilityglobal.com/en-us/automotive-insights/blog/automotive-insights-q1-2024-canadian-ev-information-and-analysis,https://www.spglobal.com/automotive-insights/en/blogs/2024/6/automotive-insights-q1-2024-canadian-ev-information-and-analys,Blog or Automotive Insights,Automatic,Planning solutions,,,,,,/Analysis and reports,EV adoption|Market segmentation insights,Electric vehicle industry,,,,,,/Automotive OEMs,/Market analyst,,/Short-form article,,,,North America,North America,Canada
https://www.mobilityglobal.com/en-us/automotive-insights/blog/briefcase-automotive-semiconductor-industry-positive-outlook,https://www.spglobal.com/automotive-insights/en/blogs/2024/6/briefcase-automotive-semiconductor-industry-positive-outlook,Blog or Automotive Insights,Automatic,Planning solutions,,,,,,/Analysis and reports|/Market news and updates,Automotive semiconductors,Automotive supply chain|Supply chain resilience,BriefCASE,,,,,/Automotive suppliers and supply chain|/Automotive OEMs,/Supply chain analyst|/Procurement,,/Short-form article,,,,,,
https://www.mobilityglobal.com/en-us/automotive-insights/blog/briefcase-chinese-suppliers-gain-strong-foothold-lidar-market,https://www.spglobal.com/automotive-insights/en/blogs/2024/6/briefcase-chinese-suppliers-gain-strong-foothold-lidar-market,Blog or Automotive Insights,Automatic,Planning solutions,,,,,,/Analysis and reports|/Market news and updates,Autonomous vehicles and ADAS|Automotive parts and components|Competitive landscape,Automotive supply chain,BriefCASE,,,,,/Automotive suppliers and supply chain|/Automotive OEMs,/Supply chain analyst|/Competitive intelligence,,/Short-form article,,,,Greater China,Greater China,Mainland China
https://www.mobilityglobal.com/en-us/automotive-insights/blog/briefcase-ev-manufacturing-in-thailand-chinese-automakers,https://www.spglobal.com/automotive-insights/en/blogs/2024/6/briefcase-ev-manufacturing-in-thailand-chinese-automakers,Blog or Automotive Insights,Automatic,Planning solutions,,,,,,/Analysis and reports|/Market news and updates,Global automotive markets|Vehicle production forecasts,Electric vehicle industry|Automotive industry forecast and analysis,BriefCASE,,,,,/Automotive OEMs,/OEM strategist|/Market analyst,,/Short-form article,,,,,,
https://www.mobilityglobal.com/en-us/automotive-insights/blog/connectivity-and-ota-updates,https://www.spglobal.com/automotive-insights/en/blogs/2024/6/connectivity-and-ota-updates,Blog or Automotive Insights,Automatic,Planning solutions,,,,,,/Analysis and reports|/Market news and updates,Connected cars and vehicles|Software defined vehicles (SDV),Software-defined vehicles,,,,,,/Automotive OEMs,/Product planner|/Technical specialists,,/Short-form article,,,,,,
https://www.mobilityglobal.com/en-us/automotive-insights/blog/demographic-marketing-automotive-industry,https://www.spglobal.com/automotive-insights/en/blogs/2024/6/demographic-marketing-automotive-industry,Blog or Automotive Insights,Automatic,Sales solutions,,,,,,/Analysis and reports,Demographic trends|Consumer behavior insights,Automotive consumer trends,,,,,,/Automotive OEMs,/Marketing and media agencies,,/Short-form article,,,,,,
https://www.mobilityglobal.com/en-us/automotive-insights/blog/electric-vehicle-growth-canada-usa,https://www.spglobal.com/automotive-insights/en/blogs/2024/6/electric-vehicle-growth-canada-usa,Blog or Automotive Insights,Automatic,Planning solutions,,,,,,/Analysis and reports|/Market news and updates,EV adoption|Market segmentation insights,Electric vehicle industry,,,,,,/Automotive OEMs,/Market analyst,,/Short-form article,,,,,,
https://www.mobilityglobal.com/en-us/automotive-insights/blog/powertrain-and-investments-propel-americas-electrification,https://www.spglobal.com/automotive-insights/en/blogs/2024/6/powertrain-and-investments-propel-americas-electrification,Blog or Automotive Insights,Automatic,Planning solutions,,,,,,/Analysis and reports|/Market news and updates,,Automotive industry forecast and analysis,,,,,,/Automotive OEMs,/Product planner|/OEM strategist,,/Short-form article,,,,,,
https://www.mobilityglobal.com/en-us/automotive-insights/blog/surprising-trends-us-electric-vehicle-market,https://www.spglobal.com/automotive-insights/en/blogs/2024/6/surprising-trends-us-electric-vehicle-market,Blog or Automotive Insights,Automatic,Planning solutions,,,,,,/Analysis and reports|/Market news and updates,EV adoption|Market segmentation insights,Electric vehicle industry,,,,,,/Automotive OEMs,/Market analyst,,/Short-form article,,,,North America,North America,United States
https://www.mobilityglobal.com/en-us/automotive-insights/blog/us-auto-sales-june-2024,https://www.spglobal.com/automotive-insights/en/blogs/2024/6/us-auto-sales-june-2024,Blog or Automotive Insights,Automatic,Planning solutions,,,,,,/Data and forecasts|/Market news and updates,Automotive industry forecast and analysis,Automotive industry forecast and analysis,,,,,,/Automotive OEMs,/Market analyst,,/Short-form article,,,,North America,North America,United States
https://www.mobilityglobal.com/en-us/automotive-insights/blog/a-breakdown-on-europe-chinese-ev-tariffs,https://www.spglobal.com/automotive-insights/en/blogs/2024/7/a-breakdown-on-europe-chinese-ev-tariffs,Blog or Automotive Insights,Automatic,Planning solutions,,,,,,/Analysis and reports|/Market news and updates,Automotive tariffs and trade policy ,Automotive tariffs|Electric vehicle industry,,,,/Policy,,/Automotive OEMs,/OEM strategist|/Government / policy maker,,/Short-form article,,,,,,Mainland China
https://www.mobilityglobal.com/en-us/automotive-insights/blog/auto-industry-responds-to-eu-tariffs-on-china-evs,https://www.spglobal.com/automotive-insights/en/blogs/2024/7/auto-industry-responds-to-eu-tariffs-on-china-evs,Blog or Automotive Insights,Automatic,Planning solutions,,,,,,/Analysis and reports|/Market news and updates,Automotive tariffs and trade policy,Automotive tariffs|Electric vehicle industry,,,,/Policy,,/Automotive OEMs,/OEM strategist|/Government / policy maker,,/Short-form article,,,,,,Mainland China
https://www.mobilityglobal.com/en-us/automotive-insights/blog/briefcase-how-rivian-deal-propels-volkswagen-forward-sdv-race,https://www.spglobal.com/automotive-insights/en/blogs/2024/7/briefcase-how-rivian-deal-propels-volkswagen-forward-sdv-race,Blog or Automotive Insights,Automatic,Planning solutions,,,,,,/Analysis and reports|/Market news and updates,Software defined vehicles (SDV)|Competitive landscape | Software-defined vehicles,Software-defined vehicles,BriefCASE,,,,,/Automotive OEMs,/OEM strategist|/Competitive intelligence,,/Short-form article,,,,,,
https://www.mobilityglobal.com/en-us/automotive-insights/blog/briefcase-oems-battery-sourcing-conundrum,https://www.spglobal.com/automotive-insights/en/blogs/2024/7/briefcase-oems-battery-sourcing-conundrum,Blog or Automotive Insights,Automatic,Planning solutions,,,,,,/Analysis and reports|/Market news and updates,EV battery technology | Automotive supply chain risk management,EV battery technology|Automotive supply chain,BriefCASE,,,,,/Automotive OEMs,/Procurement|/Supply chain analyst,,/Short-form article,,,,,,
https://www.mobilityglobal.com/en-us/automotive-insights/blog/fuel-for-thought-ev-battery-energy-demand-forecast,https://www.spglobal.com/automotive-insights/en/blogs/2024/7/fuel-for-thought-ev-battery-energy-demand-forecast,Blog or Automotive Insights,Automatic,Planning solutions,,,,,,/Data and forecasts|/Analysis and reports,EV battery technology,Automotive industry forecast and analysis|EV battery technology,Fuel for Thought,,,,,/Automotive OEMs|/Automotive suppliers and supply chain,/Product planner|/Supply chain analyst,,/Short-form article,,,,,,
https://www.mobilityglobal.com/en-us/automotive-insights/blog/july-light-vehicle-production-forecast,https://www.spglobal.com/automotive-insights/en/blogs/2024/7/july-light-vehicle-production-forecast,Blog or Automotive Insights,Automatic,Planning solutions,,,,,,/Data and forecasts|/Market news and updates,Vehicle production forecasts,Automotive industry forecast and analysis,,,,,,/Automotive OEMs,/Market analyst,,/Short-form article,,,,,,
https://www.mobilityglobal.com/en-us/automotive-insights/blog/july-us-auto-sales-to-realize-bounce-from-june-impacts,https://www.spglobal.com/automotive-insights/en/blogs/2024/7/july-us-auto-sales-to-realize-bounce-from-june-impacts,Blog or Automotive Insights,Automatic,Planning solutions,,,,,,/Data and forecasts|/Market news and updates,Automotive industry forecast and analysis,Automotive industry forecast and analysis,,,,,,/Automotive OEMs,/Market analyst,,/Short-form article,,,,North America,North America,United States
https://www.mobilityglobal.com/en-us/automotive-insights/blog/toyota-tundra-represents-growing-competition-in-pickup-segment,https://www.spglobal.com/automotive-insights/en/blogs/2024/7/toyota-tundra-represents-growing-competition-in-pickup-segment,Blog or Automotive Insights,Automatic,Planning solutions,,,,,,/Analysis and reports|/Market news and updates,Competitive landscape|Market segmentation insights,Automotive industry forecast and analysis,,,,,,/Automotive OEMs,/Competitive intelligence|/Market analyst,,/Short-form article,,,,,,
https://www.mobilityglobal.com/en-us/automotive-insights/blog/august-2024-auto-sales-united-states,https://www.spglobal.com/automotive-insights/en/blogs/2024/8/august-2024-auto-sales-united-states,Blog or Automotive Insights,Automatic,Planning solutions,,,,,,/Data and forecasts|/Market news and updates,Automotive industry forecast and analysis,Automotive industry forecast and analysis,,,,,,/Automotive OEMs,/Market analyst,,/Short-form article,,,,North America,North America,United States
https://www.mobilityglobal.com/en-us/automotive-insights/blog/automakers-struggle-to-sustain-profit-margins,https://www.spglobal.com/automotive-insights/en/blogs/2024/8/automakers-struggle-to-sustain-profit-margins,Blog or Automotive Insights,Automatic,Planning solutions,,,,,,/Analysis and reports|/Market news and updates,Market volatility trends,Automotive industry forecast and analysis,,,,,,/Automotive OEMs,/OEM strategist,,/Short-form article,,,,,,
https://www.mobilityglobal.com/en-us/automotive-insights/blog/automotive-loyalty-hybrid-electric-vehicle-buyers,https://www.spglobal.com/automotive-insights/en/blogs/2024/8/automotive-loyalty-hybrid-electric-vehicle-buyers,Blog or Automotive Insights,Automatic,Sales solutions,,Loyalty,,,,/Analysis and reports,Automotive consumer demand,Automotive consumer trends,,,,,,/Automotive OEMs,/Market analyst,,/Short-form article,,,,,,
https://www.mobilityglobal.com/en-us/automotive-insights/blog/briefcase-another-semiconductor-shortage-may-be-coming,https://www.spglobal.com/automotive-insights/en/blogs/2024/8/briefcase-another-semiconductor-shortage-may-be-coming,Blog or Automotive Insights,Automatic,Planning solutions,,,,,,/Analysis and reports|/Market news and updates,Automotive semiconductors | Automotive supply chain disruption and resilience,Automotive supply chain,BriefCASE,,,,,/Automotive suppliers and supply chain|/Automotive OEMs,/Supply chain analyst|/Procurement,,/Short-form article,,,,,,
https://www.mobilityglobal.com/en-us/automotive-insights/blog/briefcase-ev-software-challenges-lessons-from-volvo-and-volksw,https://www.spglobal.com/automotive-insights/en/blogs/2024/8/briefcase-ev-software-challenges-lessons-from-volvo-and-volksw,Blog or Automotive Insights,Automatic,Planning solutions,,,,,,/Analysis and reports|/Market news and updates,Software defined vehicles (SDV),Software-defined vehicles,BriefCASE,,,,,/Automotive OEMs,/OEM strategist|/Technical specialists,,/Short-form article,,,,,,
https://www.mobilityglobal.com/en-us/automotive-insights/blog/briefcase-south-korean-companies-eye-low-cost-lfp-battery-mkt,https://www.spglobal.com/automotive-insights/en/blogs/2024/8/briefcase-south-korean-companies-eye-low-cost-lfp-battery-mkt,Blog or Automotive Insights,Automatic,Planning solutions,,,,,,/Analysis and reports|/Market news and updates,EV battery technology | Competitive landscape,EV battery technology,BriefCASE,,,,,/Automotive suppliers and supply chain|/Automotive OEMs,/Business development|/Supply chain analyst,,/Short-form article,,,,Japan/Korea,Japan/Korea,South Korea
https://www.mobilityglobal.com/en-us/automotive-insights/blog/briefcase-steering-into-the-future-telematics-is-the-wheel-deal,https://www.spglobal.com/automotive-insights/en/blogs/2024/8/briefcase-steering-into-the-future-telematics-is-the-wheel-deal,Blog or Automotive Insights,Automatic,Planning solutions,,,,,,/Analysis and reports|/Market news and updates,Connected cars and vehicles,Future of mobility,BriefCASE,,,,,/Automotive OEMs,/Product planner,,/Short-form article,,,,,,
https://www.mobilityglobal.com/en-us/automotive-insights/blog/electric-vehicle-adoption-trends-its-not-all-grim,https://www.spglobal.com/automotive-insights/en/blogs/2024/8/electric-vehicle-adoption-trends-its-not-all-grim,Blog or Automotive Insights,Automatic,Planning solutions,,,,,,/Analysis and reports|/Market news and updates,EV adoption|Automotive consumer demand,Automotive industry forecast and analysis,,,,,,/Automotive OEMs,/Market analyst,,/Short-form article,,,,,,
https://www.mobilityglobal.com/en-us/automotive-insights/blog/fuel-for-thought-electric-vehicle-adoption-trends-china,https://www.spglobal.com/automotive-insights/en/blogs/2024/8/fuel-for-thought-electric-vehicle-adoption-trends-china,Blog or Automotive Insights,Automatic,Planning solutions,,,,,,/Analysis and reports|/Market news and updates,Electric vehicle industry | EV adoption | Global automotive markets,Automotive industry forecast and analysis,Fuel for Thought,,,,,/Automotive OEMs,/Market analyst,,/Short-form article,,,,Greater China,Greater China,Mainland China
https://www.mobilityglobal.com/en-us/automotive-insights/blog/light-vehicle-production-forecast-august-2024,https://www.spglobal.com/automotive-insights/en/blogs/2024/8/light-vehicle-production-forecast-august-2024,Blog or Automotive Insights,Automatic,Planning solutions,,,,,,/Data and forecasts|/Market news and updates,Vehicle production forecasts,Automotive industry forecast and analysis,,,,,,/Automotive OEMs,/Market analyst,,/Short-form article,,,,,,
https://www.mobilityglobal.com/en-us/automotive-insights/blog/motor-shows-where-are-they-now,https://www.spglobal.com/automotive-insights/en/blogs/2024/8/motor-shows-where-are-they-now,Blog or Automotive Insights,Automatic,Sales solutions,,,,,,/Events and webinars|/Analysis and reports,Automotive industry forecast and analysis,Automotive industry forecast and analysis,,,,,,,,,/Short-form article,,,,,,
https://www.mobilityglobal.com/en-us/automotive-insights/blog/the-growing-popularity-of-ev-leasing,https://www.spglobal.com/automotive-insights/en/blogs/2024/8/the-growing-popularity-of-ev-leasing,Blog or Automotive Insights,Automatic,Sales solutions,,,,,,/Analysis and reports|/Market news and updates,EV adoption|Consumer behavior insights,Automotive consumer trends|Electric vehicle industry,,,,,,/Fleet management and leasing|/Automotive dealers and retailers,/Leasing / financial services|/Dealer / retailer,,/Short-form article,,,,,,
https://www.mobilityglobal.com/en-us/automotive-insights/blog/us-automotive-brand-loyalty-rates,https://www.spglobal.com/automotive-insights/en/blogs/2024/8/us-automotive-brand-loyalty-rates,Blog or Automotive Insights,Automatic,Sales solutions,,Loyalty,,,,/Analysis and reports,Loyalty,Automotive consumer trends,,,,,,/Automotive OEMs,/Market analyst,,/Short-form article,,,,North America,North America,United States
https://www.mobilityglobal.com/en-us/automotive-insights/blog/briefcase-india-ev-infrastructure-growth-nearly-fully-charged,https://www.spglobal.com/automotive-insights/en/blogs/2024/9/briefcase-india-ev-infrastructure-growth-nearly-fully-charged,Blog or Automotive Insights,Automatic,Planning solutions,,,,,,/Analysis and reports|/Market news and updates,EV charging infrastructure,Electric vehicle industry,BriefCASE,,,,,/Automotive OEMs,/Government / policy maker,,/Short-form article,,,,,,India
https://www.mobilityglobal.com/en-us/automotive-insights/blog/canada-tariffs-chinese-products-electric-vehicles,https://www.spglobal.com/automotive-insights/en/blogs/2024/9/canada-tariffs-chinese-products-electric-vehicles,Blog or Automotive Insights,Automatic,Planning solutions,,,,,,/Analysis and reports|/Market news and updates,Automotive tariffs and trade policy,Automotive tariffs,,,,/Policy,,/Automotive OEMs,/OEM strategist|/Government / policy maker,,/Short-form article,,,,,,
https://www.mobilityglobal.com/en-us/automotive-insights/blog/canadian-automotive-insights-q2-2024,https://www.spglobal.com/automotive-insights/en/blogs/2024/9/canadian-automotive-insights-q2-2024,Blog or Automotive Insights,Automatic,Planning solutions,,,,,,/Analysis and reports,EV adoption,Electric vehicle industry,,,,,,/Automotive OEMs,/Market analyst,,/Short-form article,,,,North America,North America,Canada
https://www.mobilityglobal.com/en-us/automotive-insights/blog/challenges-of-phantom-braking,https://www.spglobal.com/automotive-insights/en/blogs/2024/9/challenges-of-phantom-braking,Blog or Automotive Insights,Automatic,Planning solutions,,,,,,/Analysis and reports|/Market news and updates,"Autonomous vehicles and ADAS|Risk, safety and compliance",Automotive supply chain,,,,/Safety regulations,,/Automotive OEMs,/Technical specialists|/Government / policy maker,,/Short-form article,,,,,,
https://www.mobilityglobal.com/en-us/automotive-insights/blog/emissions-regulations-drive-electric-vehicles-europe,https://www.spglobal.com/automotive-insights/en/blogs/2024/9/emissions-regulations-drive-electric-vehicles-europe,Blog or Automotive Insights,Automatic,Planning solutions,,,,,,/Analysis and reports|/Market news and updates,Regulations and compliance,Electric vehicle industry,,,,/Emissions standards,,/Automotive OEMs,/Government / policy maker,,/Short-form article,,,,,,
https://www.mobilityglobal.com/en-us/automotive-insights/blog/fault-lines-in-the-connected-car-data-landscape,https://www.spglobal.com/automotive-insights/en/blogs/2024/9/fault-lines-in-the-connected-car-data-landscape,Blog or Automotive Insights,Automatic,Planning solutions,,,,,,/Analysis and reports|/Market news and updates,Connected cars and vehicles|Regulations and compliance,Future of mobility,,,,/Data privacy,,/Automotive OEMs,/OEM strategist|/Government / policy maker,,/Short-form article,,,,,,
https://www.mobilityglobal.com/en-us/automotive-insights/blog/how-stellantis-is-embracing-software-defined-vehicles,https://www.spglobal.com/automotive-insights/en/blogs/2024/9/how-stellantis-is-embracing-software-defined-vehicles,Blog or Automotive Insights,Automatic,Planning solutions,,,,,,/Analysis and reports,Software defined vehicles (SDV),Software-defined vehicles,,,,,,/Automotive OEMs,/OEM strategist|/Product planner,,/Short-form article,,,,,,
https://www.mobilityglobal.com/en-us/automotive-insights/blog/navigating-the-future-of-automotive-retail,https://www.spglobal.com/automotive-insights/en/blogs/2024/9/navigating-the-future-of-automotive-retail,Blog or Automotive Insights,Automatic,Sales solutions,,,,,,/Analysis and reports,Dealer and retail trends,Future of mobility,,,,,,/Automotive dealers and retailers,/Dealer / retailer,,/Short-form article,,,,,,
https://www.mobilityglobal.com/en-us/automotive-insights/blog/oems-gently-braking-on-ev-investment,https://www.spglobal.com/automotive-insights/en/blogs/2024/9/oems-gently-braking-on-ev-investment,Blog or Automotive Insights,Automatic,Planning solutions,,,,,,/Analysis and reports|/Market news and updates,EV adoption|Market volatility trends,Electric vehicle industry,,,,,,/Automotive OEMs,/OEM strategist,,/Short-form article,,,,,,
https://www.mobilityglobal.com/en-us/automotive-insights/blog/self-driving-cars-gain-momentum-in-us,https://www.spglobal.com/automotive-insights/en/blogs/2024/9/self-driving-cars-gain-momentum-in-us,Blog or Automotive Insights,Automatic,Planning solutions,,,,,,/Analysis and reports|/Market news and updates,Autonomous vehicles and ADAS,Future of mobility,,,,,,/Automotive OEMs,/Product planner,,/Short-form article,,,,North America,North America,United States
https://www.mobilityglobal.com/en-us/automotive-insights/blog/semiconductor-supply-chain-disruption-us-china-trade-conflict,https://www.spglobal.com/automotive-insights/en/blogs/2024/9/semiconductor-supply-chain-disruption-us-china-trade-conflict,Blog or Automotive Insights,Automatic,Planning solutions,,,,,,/Analysis and reports|/Market news and updates,Automotive tariffs and trade policy | Automotive supply chain disruption and resilience | Automotive semiconductors,Automotive supply chain|Supply chain resilience,,,,/Policy,,/Automotive suppliers and supply chain|/Automotive OEMs,/Supply chain analyst|/Procurement,,/Short-form article,,,,,,
https://www.mobilityglobal.com/en-us/automotive-insights/blog/september-2024-us-auto-sales-preview,https://www.spglobal.com/automotive-insights/en/blogs/2024/9/september-2024-us-auto-sales-preview,Blog or Automotive Insights,Automatic,Planning solutions,,,,,,/Data and forecasts|/Market news and updates,Automotive industry forecast and analysis,Automotive industry forecast and analysis,,,,,,/Automotive OEMs,/Market analyst,,/Short-form article,,,,North America,North America,United States
https://www.mobilityglobal.com/en-us/automotive-insights/blog/september-light-vehicle-production-forecast,https://www.spglobal.com/automotive-insights/en/blogs/2024/9/september-light-vehicle-production-forecast,Blog or Automotive Insights,Automatic,Planning solutions,,,,,,/Data and forecasts|/Market news and updates,Automotive industry forecast and analysis|Vehicle production forecasts,Automotive industry forecast and analysis,,,,,,/Automotive OEMs,/Market analyst,,/Short-form article,,,,,,
https://www.mobilityglobal.com/en-us/automotive-insights/blog/understanding-global-automotive-demand-in-2024,https://www.spglobal.com/automotive-insights/en/blogs/2024/9/understanding-global-automotive-demand-in-2024,Blog or Automotive Insights,Automatic,Planning solutions,,,,,,/Analysis and reports,Global automotive markets | Automotive consumer demand,Automotive industry forecast and analysis,,,,,,/Automotive OEMs,/Market analyst,,/Short-form article,,,,,,
https://www.mobilityglobal.com/en-us/automotive-insights/blog/us-auto-market-oems-captive-lenders-challenges,https://www.spglobal.com/automotive-insights/en/blogs/2024/9/us-auto-market-oems-captive-lenders-challenges,Blog or Automotive Insights,Automatic,Sales solutions,,,,,,/Analysis and reports|/Market news and updates,Market volatility trends|Dealer and retail trends,Automotive industry forecast and analysis,,,,,,/Automotive OEMs|/Fleet management and leasing|/Automotive dealers and retailers,/OEM strategist|/Leasing / financial services|/Dealer / retailer,,/Short-form article,,,,North America,North America,United States
https://www.mobilityglobal.com/en-us/automotive-insights/blog/us-medium-heavy-commercial-vehicle-forecast,https://www.spglobal.com/automotive-insights/en/blogs/2024/9/us-medium-heavy-commercial-vehicle-forecast,Blog or Automotive Insights,Automatic,Planning solutions,,,,,,/Data and forecasts|/Market news and updates,,Automotive industry forecast and analysis|Commercial vehicle market,,,,,,/Automotive OEMs,/Market analyst,,/Short-form article,,,,North America,North America,United States
https://www.mobilityglobal.com/en-us/automotive-insights/blog/ai-automotive-trends-ces-2025-recap,https://www.spglobal.com/automotive-insights/en/blogs/2025/01/ai-automotive-trends-ces-2025-recap,Blog or Automotive Insights,Automatic,Planning solutions,,,,,,/Events and webinars|/Analysis and reports,,Future of mobility,,,,,,/Automotive OEMs|/Automotive suppliers and supply chain,/Technical specialists|/OEM strategist,,/Short-form article,,,,,,
https://www.mobilityglobal.com/en-us/automotive-insights/blog/automotive-suppliers-outlook-2025-trends-and-challenges,https://www.spglobal.com/automotive-insights/en/blogs/2025/01/automotive-suppliers-outlook-2025-trends-and-challenges,Blog or Automotive Insights,Automatic,Planning solutions,,,,,,/Analysis and reports,Market volatility trends|Automotive supply chain disruption and resilience,Automotive industry forecast and analysis| Automotive supply chain|Supply chain resilience,,,,,,/Automotive suppliers and supply chain,/Supply chain analyst,,/Short-form article,,,,,,
https://www.mobilityglobal.com/en-us/automotive-insights/blog/briefcase-honda-nissan-merger-a-potential-game-changer,https://www.spglobal.com/automotive-insights/en/blogs/2025/01/briefcase-honda-nissan-merger-a-potential-game-changer,Blog or Automotive Insights,Automatic,Planning solutions,,,,,,/Analysis and reports|/Market news and updates,Competitive landscape|Market volatility trends,Automotive industry forecast and analysis,BriefCASE,,,,,/Automotive OEMs,/OEM strategist|/Competitive intelligence,,/Short-form article,,,,Japan/Korea,Japan/Korea,Japan
https://www.mobilityglobal.com/en-us/automotive-insights/blog/january-auto-sales-2025-begin-year-on-positive-note,https://www.spglobal.com/automotive-insights/en/blogs/2025/01/january-auto-sales-2025-begin-year-on-positive-note,Blog or Automotive Insights,Automatic,Planning solutions,,,,,,/Data and forecasts|/Market news and updates,Automotive industry forecast and analysis,Automotive industry forecast and analysis,,,,,,/Automotive OEMs,/Market analyst,,/Short-form article,,,,,,
https://www.mobilityglobal.com/en-us/automotive-insights/blog/luxury-car-market-lexus-outperforms-rivals,https://www.spglobal.com/automotive-insights/en/blogs/2025/01/luxury-car-market-lexus-outperforms-rivals,Blog or Automotive Insights,Automatic,Planning solutions,,,,,,/Analysis and reports|/Market news and updates,Competitive landscape|Market segmentation insights,Automotive industry forecast and analysis,,,,,,/Automotive OEMs,/Competitive intelligence|/Market analyst,,/Short-form article,,,,,,
https://www.mobilityglobal.com/en-us/automotive-insights/blog/nada-show-2025-accelerate-your-sales-cycle,https://www.spglobal.com/automotive-insights/en/blogs/2025/01/nada-show-2025-accelerate-your-sales-cycle,Blog or Automotive Insights,Automatic,Sales solutions,,,,,,/Events and webinars|/Analysis and reports,Dealer and retail trends,Automotive consumer trends,,,,,,,,,/Short-form article,,,,,,
https://www.mobilityglobal.com/en-us/automotive-insights/blog/trucking-industry-forecast-for-the-next-decade-and-beyond,https://www.spglobal.com/automotive-insights/en/blogs/2025/01/trucking-industry-forecast-for-the-next-decade-and-beyond,Blog or Automotive Insights,Automatic,Planning solutions,,,,,,/Data and forecasts|/Analysis and reports,,Automotive industry forecast and analysis|Commercial vehicle market,,,,,,/Automotive OEMs,/Market analyst,,/Short-form article,,,,,,
https://www.mobilityglobal.com/en-us/automotive-insights/blog/us-automotive-inventory-levels-2024,https://www.spglobal.com/automotive-insights/en/blogs/2025/01/us-automotive-inventory-levels-2024,Blog or Automotive Insights,Automatic,Sales solutions,,,,,,/Analysis and reports|/Market news and updates,Automotive industry forecast and analysis|Automotive consumer trends,Automotive industry forecast and analysis|Automotive consumer trends,,,,,,,,,/Short-form article,,,,North America,North America,United States
https://www.mobilityglobal.com/en-us/automotive-insights/blog/volkswagen-union-negotiations-deal-germany,https://www.spglobal.com/automotive-insights/en/blogs/2025/01/volkswagen-union-negotiations-deal-germany,Blog or Automotive Insights,Automatic,Planning solutions,,,,,,/Market news and updates,Automotive industry forecast and analysis|Automotive consumer trends,Automotive industry forecast and analysis|Automotive consumer trends,,,,,,,,,/Short-form article,,,,Europe,Europe,Germany
https://www.mobilityglobal.com/en-us/automotive-insights/blog/where-are-ev-battery-prices-headed-in-2025-and-beyond,https://www.spglobal.com/automotive-insights/en/blogs/2025/01/where-are-ev-battery-prices-headed-in-2025-and-beyond,Blog or Automotive Insights,Automatic,Planning solutions,,,,,,/Analysis and reports,EV battery technology | Pricing trends,EV battery technology,,,,,,/Automotive OEMs|/Automotive suppliers and supply chain,/Product planner|/Supply chain analyst,,/Short-form article,,,,,,
https://www.mobilityglobal.com/en-us/automotive-insights/blog/2025-commercial-vehicle-industry-forecast-europe,https://www.spglobal.com/automotive-insights/en/blogs/2025/02/2025-commercial-vehicle-industry-forecast-europe,Blog or Automotive Insights,Automatic,Planning solutions,,,,,,/Data and forecasts|/Analysis and reports,,Automotive industry forecast and analysis|Commercial vehicle market,,,,,,/Automotive OEMs,/Market analyst,,/Short-form article,,,,,,
https://www.mobilityglobal.com/en-us/automotive-insights/blog/29th-annual-automotive-loyalty-awards,https://www.spglobal.com/automotive-insights/en/blogs/2025/02/29th-annual-automotive-loyalty-awards,Blog or Automotive Insights,Automatic,Sales solutions,,Loyalty,,,,/Events and webinars|/Analysis and reports,Loyalty,Automotive consumer trends,,,,,,/Automotive OEMs,/Market analyst,,/Short-form article,,,,,,
https://www.mobilityglobal.com/en-us/automotive-insights/blog/beyond-the-buzz-ai-in-the-automotive-industry,https://www.spglobal.com/automotive-insights/en/blogs/2025/02/beyond-the-buzz-ai-in-the-automotive-industry,Blog or Automotive Insights,Automatic,Planning solutions,,,,,,/Analysis and reports,,Future of mobility,,,,,,/Automotive OEMs,/Technical specialists,,/Short-form article,,,,,,
https://www.mobilityglobal.com/en-us/automotive-insights/blog/bridging-gaps-carbon-reporting-automotive-industry,https://www.spglobal.com/automotive-insights/en/blogs/2025/02/bridging-gaps-carbon-reporting-automotive-industry,Blog or Automotive Insights,Automatic,Planning solutions,,,,,,/Analysis and reports,Regulations and compliance | Automotive sustainability and ESG,Automotive sustainability,,,,/Emissions standards,,/Automotive OEMs,/Government / policy maker,,/Short-form article,,,,,,
https://www.mobilityglobal.com/en-us/automotive-insights/blog/byd-in-europe-expansion,https://www.spglobal.com/automotive-insights/en/blogs/2025/02/byd-in-europe-expansion,Blog or Automotive Insights,Automatic,Planning solutions,,,,,,/Analysis and reports|/Market news and updates,Global automotive markets | Competitive landscape,Automotive industry forecast and analysis,,,,,,/Automotive OEMs,/OEM strategist|/Market analyst,,/Short-form article,,,,,,Mainland China
https://www.mobilityglobal.com/en-us/automotive-insights/blog/electric-vehicle-industry-in-india-shows-promising-growth,https://www.spglobal.com/automotive-insights/en/blogs/2025/02/electric-vehicle-industry-in-india-shows-promising-growth,Blog or Automotive Insights,Automatic,Planning solutions,,,,,,/Analysis and reports|/Market news and updates,Global automotive markets,Automotive industry forecast and analysis|Electric vehicle industry,,,,,,/Automotive OEMs,/Market analyst,,/Short-form article,,,,,,India
https://www.mobilityglobal.com/en-us/automotive-insights/blog/electric-vehicle-market-trends-conquest-insights,https://www.spglobal.com/automotive-insights/en/blogs/2025/02/electric-vehicle-market-trends-conquest-insights,Blog or Automotive Insights,Automatic,Planning solutions,,,,,,/Analysis and reports|/Market news and updates,EV adoption|Competitive landscape,Electric vehicle industry,,,,,,/Automotive OEMs,/Market analyst|/Competitive intelligence,,/Short-form article,,,,,,
https://www.mobilityglobal.com/en-us/automotive-insights/blog/geopolitics-ai-level-4-autonomy,https://www.spglobal.com/automotive-insights/en/blogs/2025/02/geopolitics-ai-level-4-autonomy,Blog or Automotive Insights,Automatic,Planning solutions,,,,,,/Analysis and reports,Autonomous vehicles and ADAS,Future of mobility,,,,,,/Automotive OEMs,/Government / policy maker,,/Short-form article,,,,,,
https://www.mobilityglobal.com/en-us/automotive-insights/blog/incentives-affordability-vehicle-marketing,https://www.spglobal.com/automotive-insights/en/blogs/2025/02/incentives-affordability-vehicle-marketing,Blog or Automotive Insights,Automatic,Sales solutions,,,,,,/Analysis and reports,Pricing trends|Dealer and retail trends,Automotive consumer trends,,,,,,/Automotive dealers and retailers|/Automotive OEMs,/Dealer / retailer|/Marketing and media agencies,,/Short-form article,,,,,,
https://www.mobilityglobal.com/en-us/automotive-insights/blog/semiconductor-tariffs-impact-automotive-costs,https://www.spglobal.com/automotive-insights/en/blogs/2025/02/semiconductor-tariffs-impact-automotive-costs,Blog or Automotive Insights,Automatic,Planning solutions,,,,,,/Analysis and reports|/Market news and updates,Automotive tariffs and trade policy | Automotive semiconductors,Automotive supply chain|Supply chain resilience,,,,/Policy,,/Automotive suppliers and supply chain|/Automotive OEMs,/Supply chain analyst|/Procurement,,/Short-form article,,,,,,
https://www.mobilityglobal.com/en-us/automotive-insights/blog/strategies-to-grow-customer-loyalty-automotive-industry,https://www.spglobal.com/automotive-insights/en/blogs/2025/02/strategies-to-grow-customer-loyalty-automotive-industry,Blog or Automotive Insights,Automatic,Sales solutions,,Loyalty,,,,/Analysis and reports,Loyalty,Automotive consumer trends,,,,,,/Automotive OEMs|/Automotive dealers and retailers,/Market analyst|/Dealer / retailer,,/Short-form article,,,,,,
https://www.mobilityglobal.com/en-us/automotive-insights/blog/2024-us-commercial-vehicle-market-stability-ev-growth,https://www.spglobal.com/automotive-insights/en/blogs/2025/03/2024-us-commercial-vehicle-market-stability-ev-growth,Blog or Automotive Insights,Automatic,Planning solutions,,,,,,/Analysis and reports,,Automotive industry forecast and analysis|Commercial vehicle market,,,,,,/Automotive OEMs,/Market analyst,,/Short-form article,,,,North America,North America,United States
https://www.mobilityglobal.com/en-us/automotive-insights/blog/canada-electric-vehicle-industry-insights,https://www.spglobal.com/automotive-insights/en/blogs/2025/03/canada-electric-vehicle-industry-insights,Blog or Automotive Insights,Automatic,Planning solutions,,,,,,/Analysis and reports,Market segmentation insights|EV adoption,Electric vehicle industry,,,,,,/Automotive OEMs,/Market analyst,,/Short-form article,,,,North America,North America,Canada
https://www.mobilityglobal.com/en-us/automotive-insights/blog/electrification-electric-vehicle-trends-united-states,https://www.spglobal.com/automotive-insights/en/blogs/2025/03/electrification-electric-vehicle-trends-united-states,Blog or Automotive Insights,Automatic,Planning solutions,,,,,,/Analysis and reports|/Market news and updates,EV adoption,Electric vehicle industry,,,,,,/Automotive OEMs,/Market analyst,,/Short-form article,,,,North America,North America,United States
https://www.mobilityglobal.com/en-us/automotive-insights/blog/hydrogen-trucks-in-india-green-hydrogen-potential,https://www.spglobal.com/automotive-insights/en/blogs/2025/03/hydrogen-trucks-in-india-green-hydrogen-potential,Blog or Automotive Insights,Automatic,Planning solutions,,,,,,/Analysis and reports|/Market news and updates,Automotive sustainability and ESG,Automotive sustainability,,,,,,/Automotive OEMs,/Product planner,,/Short-form article,,,,,,India
https://www.mobilityglobal.com/en-us/automotive-insights/blog/hyundai-investment-us-localization-efforts,https://www.spglobal.com/automotive-insights/en/blogs/2025/03/hyundai-investment-us-localization-efforts,Blog or Automotive Insights,Automatic,Planning solutions,,,,,,/Market news and updates,Market volatility trends,Automotive industry forecast and analysis,,,,,,,,,/Short-form article,,,,North America,North America,United States
https://www.mobilityglobal.com/en-us/automotive-insights/blog/india-ev-market-trends-future,https://www.spglobal.com/automotive-insights/en/blogs/2025/03/india-ev-market-trends-future,Blog or Automotive Insights,Automatic,Planning solutions,,,,,,/Analysis and reports|/Market news and updates,,Electric vehicle industry,,,,,,/Automotive OEMs,/Market analyst,,/Short-form article,,,,,,India
https://www.mobilityglobal.com/en-us/automotive-insights/blog/metal-tariffs-automotive-industry-impact,https://www.spglobal.com/automotive-insights/en/blogs/2025/03/metal-tariffs-automotive-industry-impact,Blog or Automotive Insights,Automatic,Planning solutions,,,,,,/Analysis and reports|/Market news and updates,Automotive tariffs and trade policy,Automotive tariffs,,,,/Policy,,/Automotive OEMs|/Automotive suppliers and supply chain,/OEM strategist|/Supply chain analyst,,/Short-form article,,,,,,
https://www.mobilityglobal.com/en-us/automotive-insights/blog/more-oems-expected-to-push-level-3-autonomy,https://www.spglobal.com/automotive-insights/en/blogs/2025/03/more-oems-expected-to-push-level-3-autonomy,Blog or Automotive Insights,Automatic,Planning solutions,,,,,,/Analysis and reports,Autonomous vehicles and ADAS,Future of mobility,,,,,,/Automotive OEMs,/Product planner|/Technical specialists,,/Short-form article,,,,,,
https://www.mobilityglobal.com/en-us/automotive-insights/blog/tesla-robotaxi-bold-vision-significant-roadblocks,https://www.spglobal.com/automotive-insights/en/blogs/2025/03/tesla-robotaxi-bold-vision-significant-roadblocks,Blog or Automotive Insights,Automatic,Planning solutions,,,,,,/Analysis and reports,Autonomous vehicles and ADAS,Future of mobility,,,,,,/Automotive OEMs,/OEM strategist|/Product planner,,/Short-form article,,,,,,
https://www.mobilityglobal.com/en-us/automotive-insights/blog/auto-supply-chain-suppliers-mergers,https://www.spglobal.com/automotive-insights/en/blogs/2025/04/auto-supply-chain-suppliers-mergers,Blog or Automotive Insights,Automatic,Planning solutions,,,,,,/Analysis and reports|/Market news and updates,Automotive supply chain disruption and resilience | Market volatility trends,Automotive supply chain|Supply chain resilience,,,,,,/Automotive suppliers and supply chain,/Supply chain analyst|/Business development,,/Short-form article,,,,,,
https://www.mobilityglobal.com/en-us/automotive-insights/blog/byd-charges-ahead-super-e-platform,https://www.spglobal.com/automotive-insights/en/blogs/2025/04/byd-charges-ahead-super-e-platform,Blog or Automotive Insights,Automatic,Planning solutions,,,,,,/Analysis and reports,,Electric vehicle industry|Future of mobility,,,,,,/Automotive OEMs,/Product planner|/Competitive intelligence,,/Short-form article,,,,,,
https://www.mobilityglobal.com/en-us/automotive-insights/blog/catl-byd-battery-tech-news,https://www.spglobal.com/automotive-insights/en/blogs/2025/04/catl-byd-battery-tech-news,Blog or Automotive Insights,Automatic,Planning solutions,,,,,,/Market news and updates,EV battery technology | Competitive landscape,EV battery technology,,,,,,/Automotive suppliers and supply chain,/Business development|/Technical specialists,,/Short-form article,,,,Greater China,Greater China,Mainland China
https://www.mobilityglobal.com/en-us/automotive-insights/blog/future-of-automotive-procurement-key-trends,https://www.spglobal.com/automotive-insights/en/blogs/2025/04/future-of-automotive-procurement-key-trends,Blog or Automotive Insights,Automatic,Planning solutions,,,,,,/Analysis and reports,Automotive supply chain risk management|Automotive supply chain disruption and resilience,Automotive supply chain|Supply chain resilience,,,,,,/Automotive OEMs|/Automotive suppliers and supply chain,/Procurement|/Supply chain analyst,,/Short-form article,,,,,,
https://www.mobilityglobal.com/en-us/automotive-insights/blog/hyundai-pleos-software-launch-shifts-mobility-game,https://www.spglobal.com/automotive-insights/en/blogs/2025/04/hyundai-pleos-software-launch-shifts-mobility-game,Blog or Automotive Insights,Automatic,Planning solutions,,,,,,/Market news and updates,Software defined vehicles (SDV),Software-defined vehicles,,,,,,/Automotive OEMs,/OEM strategist|/Product planner,,/Short-form article,,,,,,
https://www.mobilityglobal.com/en-us/automotive-insights/blog/lexus-german-cars-luxury-car-buyers-behavior,https://www.spglobal.com/automotive-insights/en/blogs/2025/04/lexus-german-cars-luxury-car-buyers-behavior,Blog or Automotive Insights,Automatic,Sales solutions,,,,,,/Analysis and reports,Consumer behavior insights,Automotive consumer trends,,,,,,/Automotive OEMs,/Market analyst,,/Short-form article,,,,,,
https://www.mobilityglobal.com/en-us/automotive-insights/blog/suppliers-outpace-automaker-profits-q4-2024,https://www.spglobal.com/automotive-insights/en/blogs/2025/04/suppliers-outpace-automaker-profits-q4-2024,Blog or Automotive Insights,Automatic,Planning solutions,,,,,,/Analysis and reports,,Automotive industry forecast and analysis|Automotive supply chain,,,,,,/Automotive suppliers and supply chain|/Automotive OEMs,/Supply chain analyst|/Market analyst,,/Short-form article,,,,,,
https://www.mobilityglobal.com/en-us/automotive-insights/blog/autonomous-vehicles-and-rising-consumer-trust,https://www.spglobal.com/automotive-insights/en/blogs/2025/05/autonomous-vehicles-and-rising-consumer-trust,Blog or Automotive Insights,Automatic,Planning solutions,,,,,,/Analysis and reports,Autonomous vehicles and ADAS|Consumer behavior insights,Future of mobility,,,,,,/Automotive OEMs,/Market analyst,,/Short-form article,,,,,,
https://www.mobilityglobal.com/en-us/automotive-insights/blog/average-age-of-vehicle-in-us,https://www.spglobal.com/automotive-insights/en/blogs/2025/05/average-age-of-vehicle-in-us,Blog or Automotive Insights,Automatic,Sales solutions,,,,,,/Analysis and reports,Automotive industry forecast and analysis,,,,,,,,,,/Short-form article,,,,North America,North America,United States
https://www.mobilityglobal.com/en-us/automotive-insights/blog/benchmarking-guide-software-defined-vehicles,https://www.spglobal.com/automotive-insights/en/blogs/2025/05/benchmarking-guide-software-defined-vehicles,Blog or Automotive Insights,Automatic,Planning solutions,,,,,,/Analysis and reports,Software defined vehicles (SDV),Software-defined vehicles,,,,,,/Automotive OEMs,/Competitive intelligence,,/Short-form article,,,,,,
https://www.mobilityglobal.com/en-us/automotive-insights/blog/california-advanced-clean-cars-zev-rules,https://www.spglobal.com/automotive-insights/en/blogs/2025/05/california-advanced-clean-cars-zev-rules,Blog or Automotive Insights,Automatic,Planning solutions,,,,,,/Analysis and reports|/Market news and updates,Regulations and compliance | Automotive sustainability and ESG,Automotive sustainability,,,,/Policy|/Emissions standards,,/Automotive OEMs,/Government / policy maker,,/Short-form article,,,,North America,North America,United States
https://www.mobilityglobal.com/en-us/automotive-insights/blog/commercial-vehicle-forecast-cut-2025-tariffs-economy,https://www.spglobal.com/automotive-insights/en/blogs/2025/05/commercial-vehicle-forecast-cut-2025-tariffs-economy,Blog or Automotive Insights,Automatic,Planning solutions,,,,,,/Data and forecasts|/Analysis and reports,Automotive tariffs and trade policy|Macro-economic drivers|Automotive industry forecast and analysis,Automotive industry forecast and analysis|Commercial vehicle market,,,,,,/Automotive OEMs,/Market analyst,,/Short-form article,,,,,,
https://www.mobilityglobal.com/en-us/automotive-insights/blog/critical-minerals-shortages-looming-threat-ev-industry,https://www.spglobal.com/automotive-insights/en/blogs/2025/05/critical-minerals-shortages-looming-threat-ev-industry,Blog or Automotive Insights,Automatic,Planning solutions,,,,,,/Analysis and reports,Automotive supply chain disruption and resilience,Automotive supply chain|Supply chain resilience,,,,,,/Automotive suppliers and supply chain|/Automotive OEMs,/Supply chain analyst|/Procurement,,/Short-form article,,,,,,
https://www.mobilityglobal.com/en-us/automotive-insights/blog/how-oems-can-navigate-end-of-life-vehicles-directive,https://www.spglobal.com/automotive-insights/en/blogs/2025/05/how-oems-can-navigate-end-of-life-vehicles-directive,Blog or Automotive Insights,Automatic,Planning solutions,,,,,,/Analysis and reports,Regulations and compliance|Automotive circular economy,Automotive sustainability,,,,/Policy,,/Automotive OEMs,/Government / policy maker,,/Short-form article,,,,,,
https://www.mobilityglobal.com/en-us/automotive-insights/blog/motorcycle-powersports-industry-loyalty-hits-five-year-high,https://www.spglobal.com/automotive-insights/en/blogs/2025/05/motorcycle-powersports-industry-loyalty-hits-five-year-high,Blog or Automotive Insights,Automatic,Sales solutions,,Loyalty,,,,/Analysis and reports,Loyalty,Automotive consumer trends,,,,,,,,,/Short-form article,,,,,,
https://www.mobilityglobal.com/en-us/automotive-insights/blog/nevi-program-freeze-shakes-ev-charging-industry,https://www.spglobal.com/automotive-insights/en/blogs/2025/05/nevi-program-freeze-shakes-ev-charging-industry,Blog or Automotive Insights,Automatic,Planning solutions,,,,,,/Analysis and reports|/Market news and updates,EV charging infrastructure|Regulations and compliance,Electric vehicle industry,,,,/Policy,,/Automotive OEMs|/Automotive suppliers and supply chain,/Government / policy maker,,/Short-form article,,,,North America,North America,United States
https://www.mobilityglobal.com/en-us/automotive-insights/blog/revamping-automotive-sourcing-electric-vehicle-market,https://www.spglobal.com/automotive-insights/en/blogs/2025/05/revamping-automotive-sourcing-electric-vehicle-market,Blog or Automotive Insights,Automatic,Planning solutions,,,,,,/Analysis and reports,Automotive supply chain risk management,Automotive supply chain|Supply chain resilience,,,,,,/Automotive OEMs|/Automotive suppliers and supply chain,/Procurement|/Supply chain analyst,,/Short-form article,,,,,,
https://www.mobilityglobal.com/en-us/automotive-insights/blog/shanghai-auto-show-2025-highlights,https://www.spglobal.com/automotive-insights/en/blogs/2025/05/shanghai-auto-show-2025-highlights,Blog or Automotive Insights,Automatic,Planning solutions,,,,,,/Events and webinars,Automotive industry forecast and analysis,Automotive industry forecast and analysis,,,,,,,,,/Short-form article,,,,Greater China,Greater China,Mainland China
https://www.mobilityglobal.com/en-us/automotive-insights/blog/shanghai-auto-show-2025-highlights-reevs,https://www.spglobal.com/automotive-insights/en/blogs/2025/05/shanghai-auto-show-2025-highlights-reevs,Blog or Automotive Insights,Automatic,Planning solutions,,,,,,/Events and webinars,Automotive industry forecast and analysis,Automotive industry forecast and analysis,,,,,,/Automotive OEMs,/Product planner,,/Short-form article,,,,Greater China,Greater China,Mainland China
https://www.mobilityglobal.com/en-us/automotive-insights/blog/superfast-ev-charging-china,https://www.spglobal.com/automotive-insights/en/blogs/2025/05/superfast-ev-charging-china,Blog or Automotive Insights,Automatic,Planning solutions,,,,,,/Analysis and reports,EV charging infrastructure,Electric vehicle industry,,,,,,/Automotive OEMs|/Automotive suppliers and supply chain,/Product planner|/Technical specialists,,/Short-form article,,,,Greater China,Greater China,Mainland China
https://www.mobilityglobal.com/en-us/automotive-insights/blog/automotive-computing-the-new-competitive-advantage-for-oems,https://www.spglobal.com/automotive-insights/en/blogs/2025/06/automotive-computing-the-new-competitive-advantage-for-oems,Blog or Automotive Insights,Automatic,Planning solutions,,,,,,/Analysis and reports,Software defined vehicles (SDV)|Competitive landscape,Software-defined vehicles,,,,,,/Automotive OEMs,/Competitive intelligence|/Technical specialists,,/Short-form article,,,,,,
https://www.mobilityglobal.com/en-us/automotive-insights/blog/automotive-industry-segments-brand-performance,https://www.spglobal.com/automotive-insights/en/blogs/2025/06/automotive-industry-segments-brand-performance,Blog or Automotive Insights,Automatic,Planning solutions,,,,,,/Analysis and reports,Market segmentation insights|Competitive landscape,Automotive industry forecast and analysis,,,,,,/Automotive OEMs,/Market analyst|/Competitive intelligence,,/Short-form article,,,,North America,North America,United States
https://www.mobilityglobal.com/en-us/automotive-insights/blog/fisita-2025-how-megatrends-are-transforming-vehicle-planning,https://www.spglobal.com/automotive-insights/en/blogs/2025/06/fisita-2025-how-megatrends-are-transforming-vehicle-planning,Blog or Automotive Insights,Automatic,Planning solutions,,,,,,/Events and webinars,Automotive industry forecast and analysis,Automotive industry forecast and analysis,,,,,,/Automotive OEMs,/Product planner,,/Short-form article,,,,,,
https://www.mobilityglobal.com/en-us/automotive-insights/blog/innovative-strategies-for-automotive-supply-chain-resilience,https://www.spglobal.com/automotive-insights/en/blogs/2025/06/innovative-strategies-for-automotive-supply-chain-resilience,Blog or Automotive Insights,Automatic,Planning solutions,,,,,,/Analysis and reports,Automotive supply chain disruption and resilience|Automotive supply chain risk management,Supply chain resilience,,,,,,/Automotive OEMs|/Automotive suppliers and supply chain,/Supply chain analyst|/OEM strategist,,/Short-form article,,,,,,
https://www.mobilityglobal.com/en-us/automotive-insights/blog/making-the-small-passenger-car-affordable,https://www.spglobal.com/automotive-insights/en/blogs/2025/06/making-the-small-passenger-car-affordable,Blog or Automotive Insights,Automatic,Planning solutions,,,,,,/Analysis and reports,Pricing trends|Market segmentation insights,Automotive industry forecast and analysis,,,,,,/Automotive OEMs,/Product planner|/Market analyst,,/Short-form article,,,,,,
https://www.mobilityglobal.com/en-us/automotive-insights/blog/new-vehicle-registrations-drop-for-18-34-year-olds,https://www.spglobal.com/automotive-insights/en/blogs/2025/06/new-vehicle-registrations-drop-for-18-34-year-olds,Blog or Automotive Insights,Automatic,Sales solutions,,,,,,/Analysis and reports,Demographic trends|Automotive consumer demand,Automotive consumer trends,,,,,,/Automotive OEMs,/Marketing and media agencies,,/Short-form article,,,,,,
https://www.mobilityglobal.com/en-us/automotive-insights/blog/qualcomm-automotive-technology-automotive-value-chain,https://www.spglobal.com/automotive-insights/en/blogs/2025/06/qualcomm-automotive-technology-automotive-value-chain,Blog or Automotive Insights,Automatic,Planning solutions,,,,,,/Analysis and reports,Automotive semiconductors|Automotive supply chain disruption and resilience,Automotive supply chain,,,,,,/Automotive suppliers and supply chain,/Technical specialists|/Supply chain analyst,,/Short-form article,,,,,,
https://www.mobilityglobal.com/en-us/automotive-insights/blog/russia-automotive-market-challenges-foreign-automakers,https://www.spglobal.com/automotive-insights/en/blogs/2025/06/russia-automotive-market-challenges-foreign-automakers,Blog or Automotive Insights,Automatic,Planning solutions,,,,,,/Analysis and reports,Global automotive markets|Market volatility trends,Automotive industry forecast and analysis,,,,,,/Automotive OEMs,/Market analyst,,/Short-form article,,,,Europe,Europe,Russia
https://www.mobilityglobal.com/en-us/automotive-insights/blog/sodium-ion-battery-technology,https://www.spglobal.com/automotive-insights/en/blogs/2025/06/sodium-ion-battery-technology,Blog or Automotive Insights,Automatic,Planning solutions,,,,,,/Analysis and reports,EV battery technology,EV battery technology,,,,,,/Automotive OEMs|/Automotive suppliers and supply chain,/Product planner|/Technical specialists,,/Short-form article,,,,,,
https://www.mobilityglobal.com/en-us/automotive-insights/blog/your-automotive-marketing-guide-to-new-vehicle-launches,https://www.spglobal.com/automotive-insights/en/blogs/2025/06/your-automotive-marketing-guide-to-new-vehicle-launches,Blog or Automotive Insights,Automatic,Sales solutions,,,,,,/Analysis and reports,Dealer and retail trends,Automotive consumer trends,,,,,,,,,/Short-form article,,,,,,
https://www.mobilityglobal.com/en-us/automotive-insights/blog/ai-in-automotive-industry,https://www.spglobal.com/automotive-insights/en/blogs/2025/07/ai-in-automotive-industry,Blog or Automotive Insights,Automatic,Planning solutions,,,,,,/Analysis and reports,Autonomous vehicles and ADAS,Future of mobility,,,,,,/Automotive OEMs,/Technical specialists,,/Short-form article,,,,,,
https://www.mobilityglobal.com/en-us/automotive-insights/blog/chinas-xiaomi-yu7-launch-shakes-up-ev-landscape,https://www.spglobal.com/automotive-insights/en/blogs/2025/07/chinas-xiaomi-yu7-launch-shakes-up-ev-landscape,Blog or Automotive Insights,Automatic,Planning solutions,,,,,,/Analysis and reports,Competitive landscape,Electric vehicle industry,,,,,,/Automotive OEMs,/Competitive intelligence|/Market analyst,,/Short-form article,,,,Greater China,Greater China,Mainland China
https://www.mobilityglobal.com/en-us/automotive-insights/blog/chinese-robotaxi-companies-dominating-middle-east,https://www.spglobal.com/automotive-insights/en/blogs/2025/07/chinese-robotaxi-companies-dominating-middle-east,Blog or Automotive Insights,Automatic,Planning solutions,,,,,,/Analysis and reports,Autonomous vehicles and ADAS,Future of mobility,,,,,,/Automotive OEMs,/OEM strategist,,/Short-form article,,,,,,Mainland China
https://www.mobilityglobal.com/en-us/automotive-insights/blog/connected-car-study-consumer-priorities-on-connected-services,https://www.spglobal.com/automotive-insights/en/blogs/2025/07/connected-car-study-consumer-priorities-on-connected-services,Blog or Automotive Insights,Automatic,Planning solutions,,,,,,/Analysis and reports,Connected cars and vehicles|Consumer behavior insights,Future of mobility,,,,,,/Automotive OEMs,/Product planner|/Market analyst,,/Short-form article,,,,,,
https://www.mobilityglobal.com/en-us/automotive-insights/blog/decoding-vin-numbers-what-insurers-need-to-know,https://www.spglobal.com/automotive-insights/en/blogs/2025/07/decoding-vin-numbers-what-insurers-need-to-know,Blog or Automotive Insights,Automatic,Sales solutions,,,,,,/Analysis and reports,Automotive industry forecast and analysis,Automotive industry forecast and analysis,,,,,,/Fleet management and leasing,/Insurance analyst / underwriter,,/Short-form article,,,,,,
https://www.mobilityglobal.com/en-us/automotive-insights/blog/electric-vehicle-prices-match-or-beat-gas-cars,https://www.spglobal.com/automotive-insights/en/blogs/2025/07/electric-vehicle-prices-match-or-beat-gas-cars,Blog or Automotive Insights,Automatic,Planning solutions,,,,,,/Analysis and reports,Pricing trends,Electric vehicle industry,,,,,,/Automotive OEMs,/Market analyst,,/Short-form article,,,,,,
https://www.mobilityglobal.com/en-us/automotive-insights/blog/electric-vehicle-range-explained,https://www.spglobal.com/automotive-insights/en/blogs/2025/07/electric-vehicle-range-explained,Blog or Automotive Insights,Automatic,Planning solutions,,,,,,/Analysis and reports,,Electric vehicle industry,,,,,,/Automotive OEMs,/Product planner,,/Short-form article,,,,,,
https://www.mobilityglobal.com/en-us/automotive-insights/blog/ev-sales-stall-new-share-dynamics-grow,https://www.spglobal.com/automotive-insights/en/blogs/2025/07/ev-sales-stall-new-share-dynamics-grow,Blog or Automotive Insights,Automatic,Planning solutions,,,,,,/Analysis and reports|/Market news and updates,EV adoption|Market volatility trends|Competitive landscape,Electric vehicle industry,,,,,,/Automotive OEMs,/Market analyst,,/Short-form article,,,,,,
https://www.mobilityglobal.com/en-us/automotive-insights/blog/five-things-auto-pricing-teams-need-to-consider,https://www.spglobal.com/automotive-insights/en/blogs/2025/07/five-things-auto-pricing-teams-need-to-consider,Blog or Automotive Insights,Automatic,Sales solutions,,,,,,/Analysis and reports,Pricing trends|Dealer and retail trends,Automotive industry forecast and analysis,,,,,,/Automotive OEMs|/Automotive dealers and retailers,/OEM strategist|/Dealer / retailer,,/Short-form article,,,,,,
https://www.mobilityglobal.com/en-us/automotive-insights/blog/four-segments-drive-over-half-of-us-new-vehicle-sales,https://www.spglobal.com/automotive-insights/en/blogs/2025/07/four-segments-drive-over-half-of-us-new-vehicle-sales,Blog or Automotive Insights,Automatic,Planning solutions,,,,,,/Analysis and reports,Market segmentation insights|Automotive consumer demand,Automotive consumer trends,,,,,,/Automotive OEMs,/Market analyst,,/Short-form article,,,,North America,North America,United States
https://www.mobilityglobal.com/en-us/automotive-insights/blog/germany-leads-open-source-automotive-software,https://www.spglobal.com/automotive-insights/en/blogs/2025/07/germany-leads-open-source-automotive-software,Blog or Automotive Insights,Automatic,Planning solutions,,,,,,/Analysis and reports,Software defined vehicles (SDV),Software-defined vehicles,,,,,,/Automotive OEMs|/Automotive suppliers and supply chain,/Technical specialists|/Product planner,,/Short-form article,,,,Europe,Europe,Germany
https://www.mobilityglobal.com/en-us/automotive-insights/blog/global-electric-vehicles-race-europe,https://www.spglobal.com/automotive-insights/en/blogs/2025/07/global-electric-vehicles-race-europe,Blog or Automotive Insights,Automatic,Planning solutions,,,,,,/Analysis and reports,EV adoption|Competitive landscape|Global automotive markets,Electric vehicle industry,,,,,,/Automotive OEMs,/Competitive intelligence|/Market analyst,,/Short-form article,,,,,,
https://www.mobilityglobal.com/en-us/automotive-insights/blog/improving-charging-for-next-gen-plug-in-electric-vehicles,https://www.spglobal.com/automotive-insights/en/blogs/2025/07/improving-charging-for-next-gen-plug-in-electric-vehicles,Blog or Automotive Insights,Automatic,Planning solutions,,,,,,/Analysis and reports,EV charging infrastructure,Electric vehicle industry,,,,,,/Automotive OEMs,/Product planner,,/Short-form article,,,,,,
https://www.mobilityglobal.com/en-us/automotive-insights/blog/lmr-battery-technology-the-next-rival-to-lfp,https://www.spglobal.com/automotive-insights/en/blogs/2025/07/lmr-battery-technology-the-next-rival-to-lfp,Blog or Automotive Insights,Automatic,Planning solutions,,,,,,/Analysis and reports,EV battery technology,EV battery technology,,,,,,/Automotive OEMs|/Automotive suppliers and supply chain,/Product planner|/Technical specialists,,/Short-form article,,,,,,
https://www.mobilityglobal.com/en-us/automotive-insights/blog/rare-earth-elements-auto-industry-china,https://www.spglobal.com/automotive-insights/en/blogs/2025/07/rare-earth-elements-auto-industry-china,Blog or Automotive Insights,Automatic,Planning solutions,,,,,,/Analysis and reports,Automotive supply chain disruption and resilience,Automotive supply chain|Supply chain resilience,,,,,,/Automotive OEMs|/Automotive suppliers and supply chain,/Procurement|/Supply chain analyst,,/Short-form article,,,,Greater China,Greater China,Mainland China
https://www.mobilityglobal.com/en-us/automotive-insights/blog/us-japan-trade-talks-american-cars-japan,https://www.spglobal.com/automotive-insights/en/blogs/2025/07/us-japan-trade-talks-american-cars-japan,Blog or Automotive Insights,Automatic,Planning solutions,,,,,,/Analysis and reports|/Market news and updates,Automotive tariffs and trade policy,Automotive tariffs,,,,/Policy,,/Automotive OEMs,/Government / policy maker,,/Short-form article,,,,,,
https://www.mobilityglobal.com/en-us/automotive-insights/blog/adas-vehicles-influencing-collision-frequency,https://www.spglobal.com/automotive-insights/en/blogs/2025/08/adas-vehicles-influencing-collision-frequency,Blog or Automotive Insights,Automatic,Sales solutions,,,,,,/Analysis and reports,"Autonomous vehicles and ADAS|Risk, safety and compliance",Future of mobility,,,,,,/Fleet management and leasing,/Insurance analyst / underwriter,,/Short-form article,,,,,,
https://www.mobilityglobal.com/en-us/automotive-insights/blog/autonomous-vehicles-future-of-car-insurance,https://www.spglobal.com/automotive-insights/en/blogs/2025/08/autonomous-vehicles-future-of-car-insurance,Blog or Automotive Insights,Automatic,Sales solutions,,,,,,/Analysis and reports,"Autonomous vehicles and ADAS|Risk, safety and compliance",Future of mobility,,,,,,/Fleet management and leasing,/Insurance analyst / underwriter,,/Short-form article,,,,,,
https://www.mobilityglobal.com/en-us/automotive-insights/blog/china-drives-system-on-chip-innovation-in-auto-industry,https://www.spglobal.com/automotive-insights/en/blogs/2025/08/china-drives-system-on-chip-innovation-in-auto-industry,Blog or Automotive Insights,Automatic,Planning solutions,,,,,,/Analysis and reports,Automotive semiconductors,Automotive supply chain,,,,,,/Automotive OEMs|/Automotive suppliers and supply chain,/Technical specialists|/Supply chain analyst,,/Short-form article,,,,Greater China,Greater China,Mainland China
https://www.mobilityglobal.com/en-us/automotive-insights/blog/digital-twins-in-the-automotive-industry-explained,https://www.spglobal.com/automotive-insights/en/blogs/2025/08/digital-twins-in-the-automotive-industry-explained,Blog or Automotive Insights,Automatic,Planning solutions,,,,,,/Analysis and reports,,Future of mobility,,,,,,/Automotive OEMs,/Technical specialists|/Product planner,,/Short-form article,,,,,,
https://www.mobilityglobal.com/en-us/automotive-insights/blog/fords-all-in-bet-on-automotive-innovations,https://www.spglobal.com/automotive-insights/en/blogs/2025/08/fords-all-in-bet-on-automotive-innovations,Blog or Automotive Insights,Automatic,Planning solutions,,,,,,/Analysis and reports,Competitive landscape,Automotive industry forecast and analysis|Future of mobility,,,,,,/Automotive OEMs,/OEM strategist,,/Short-form article,,,,,,
https://www.mobilityglobal.com/en-us/automotive-insights/blog/new-car-inventory-trends,https://www.spglobal.com/automotive-insights/en/blogs/2025/08/new-car-inventory-trends,Blog or Automotive Insights,Automatic,Sales solutions,,,,,,/Analysis and reports,Automotive industry forecast and analysis,Automotive industry forecast and analysis,,,,,,,,,/Short-form article,,,,,,
https://www.mobilityglobal.com/en-us/automotive-insights/blog/spglobal-invests-in-optimizing-automotive-sales,https://www.spglobal.com/automotive-insights/en/blogs/2025/08/spglobal-invests-in-optimizing-automotive-sales,Blog or Automotive Insights,Automatic,Sales solutions,,,,,,/Market news and updates,,Automotive supply chain,,,,,,,,,/Short-form article,,,,,,
https://www.mobilityglobal.com/en-us/automotive-insights/blog/the-journey-towards-efficient-ev-charging,https://www.spglobal.com/automotive-insights/en/blogs/2025/08/the-journey-towards-efficient-ev-charging,Blog or Automotive Insights,Automatic,Planning solutions,,,,,,/Analysis and reports,EV charging infrastructure,Electric vehicle industry,,,,,,/Automotive OEMs|/Automotive suppliers and supply chain,/Product planner|/Technical specialists,,/Short-form article,,,,,,
https://www.mobilityglobal.com/en-us/automotive-insights/blog/turkish-electric-car-market-analysis,https://www.spglobal.com/automotive-insights/en/blogs/2025/08/turkish-electric-car-market-analysis,Blog or Automotive Insights,Automatic,Planning solutions,,,,,,/Analysis and reports,Global automotive markets,Electric vehicle industry,,,,,,/Automotive OEMs,/Market analyst,,/Short-form article,,,,Europe,Europe,Turkey
https://www.mobilityglobal.com/en-us/automotive-insights/blog/why-europe-is-losing-the-gigafactory-race-to-china,https://www.spglobal.com/automotive-insights/en/blogs/2025/08/why-europe-is-losing-the-gigafactory-race-to-china,Blog or Automotive Insights,Automatic,Planning solutions,,,,,,/Analysis and reports,EV battery technology|Vehicle production forecasts|Competitive landscape,EV battery technology,,,,,,/Automotive OEMs|/Automotive suppliers and supply chain,/OEM strategist|/Supply chain analyst,,/Short-form article,,,,,,Mainland China
https://www.mobilityglobal.com/en-us/automotive-insights/blog/auto-finance-trends-data-driven-agility-for-lenders,https://www.spglobal.com/automotive-insights/en/blogs/2025/09/auto-finance-trends-data-driven-agility-for-lenders,Blog or Automotive Insights,Automatic,Sales solutions,,,,,,/Analysis and reports,Dealer and retail trends|Macro-economic drivers,Automotive industry forecast and analysis,,,,,,/Fleet management and leasing,/Leasing / financial services,,/Short-form article,,,,,,
https://www.mobilityglobal.com/en-us/automotive-insights/blog/automotive-startups-shaping-the-future-of-mobility,https://www.spglobal.com/automotive-insights/en/blogs/2025/09/automotive-startups-shaping-the-future-of-mobility,Blog or Automotive Insights,Automatic,Planning solutions,,,,,,/Analysis and reports,Competitive landscape,Future of mobility,,,,,,/Automotive OEMs,/Business development,,/Short-form article,,,,,,
https://www.mobilityglobal.com/en-us/automotive-insights/blog/autonomous-driving-expands-to-europe-and-middle-east,https://www.spglobal.com/automotive-insights/en/blogs/2025/09/autonomous-driving-expands-to-europe-and-middle-east,Blog or Automotive Insights,Automatic,Planning solutions,,,,,,/Analysis and reports|/Market news and updates,Autonomous vehicles and ADAS|Global automotive markets|,Future of mobility,,,,,,/Automotive OEMs,/OEM strategist,,/Short-form article,,,,,,
https://www.mobilityglobal.com/en-us/automotive-insights/blog/china-automotive-industry-semiconductor-supply-chain,https://www.spglobal.com/automotive-insights/en/blogs/2025/09/china-automotive-industry-semiconductor-supply-chain,Blog or Automotive Insights,Automatic,Planning solutions,,,,,,/Analysis and reports,Automotive semiconductors|Automotive supply chain disruption and resilience,Automotive supply chain,,,,,,/Automotive suppliers and supply chain|/Automotive OEMs,/Supply chain analyst|/Procurement,,/Short-form article,,,,Greater China,Greater China,Mainland China
https://www.mobilityglobal.com/en-us/automotive-insights/blog/iaa-mobility-2025-chinese-evs-in-europe,https://www.spglobal.com/automotive-insights/en/blogs/2025/09/iaa-mobility-2025-chinese-evs-in-europe,Blog or Automotive Insights,Automatic,Planning solutions,,,,,,/Events and webinars,Global automotive markets|Competitive landscape,Electric vehicle industry,,,,,,/Automotive OEMs,/OEM strategist|/Market analyst,,/Short-form article,,,,,,Mainland China
https://www.mobilityglobal.com/en-us/automotive-insights/blog/india-vehicle-scrappage-policy-insights,https://www.spglobal.com/automotive-insights/en/blogs/2025/09/india-vehicle-scrappage-policy-insights,Blog or Automotive Insights,Automatic,Planning solutions,,,,,,/Analysis and reports,Regulations and compliance|Automotive circular economy,Automotive sustainability,,,,/Policy,,/Automotive OEMs,/Government / policy maker,,/Short-form article,,,,,,India
https://www.mobilityglobal.com/en-us/automotive-insights/blog/oem-pricing-strategy-evolves-tariff-effects,https://www.spglobal.com/automotive-insights/en/blogs/2025/09/oem-pricing-strategy-evolves-tariff-effects,Blog or Automotive Insights,Automatic,Sales solutions,,,,,,/Analysis and reports,Pricing trends|Automotive tariffs and trade policy,Automotive tariffs,,,,,,/Automotive OEMs,/OEM strategist,,/Short-form article,,,,,,
https://www.mobilityglobal.com/en-us/automotive-insights/blog/powertrain-and-brand-loyalty-trends-us,https://www.spglobal.com/automotive-insights/en/blogs/2025/09/powertrain-and-brand-loyalty-trends-us,Blog or Automotive Insights,Automatic,Sales solutions,,Loyalty,,,,/Analysis and reports,Loyalty,Automotive consumer trends,,,,,,/Automotive OEMs,/Market analyst,,/Short-form article,,,,North America,North America,United States
https://www.mobilityglobal.com/en-us/automotive-insights/blog/regenerative-braking-powers-bev-performance-gains,https://www.spglobal.com/automotive-insights/en/blogs/2025/09/regenerative-braking-powers-bev-performance-gains,Blog or Automotive Insights,Automatic,Planning solutions,,,,,,/Analysis and reports,,Electric vehicle industry,,,,,,/Automotive OEMs,/Technical specialists,,/Short-form article,,,,,,
https://www.mobilityglobal.com/en-us/automotive-insights/blog/tesla-brand-loyalty-evolving-ev-market,https://www.spglobal.com/automotive-insights/en/blogs/2025/09/tesla-brand-loyalty-evolving-ev-market,Blog or Automotive Insights,Automatic,Sales solutions,,Loyalty,,,,/Analysis and reports,Loyalty,Automotive consumer trends,,,,,,/Automotive OEMs,/Market analyst,,/Short-form article,,,,,,
https://www.mobilityglobal.com/en-us/automotive-insights/blog/the-software-defined-market-is-taking-off,https://www.spglobal.com/automotive-insights/en/blogs/2025/09/the-software-defined-market-is-taking-off,Blog or Automotive Insights,Automatic,Planning solutions,,,,,,/Analysis and reports|/Market news and updates,Software defined vehicles (SDV),Software-defined vehicles,,,,,,/Automotive OEMs,/OEM strategist|/Product planner,,/Short-form article,,,,,,
https://www.mobilityglobal.com/en-us/automotive-insights/blog/zero-emission-buses-reshape-eu-bus-production,https://www.spglobal.com/automotive-insights/en/blogs/2025/09/zero-emission-buses-reshape-eu-bus-production,Blog or Automotive Insights,Automatic,Planning solutions,,,,,,/Analysis and reports,Automotive sustainability and ESG|Vehicle production forecasts,Commercial vehicle market,,,,,/Commercial vehicles|/Electric vehicles (EVs),/Automotive OEMs|/Automotive suppliers and supply chain,/OEM strategist|/Government / policy maker,,/Short-form article,,,,,,
https://www.mobilityglobal.com/en-us/automotive-insights/blog/auto-insurance-trends-and-emerging-risks,https://www.spglobal.com/automotive-insights/en/blogs/2025/10/auto-insurance-trends-and-emerging-risks,Blog or Automotive Insights,Automatic,Sales solutions,,,,,,/Analysis and reports,Automotive industry forecast and analysis,Automotive industry forecast and analysis|Electric vehicle industry,,,,,,/Fleet management and leasing,/Insurance analyst / underwriter,,/Short-form article,,,,,,
https://www.mobilityglobal.com/en-us/automotive-insights/blog/automotive-industry-glossary-and-metrics,https://www.spglobal.com/automotive-insights/en/blogs/2025/10/automotive-industry-glossary-and-metrics,Blog or Automotive Insights,Automatic,,,,,,,,Automotive industry forecast and analysis,,,,,,,,,,/Short-form article,,,,,,
https://www.mobilityglobal.com/en-us/automotive-insights/blog/dutch-takeover-of-chinese-owned-nexperia,https://www.spglobal.com/automotive-insights/en/blogs/2025/10/dutch-takeover-of-chinese-owned-nexperia,Blog or Automotive Insights,Automatic,Planning solutions,,,,,,/Market news and updates,Market volatility trends|Automotive supply chain disruption and resilience,Automotive supply chain,,,,,,/Automotive suppliers and supply chain|/Automotive OEMs,/Supply chain analyst|/Procurement,,/Short-form article,,,,,,
https://www.mobilityglobal.com/en-us/automotive-insights/blog/electric-vehicle-towing-closing-the-gap-with-ice-trucks,https://www.spglobal.com/automotive-insights/en/blogs/2025/10/electric-vehicle-towing-closing-the-gap-with-ice-trucks,Blog or Automotive Insights,Automatic,Planning solutions,,,,,,/Analysis and reports,,Electric vehicle industry,,,,,,/Automotive OEMs,/Competitive intelligence,,/Short-form article,,,,,,
https://www.mobilityglobal.com/en-us/automotive-insights/blog/ev-adoption-rates-how-us-and-other-markets-compare-2025,https://www.spglobal.com/automotive-insights/en/blogs/2025/10/ev-adoption-rates-how-us-and-other-markets-compare-2025,Blog or Automotive Insights,Automatic,Planning solutions,,,,,,/Analysis and reports,EV adoption|Competitive landscape|Global automotive markets|,Electric vehicle industry,,,,,,/Automotive OEMs,/Market analyst,,/Short-form article,,,,North America,North America,United States
https://www.mobilityglobal.com/en-us/automotive-insights/blog/forecasting-car-price-trends-volatile-markets,https://www.spglobal.com/automotive-insights/en/blogs/2025/10/forecasting-car-price-trends-volatile-markets,Blog or Automotive Insights,Automatic,Planning solutions,,,,,,/Analysis and reports,Pricing trends|Market volatility trends,Automotive industry forecast and analysis,,,,,,/Automotive OEMs|/Automotive dealers and retailers,/Market analyst|/Dealer / retailer,,/Short-form article,,,,,,
https://www.mobilityglobal.com/en-us/automotive-insights/blog/how-upfitters-can-prepare-2026-construction-demand,https://www.spglobal.com/automotive-insights/en/blogs/2025/10/how-upfitters-can-prepare-2026-construction-demand,Blog or Automotive Insights,Automatic,Planning solutions,,,,,,/Analysis and reports,,Automotive industry forecast and analysis|Commercial vehicle market,,,,,/Specialty vehicles|/Commercial vehicles,/Automotive aftermarket,/Aftermarket provider,,/Short-form article,,,,,,
https://www.mobilityglobal.com/en-us/automotive-insights/blog/huawei-powers-chinese-automakers-smart-ev-ambitions,https://www.spglobal.com/automotive-insights/en/blogs/2025/10/huawei-powers-chinese-automakers-smart-ev-ambitions,Blog or Automotive Insights,Automatic,Planning solutions,,,,,,/Analysis and reports,Competitive landscape,Electric vehicle industry,,,,,,/Automotive OEMs,/Technical specialists|/Competitive intelligence,,/Short-form article,,,,Greater China,Greater China,Mainland China
https://www.mobilityglobal.com/en-us/automotive-insights/blog/hydrogen-powered-vehicles-face-rough-road,https://www.spglobal.com/automotive-insights/en/blogs/2025/10/hydrogen-powered-vehicles-face-rough-road,Blog or Automotive Insights,Automatic,Planning solutions,,,,,,/Analysis and reports,,Automotive industry forecast and analysis,,,,,,/Automotive OEMs,/Product planner,,/Short-form article,,,,,,
https://www.mobilityglobal.com/en-us/automotive-insights/blog/leading-car-manufacturers-market-share,https://www.spglobal.com/automotive-insights/en/blogs/2025/10/leading-car-manufacturers-market-share,Blog or Automotive Insights,Automatic,Planning solutions,,,,,,/Analysis and reports,Competitive landscape|Market segmentation insights,Automotive industry forecast and analysis,,,,,,/Automotive OEMs,/Market analyst|/Competitive intelligence,,/Short-form article,,,,,,
https://www.mobilityglobal.com/en-us/automotive-insights/blog/lgbt-consumer-automotive-market-growing-opportunity,https://www.spglobal.com/automotive-insights/en/blogs/2025/10/lgbt-consumer-automotive-market-growing-opportunity,Blog or Automotive Insights,Automatic,Sales solutions,,,,,,/Analysis and reports,Demographic trends|Consumer behavior insights,Automotive consumer trends,,,,,,/Automotive OEMs,/Marketing and media agencies,,/Short-form article,,,,,,
https://www.mobilityglobal.com/en-us/automotive-insights/blog/national-auto-trends-in-top-markets,https://www.spglobal.com/automotive-insights/en/blogs/2025/10/national-auto-trends-in-top-markets,Blog or Automotive Insights,Automatic,Planning solutions,,,,,,/Analysis and reports,Automotive industry forecast and analysis,Automotive industry forecast and analysis,,,,,,/Automotive OEMs,/Market analyst,,/Short-form article,,,,,,
https://www.mobilityglobal.com/en-us/automotive-insights/blog/powertrain-system-trends-in-flux,https://www.spglobal.com/automotive-insights/en/blogs/2025/10/powertrain-system-trends-in-flux,Blog or Automotive Insights,Automatic,Planning solutions,,,,,,/Analysis and reports,,Automotive industry forecast and analysis,,,,,,/Automotive OEMs|/Automotive suppliers and supply chain,/Product planner|/Technical specialists,,/Short-form article,,,,,,
https://www.mobilityglobal.com/en-us/automotive-insights/blog/reviving-the-european-car-market,https://www.spglobal.com/automotive-insights/en/blogs/2025/10/reviving-the-european-car-market,Blog or Automotive Insights,Automatic,Planning solutions,,,,,,/Analysis and reports|/Market news and updates,Global automotive markets|Market volatility trends,Automotive industry forecast and analysis,,,,,,/Automotive OEMs,/Market analyst,,/Short-form article,,,,,,
https://www.mobilityglobal.com/en-us/automotive-insights/blog/semiconductor-tug-of-war-ai-data-centers-automakers,https://www.spglobal.com/automotive-insights/en/blogs/2025/10/semiconductor-tug-of-war-ai-data-centers-automakers,Blog or Automotive Insights,Automatic,Planning solutions,,,,,,/Analysis and reports|/Market news and updates,Automotive semiconductors|Automotive supply chain disruption and resilience,Automotive supply chain,,,,,,/Automotive suppliers and supply chain|/Automotive OEMs,/Supply chain analyst|/Procurement,,/Short-form article,,,,,,
https://www.mobilityglobal.com/en-us/automotive-insights/blog/useful-trends-used-car-market,https://www.spglobal.com/automotive-insights/en/blogs/2025/10/useful-trends-used-car-market,Blog or Automotive Insights,Automatic,Sales solutions,,,,,,/Analysis and reports,Dealer and retail trends,Automotive consumer trends,,,,,,,,,/Short-form article,,,,,,
https://www.mobilityglobal.com/en-us/automotive-insights/blog/vin-matching-what-australian-parts-providers-should-know,https://www.spglobal.com/automotive-insights/en/blogs/2025/10/vin-matching-what-australian-parts-providers-should-know,Blog or Automotive Insights,Automatic,Sales solutions,,,,,,/Analysis and reports,Automotive parts and components,Automotive industry forecast and analysis,,,,,,,,,/Short-form article,,,,,,Australia
https://www.mobilityglobal.com/en-us/automotive-insights/blog/chinese-oems-advance-overseas-vehicle-manufacturing,https://www.spglobal.com/automotive-insights/en/blogs/2025/11/chinese-oems-advance-overseas-vehicle-manufacturing,Blog or Automotive Insights,Automatic,Planning solutions,,,,,,/Analysis and reports|/Market news and updates,Vehicle production forecasts|Global automotive markets,Automotive industry forecast and analysis,,,,,,/Automotive OEMs,/OEM strategist|/Market analyst,,/Short-form article,,,,Greater China,Greater China,Mainland China
https://www.mobilityglobal.com/en-us/automotive-insights/blog/connected-services-an-increasingly-important-slice-of-automakers-revenue-pie,https://www.spglobal.com/automotive-insights/en/blogs/2025/11/connected-services-an-increasingly-important-slice-of-automakers-revenue-pie,Blog or Automotive Insights,Automatic,Planning solutions,,,,,,/Analysis and reports,"Connected cars and vehicles|Mobility business models (Subscription, MaaS)",Future of mobility,,,,,,/Automotive OEMs,/OEM strategist,,/Short-form article,,,,,,
https://www.mobilityglobal.com/en-us/automotive-insights/blog/eliminating-rare-earth-elements-from-ev-motor-supply-chain,https://www.spglobal.com/automotive-insights/en/blogs/2025/11/eliminating-rare-earth-elements-from-ev-motor-supply-chain,Blog or Automotive Insights,Automatic,Planning solutions,,,,,,/Analysis and reports,Automotive supply chain disruption and resilience|EV battery technology,Automotive supply chain,,,,,,/Automotive OEMs|/Automotive suppliers and supply chain,/Procurement|/Supply chain analyst,,/Short-form article,,,,,,
https://www.mobilityglobal.com/en-us/automotive-insights/blog/ev-battery-supply-chain-under-pressure,https://www.spglobal.com/automotive-insights/en/blogs/2025/11/ev-battery-supply-chain-under-pressure,Blog or Automotive Insights,Automatic,Planning solutions,,,,,,/Analysis and reports,EV battery technology|Automotive supply chain disruption and resilience,Automotive supply chain,,,,,,/Automotive OEMs|/Automotive suppliers and supply chain,/Supply chain analyst|/Procurement,,/Short-form article,,,,,,
https://www.mobilityglobal.com/en-us/automotive-insights/blog/expansion-of-ev-charging-infrastructure-slows,https://www.spglobal.com/automotive-insights/en/blogs/2025/11/expansion-of-ev-charging-infrastructure-slows,Blog or Automotive Insights,Automatic,Planning solutions,,,,,,/Analysis and reports|/Market news and updates,EV charging infrastructure|Market volatility trends,Electric vehicle industry,,,,,,/Automotive OEMs|/Automotive suppliers and supply chain,/Product planner|/Government / policy maker,,/Short-form article,,,,,,
https://www.mobilityglobal.com/en-us/automotive-insights/blog/full-size-half-ton-pickups-us-auto-market,https://www.spglobal.com/automotive-insights/en/blogs/2025/11/full-size-half-ton-pickups-us-auto-market,Blog or Automotive Insights,Automatic,Planning solutions,,,,,,/Analysis and reports,Market segmentation insights|Automotive consumer demand,Automotive industry forecast and analysis,,,,,,/Automotive OEMs,/Market analyst,,/Short-form article,,,,North America,North America,United States
https://www.mobilityglobal.com/en-us/automotive-insights/blog/indias-multifuel-path-to-automotive-sustainability,https://www.spglobal.com/automotive-insights/en/blogs/2025/11/indias-multifuel-path-to-automotive-sustainability,Blog or Automotive Insights,Automatic,Planning solutions,,,,,,/Analysis and reports,Automotive sustainability and ESG|Regulations and compliance,Automotive sustainability,,,,/Policy|/Emissions standards,,/Automotive OEMs,/Government / policy maker,,/Short-form article,,,,,,India
https://www.mobilityglobal.com/en-us/automotive-insights/blog/japan-mobility-show-2025,https://www.spglobal.com/automotive-insights/en/blogs/2025/11/japan-mobility-show-2025,Blog or Automotive Insights,Automatic,Planning solutions,,,,,,/Events and webinars,,Future of mobility,,,,,,/Automotive OEMs,/OEM strategist,,/Short-form article,,,,Japan/Korea,Japan/Korea,Japan
https://www.mobilityglobal.com/en-us/automotive-insights/blog/mastering-scenario-planning-for-resilience,https://www.spglobal.com/automotive-insights/en/blogs/2025/11/mastering-scenario-planning-for-resilience,Blog or Automotive Insights,Automatic,Planning solutions,,,,,,/Analysis and reports,Market volatility trends|Automotive supply chain disruption and resilience,Scenario planning insights,,,,,,/Automotive OEMs|/Automotive suppliers and supply chain,/OEM strategist|/Supply chain analyst,,/Short-form article,,,,,,
https://www.mobilityglobal.com/en-us/automotive-insights/blog/new-leaders-at-european-automakers,https://www.spglobal.com/automotive-insights/en/blogs/2025/11/new-leaders-at-european-automakers,Blog or Automotive Insights,Automatic,,,,,,,,,Automotive industry forecast and analysis,,,,,,,,,/Short-form article,,,,,,
https://www.mobilityglobal.com/en-us/automotive-insights/blog/repositioning-ice-vehicles-with-engine-decarbonization,https://www.spglobal.com/automotive-insights/en/blogs/2025/11/repositioning-ice-vehicles-with-engine-decarbonization,Blog or Automotive Insights,Automatic,Planning solutions,,,,,,/Analysis and reports,Automotive sustainability and ESG,Automotive sustainability,,,,,,/Automotive OEMs,/Product planner|/Technical specialists,,/Short-form article,,,,,,
https://www.mobilityglobal.com/en-us/automotive-insights/blog/what-is-fueling-consumer-interest-in-hybrid-vehicles,https://www.spglobal.com/automotive-insights/en/blogs/2025/11/what-is-fueling-consumer-interest-in-hybrid-vehicles,Blog or Automotive Insights,Automatic,Planning solutions,,,,,,/Analysis and reports,Automotive consumer demand|Consumer behavior insights,Automotive consumer trends,,,,,,/Automotive OEMs,/Market analyst,,/Short-form article,,,,,,
https://www.mobilityglobal.com/en-us/automotive-insights/blog/2025-chevrolet-equinox-industry-performance,https://www.spglobal.com/automotive-insights/en/blogs/2025/12/2025-chevrolet-equinox-industry-performance,Blog or Automotive Insights,Automatic,Planning solutions,,,,,,/Analysis and reports,Competitive landscape|Market segmentation insights,,,,,,,/Automotive OEMs,/Competitive intelligence|/Market analyst,,/Short-form article,,,,,,
https://www.mobilityglobal.com/en-us/automotive-insights/blog/automotive-lending-strategies-2026,https://www.spglobal.com/automotive-insights/en/blogs/2025/12/automotive-lending-strategies-2026,Blog or Automotive Insights,Automatic,Sales solutions,,,,,,/Analysis and reports,Dealer and retail trends|Macro-economic drivers,Automotive industry forecast and analysis,,,,,,/Fleet management and leasing,/Leasing / financial services,,/Short-form article,,,,,,
https://www.mobilityglobal.com/en-us/automotive-insights/blog/automotive-suppliers-sustain-margins-amid-slower-growth-in-2025,https://www.spglobal.com/automotive-insights/en/blogs/2025/12/automotive-suppliers-sustain-margins-amid-slower-growth-in-2025,Blog or Automotive Insights,Automatic,Planning solutions,,,,,,/Analysis and reports,Market volatility trends|Automotive supply chain disruption and resilience|,Automotive supply chain,,,,,,/Automotive suppliers and supply chain,/Supply chain analyst,,/Short-form article,,,,,,
https://www.mobilityglobal.com/en-us/automotive-insights/blog/autonomous-ride-hailing-grows-key-us-markets,https://www.spglobal.com/automotive-insights/en/blogs/2025/12/autonomous-ride-hailing-grows-key-us-markets,Blog or Automotive Insights,Automatic,Planning solutions,,,,,,/Analysis and reports|/Market news and updates,"Autonomous vehicles and ADAS|Mobility business models (Subscription, MaaS)",Future of mobility,,,,,,/Automotive OEMs,/OEM strategist|/Product planner,,/Short-form article,,,,North America,North America,United States
https://www.mobilityglobal.com/en-us/automotive-insights/blog/beyond-brand-loyalty-modern-auto-buyer,https://www.spglobal.com/automotive-insights/en/blogs/2025/12/beyond-brand-loyalty-modern-auto-buyer,Blog or Automotive Insights,Automatic,Sales solutions,,Loyalty,,,,/Analysis and reports,Loyalty,Automotive consumer trends,,,,,,/Automotive OEMs,/Market analyst,,/Short-form article,,,,,,
https://www.mobilityglobal.com/en-us/automotive-insights/blog/dram-makers-ai-data-centers-semiconductor-shortage,https://www.spglobal.com/automotive-insights/en/blogs/2025/12/dram-makers-ai-data-centers-semiconductor-shortage,Blog or Automotive Insights,Automatic,Planning solutions,,,,,,/Analysis and reports|/Market news and updates,Supply chain disruption and resilience|Supply chain risk management|Automotive semiconductors,Automotive supply chain|Supply chain resilience,,,,,,/Automotive suppliers and supply chain|/Automotive OEMs,/Supply chain analyst|/Procurement,,/Short-form article,,,,,,
https://www.mobilityglobal.com/en-us/automotive-insights/blog/europe-shifts-into-reverse-on-eu-2035-ice-ban,https://www.spglobal.com/automotive-insights/en/blogs/2025/12/europe-shifts-into-reverse-on-eu-2035-ice-ban,Blog or Automotive Insights,Automatic,Planning solutions,,,,,,/Analysis and reports|/Market news and updates,Regulations and compliance,Automotive sustainability,,,,/Policy|/Emissions standards,,/Automotive OEMs,/Government / policy maker,,/Short-form article,,,,,,
https://www.mobilityglobal.com/en-us/automotive-insights/blog/hybrid-buses-trucks-europe-forecast,https://www.spglobal.com/automotive-insights/en/blogs/2025/12/hybrid-buses-trucks-europe-forecast,Blog or Automotive Insights,Automatic,Planning solutions,,,,,,/Data and forecasts|/Analysis and reports,,Automotive industry forecast and analysis|Automotive sustainability|Commercial vehicle market,,,,,/Hybrid vehicles|/Commercial vehicles,/Automotive OEMs,/Market analyst,,/Short-form article,,,,,,
https://www.mobilityglobal.com/en-us/automotive-insights/blog/the-global-rise-of-autonomous-trucks-and-last-mile-delivery,https://www.spglobal.com/automotive-insights/en/blogs/2025/12/the-global-rise-of-autonomous-trucks-and-last-mile-delivery,Blog or Automotive Insights,Automatic,Planning solutions,,,,,,/Analysis and reports,Autonomous vehicles and ADAS,Commercial vehicle market,,,,,/Autonomous vehicles (AVs)|/Commercial vehicles,/Automotive OEMs|/Fleet management and leasing,/OEM strategist|/Fleet manager,,/Short-form article,,,,,,
https://www.mobilityglobal.com/en-us/automotive-insights/blog/2025-auto-sales-forecast-global,https://www.spglobal.com/automotive-insights/en/blogs/2025-auto-sales-forecast-global,Blog or Automotive Insights,Automatic,Planning solutions,,,,,,/Data and forecasts|/Analysis and reports,Automotive industry forecast and analysis,Automotive industry forecast and analysis,,,,,,/Automotive OEMs,/Market analyst,,/Short-form article,,,,,,
https://www.mobilityglobal.com/en-us/automotive-insights/blog/2025-light-vehicle-production-forecast,https://www.spglobal.com/automotive-insights/en/blogs/2025-light-vehicle-production-forecast,Blog or Automotive Insights,Automatic,Planning solutions,,,,,,/Data and forecasts|/Analysis and reports,Vehicle production forecasts,Automotive industry forecast and analysis,,,,,,/Automotive OEMs,/Market analyst,,/Short-form article,,,,,,
https://www.mobilityglobal.com/en-us/automotive-insights/blog/2025-playbook-top-automotive-suppliers,https://www.spglobal.com/automotive-insights/en/blogs/2025-playbook-top-automotive-suppliers,Blog or Automotive Insights,Automatic,Planning solutions,,,,,,/Analysis and reports,Automotive supply chain disruption and resilience|Competitive landscape|,Automotive supply chain,,,,,,/Automotive suppliers and supply chain,/Supply chain analyst|/Competitive intelligence,,/Short-form article,,,,,,
https://www.mobilityglobal.com/en-us/automotive-insights/blog/2025-automotive-loyalty-awards-winners,https://www.spglobal.com/automotive-insights/en/blogs/2026/01/2025-automotive-loyalty-awards-winners,Blog or Automotive Insights,Automatic,Sales solutions,,Loyalty,,,,/Events and webinars|/Analysis and reports,Loyalty,Automotive consumer trends,,,,,,/Automotive OEMs,/Market analyst,,/Short-form article,,,,,,
https://www.mobilityglobal.com/en-us/automotive-insights/blog/2025-automotive-sales-data-global-trends,https://www.spglobal.com/automotive-insights/en/blogs/2026/01/2025-automotive-sales-data-global-trends,Blog or Automotive Insights,Automatic,Planning solutions,,,,,,/Data and forecasts|/Analysis and reports,Automotive industry forecast and analysis|Global automotive markets,Automotive industry forecast and analysis,,,,,,/Automotive OEMs,/Market analyst,,/Short-form article,,,,,,
https://www.mobilityglobal.com/en-us/automotive-insights/blog/2026-automotive-supplier-outlook,https://www.spglobal.com/automotive-insights/en/blogs/2026/01/2026-automotive-supplier-outlook,Blog or Automotive Insights,Automatic,Planning solutions,,,,,,/Analysis and reports,Automotive supply chain disruption and resilience,Automotive supply chain|Supply chain resilience,,,,,,/Automotive suppliers and supply chain,/Supply chain analyst,,/Short-form article,,,,,,
https://www.mobilityglobal.com/en-us/automotive-insights/blog/automotive-market-trends-2026,https://www.spglobal.com/automotive-insights/en/blogs/2026/01/automotive-market-trends-2026,Blog or Automotive Insights,Automatic,Planning solutions,,,,,,/Analysis and reports,Automotive industry forecast and analysis,Automotive industry forecast and analysis,,,,,,/Automotive OEMs,/Market analyst,,/Short-form article,,,,,,
https://www.mobilityglobal.com/en-us/automotive-insights/blog/cam-international-market-navigates-shifting-ev-supply-and-demand,https://www.spglobal.com/automotive-insights/en/blogs/2026/01/cam-international-market-navigates-shifting-ev-supply-and-demand,Blog or Automotive Insights,Automatic,Planning solutions,,,,,,/Analysis and reports,EV battery technology,EV battery technology,,,,,,/Automotive suppliers and supply chain,/Supply chain analyst|/Procurement,,/Short-form article,,,,,,
https://www.mobilityglobal.com/en-us/automotive-insights/blog/ces-2026-spotlights-automotive-technology,https://www.spglobal.com/automotive-insights/en/blogs/2026/01/ces-2026-spotlights-automotive-technology,Blog or Automotive Insights,Automatic,Planning solutions,,,,,,/Events and webinars,,Future of mobility,,,,,,/Automotive OEMs|/Automotive suppliers and supply chain,/Technical specialists|/OEM strategist,,/Short-form article,,,,,,
https://www.mobilityglobal.com/en-us/automotive-insights/blog/five-predictions-2026-automotive-industry-outlook,https://www.spglobal.com/automotive-insights/en/blogs/2026/01/five-predictions-2026-automotive-industry-outlook,Blog or Automotive Insights,Automatic,Planning solutions,,,,,,/Analysis and reports|/Data and forecasts,Automotive industry forecast and analysis|Vehicle production forecasts|,Automotive industry forecast and analysis,,/1-year outlook|/3-years outlook,/Macroeconomic factors,,,/Automotive OEMs|/Automotive suppliers and supply chain,/OEM strategist|/Market analyst|/Sector and company analysts,,/Short-form article,,/Market outlook campaign,,,,
https://www.mobilityglobal.com/en-us/automotive-insights/blog/mobility-pulse-360-launch-announcement,https://www.spglobal.com/automotive-insights/en/blogs/2026/01/mobility-pulse-360-launch-announcement,Blog or Automotive Insights,Automatic,Sales solutions,,,,,,/Market news and updates,Pricing trends,Automotive industry forecast and analysis|Automotive consumer trends,,,,,,,,,/Short-form article,,,,,,
https://www.mobilityglobal.com/en-us/automotive-insights/blog/nada-show-2026-preview-transforming-macro-trends-local-market-intelligence,https://www.spglobal.com/automotive-insights/en/blogs/2026/01/nada-show-2026-preview-transforming-macro-trends-local-market-intelligence,Blog or Automotive Insights,Automatic,Sales solutions,,,,,,/Events and webinars,Dealer and retail trends,Automotive consumer trends,,,,,,/Automotive dealers and retailers,/Dealer / retailer,,/Short-form article,,,,,,
https://www.mobilityglobal.com/en-us/automotive-insights/blog/reinventing-the-truck-energy-transition-in-trucking,https://www.spglobal.com/automotive-insights/en/blogs/2026/01/reinventing-the-truck-energy-transition-in-trucking,Blog or Automotive Insights,Automatic,Planning solutions,,,,,,/Analysis and reports,Automotive sustainability and ESG,Commercial vehicle market|Automotive sustainability,,,,,/Commercial vehicles|/Heavy-duty trucks|/Electric vehicles (EVs),/Automotive OEMs|/Fleet management and leasing,/OEM strategist|/Product planner|/Fleet manager,,/Short-form article,,,,,,
https://www.mobilityglobal.com/en-us/automotive-insights/blog/renault-group-global-sales-rise,https://www.spglobal.com/automotive-insights/en/blogs/2026/01/renault-group-global-sales-rise,Blog or Automotive Insights,Automatic,Planning solutions,,,,,,/Analysis and reports|/Market news and updates,Competitive landscape,Global automotive markets,,,,,,/Automotive OEMs,/Market analyst|/Competitive intelligence,,/Short-form article,,,,,,
https://www.mobilityglobal.com/en-us/automotive-insights/blog/scaling-software-defined-vehicles,https://www.spglobal.com/automotive-insights/en/blogs/2026/01/scaling-software-defined-vehicles,Blog or Automotive Insights,Automatic,Planning solutions,,,,,,/Analysis and reports,Software defined vehicles (SDV),Software-defined vehicles,,,,,,/Automotive OEMs,/OEM strategist|/Product planner|/Technical specialists,,/Short-form article,,,,,,
https://www.mobilityglobal.com/en-us/automotive-insights/blog/where-automotive-data-meets-human-expertise,https://www.spglobal.com/automotive-insights/en/blogs/2026/01/where-automotive-data-meets-human-expertise,Blog or Automotive Insights,Automatic,Planning solutions,,,,,,/Analysis and reports,Supply chain disruption and resilience,Automotive supply chain|Supply chain resilience|Automotive industry forecast and analysis,,,,,,,,,/Short-form article,,,,,,
https://www.mobilityglobal.com/en-us/automotive-insights/blog/commercial-vehicle-market-outlook-sees-steady-gains,https://www.spglobal.com/automotive-insights/en/blogs/2026/02/commercial-vehicle-market-outlook-sees-steady-gains,Blog or Automotive Insights,Automatic,Planning solutions,,,,,,/Analysis and reports|/Data and forecasts,Automotive industry forecast and analysis|Vehicle production forecasts,Commercial vehicle market,,/1-year outlook|/Long-term outlook,,,/Commercial vehicles|/Heavy-duty trucks,/Automotive OEMs|/Automotive suppliers and supply chain,/OEM strategist|/Market analyst,,/Short-form article,,/Market outlook campaign,,,,
https://www.mobilityglobal.com/en-us/automotive-insights/blog/formula-1-2026-regulations-and-growth-in-popularity,https://www.spglobal.com/automotive-insights/en/blogs/2026/02/formula-1-2026-regulations-and-growth-in-popularity,Blog or Automotive Insights,Automatic,Planning solutions,,,,,,/Market news and updates,Automotive sustainability and ESG |Regulations and compliance,Automotive sustainability,,,,/Emissions standards|/Fuel economy standards,/Performance vehicles,/Automotive OEMs,/Technical specialists|/Market analyst,,/Short-form article,,,,,,
https://www.mobilityglobal.com/en-us/automotive-insights/blog/light-vehicle-powertrain-outlook-2026,https://www.spglobal.com/automotive-insights/en/blogs/2026/02/light-vehicle-powertrain-outlook-2026,Blog or Automotive Insights,Automatic,Planning solutions,,,,,,/Analysis and reports|/Data and forecasts,,Automotive industry forecast and analysis|Electric vehicle industry,,/1-year outlook|/Long-term outlook,,/Emissions standards,/Light vehicles|/Electric vehicles (EVs)|/Hybrid vehicles|/Internal combustion engine vehicles (ICE),/Automotive OEMs|/Automotive suppliers and supply chain,/OEM strategist|/Product planner,,/Short-form article,,/Market outlook campaign,,,,
https://www.mobilityglobal.com/en-us/automotive-insights/blog/loyalty-of-full-size-pickup-households,https://www.spglobal.com/automotive-insights/en/blogs/2026/02/loyalty-of-full-size-pickup-households,Blog or Automotive Insights,Automatic,Sales solutions,,Loyalty,,,,/Analysis and reports,Loyalty,Automotive consumer trends,,,,,/Commercial vehicles|/Light vehicles,/Automotive OEMs,/Market analyst|/OEM strategist,,/Short-form article,,,/Polk Automotive Solutions,North America,North America,United States
https://www.mobilityglobal.com/en-us/automotive-insights/blog/mainland-china-dram-push,https://www.spglobal.com/automotive-insights/en/blogs/2026/02/mainland-china-dram-push,Blog or Automotive Insights,Automatic,Planning solutions,,,,,,/Analysis and reports,Automotive supply chain disruption and resilience | Automotive semiconductors ,Automotive supply chain,,,/Supply chain constraints,,,/Automotive OEMs|/Automotive suppliers and supply chain,/Procurement|/Supply chain analyst,,/Short-form article,,,,Greater China,Greater China,Mainland China
https://www.mobilityglobal.com/en-us/automotive-insights/blog/mobility-global-announces-new-name,https://www.spglobal.com/automotive-insights/en/blogs/2026/02/mobility-global-announces-new-name,Blog or Automotive Insights,Automatic,,,,,,,,Automotive industry forecast and analysis,Automotive industry forecast and analysis,,,,,,,,,,,/Brand / awareness campaign,,,,
https://www.mobilityglobal.com/en-us/automotive-insights/blog/pricing-analytics-vehicle-affordability-1000-payment,https://www.spglobal.com/automotive-insights/en/blogs/2026/02/pricing-analytics-vehicle-affordability-1000-payment,Blog or Automotive Insights,Automatic,Sales solutions,,,,,,/Analysis and reports,Pricing trends|Automotive consumer demand,Automotive consumer trends,,,/Price pressure,,/Light vehicles,/Automotive dealers and retailers|/Fleet management and leasing,/Dealer / retailer|/Leasing / financial services,,/Short-form article,,,/Market Scan,North America,North America,United States
https://www.mobilityglobal.com/en-us/automotive-insights/blog/redefining-oem-strategy,https://www.spglobal.com/automotive-insights/en/blogs/2026/02/redefining-oem-strategy,Blog or Automotive Insights,Automatic,Planning solutions,,,,,,/Analysis and reports,"Competitive landscape|Mobility business models (Subscription, MaaS)",Future of mobility,,,,,/Light vehicles,/Automotive OEMs,/OEM strategist,,/Short-form article,,,,,,
https://www.mobilityglobal.com/en-us/automotive-insights/blog/us-automakers-optimistic-about-improving-auto-sales,https://www.spglobal.com/automotive-insights/en/blogs/2026/02/us-automakers-optimistic-about-improving-auto-sales,Blog or Automotive Insights,Automatic,Planning solutions,,,,,,/Analysis and reports|/Data and forecasts,Automotive industry forecast and analysis,Automotive industry forecast and analysis,,/Current market outlook,/Vehicle inventory levels,,/Light vehicles,/Automotive OEMs,/OEM strategist,,/Short-form article,,,/Polk Automotive Solutions,North America,North America,United States
https://www.mobilityglobal.com/en-us/automotive-insights/blog/what-auto-marketers-and-dealers-need-to-know-about-the-dram-shortage,https://www.spglobal.com/automotive-insights/en/blogs/2026/02/what-auto-marketers-and-dealers-need-to-know-about-the-dram-shortage,Blog or Automotive Insights,Automatic,Sales solutions,,,,,,/Analysis and reports,Dealer and retail trends | Automotive supply chain disruption and resilience | Automotive semiconductors | Automotive supply chain,Automotive supply chain,,,/Supply chain constraints,,,/Automotive OEMs|/Automotive dealers and retailers,/Marketing and media agencies|/Dealer / retailer,,/Short-form article,,,/Polk Automotive Solutions,,,
https://www.mobilityglobal.com/en-us/automotive-insights/blog/what-consumers-value-in-human-machine-interface-technologies,https://www.spglobal.com/automotive-insights/en/blogs/2026/02/what-consumers-value-in-human-machine-interface-technologies,Blog or Automotive Insights,Automatic,Planning solutions,,,,,,/Analysis and reports,Consumer behavior insights|Connected cars and vehicles,Automotive consumer trends,,,,,/Light vehicles,/Automotive OEMs,/Product planner|/Market analyst,,/Short-form article,,,,,,
https://www.mobilityglobal.com/en-us/automotive-insights/blog/what-is-driving-vehicle-lightweighting,https://www.spglobal.com/automotive-insights/en/blogs/2026/02/what-is-driving-vehicle-lightweighting,Blog or Automotive Insights,Automatic,Planning solutions,,,,,,/Analysis and reports,Automotive sustainability and ESG| Automotive parts and components,Automotive sustainability,,,,/Emissions standards,/Light vehicles,/Automotive OEMs|/Automotive suppliers and supply chain,/Product planner|/Technical specialists,,/Short-form article,,,,,,
https://www.mobilityglobal.com/en-us/automotive-insights/blog/automotive-cybersecurity-for-software-defined-vehicles,https://www.spglobal.com/automotive-insights/en/blogs/2026/03/automotive-cybersecurity-for-software-defined-vehicles,Blog or Automotive Insights,Automatic,Planning solutions,,,,,,/Analysis and reports,"Software defined vehicles (SDV)|Risk, safety and compliance | Connected cars and vehicles",Software-defined vehicles,,,,/Safety regulations,/Light vehicles,/Automotive OEMs|/Automotive suppliers and supply chain,/Technical specialists|/Product planner,,/Short-form article,,,,,,
https://www.mobilityglobal.com/en-us/automotive-insights/blog/capacity-pivot-to-energy-storage-systems,https://www.spglobal.com/automotive-insights/en/blogs/2026/03/capacity-pivot-to-energy-storage-systems,Blog or Automotive Insights,Automatic,Planning solutions,,,,,,/Analysis and reports,EV battery technology | Automotive supply chain disruption and resilience,Automotive supply chain|EV battery technology,,,/Supply chain constraints,,/Electric vehicles (EVs),/Automotive suppliers and supply chain,/Supply chain analyst|/Procurement,,/Short-form article,,,,North America,North America,United States
https://www.mobilityglobal.com/en-us/automotive-insights/blog/chinese-cars-in-europe-vehicle-fleet-aftermarket,https://www.spglobal.com/automotive-insights/en/blogs/2026/03/chinese-cars-in-europe-vehicle-fleet-aftermarket,Blog or Automotive Insights,Automatic,Planning solutions,,,,,,/Analysis and reports,Global automotive markets | Competitive landscape,Automotive industry forecast and analysis,,,,,/Light vehicles|/Used vehicles|/Electric vehicles (EVs),/Automotive aftermarket|/Automotive OEMs,/Aftermarket provider|/Market analyst,,/Short-form article,,,/Polk Automotive Solutions,,,
https://www.mobilityglobal.com/en-us/automotive-insights/blog/euro-7-emission-standards-auto-brakes-market,https://www.spglobal.com/automotive-insights/en/blogs/2026/03/euro-7-emission-standards-auto-brakes-market,Blog or Automotive Insights,Automatic,Planning solutions,,,,,,/Analysis and reports,Regulations and compliance|Automotive parts and components,Automotive sustainability,,,,/Emissions standards,/Light vehicles|/Commercial vehicles,/Automotive suppliers and supply chain,/Technical specialists|/Government / policy maker,,/Short-form article,,,/Polk Automotive Solutions,,,
https://www.mobilityglobal.com/en-us/automotive-insights/blog/ev-charging-readiness-and-consumer-insights,https://www.spglobal.com/automotive-insights/en/blogs/2026/03/ev-charging-readiness-and-consumer-insights,Blog or Automotive Insights,Automatic,Planning solutions,,,,,,/Analysis and reports,EV charging infrastructure|Automotive consumer demand,Electric vehicle industry,,,,,/Electric vehicles (EVs),,/Market analyst|/Government / policy maker,,/Short-form article,,,/Polk Automotive Solutions,North America,North America,United States
https://www.mobilityglobal.com/en-us/automotive-insights/blog/ev-lease-returns-impact,https://www.spglobal.com/automotive-insights/en/blogs/2026/03/ev-lease-returns-impact,Blog or Automotive Insights,Automatic,Sales solutions,,,,,,/Analysis and reports,Vehicle residual value and lifecycle impact|EV adoption|Pricing trends,Electric vehicle industry,,,/Price pressure,,/Electric vehicles (EVs)|/Used vehicles|/Fleet / rental,/Automotive dealers and retailers|/Fleet management and leasing,/Dealer / retailer|/Leasing / financial services,,/Short-form article,,,/Polk Automotive Solutions,,,
https://www.mobilityglobal.com/en-us/automotive-insights/blog/ev-plans-us-cancellations-launches,https://www.spglobal.com/automotive-insights/en/blogs/2026/03/ev-plans-us-cancellations-launches,Blog or Automotive Insights,Automatic,Planning solutions,,,,,,/Market news and updates,EV adoption,Electric vehicle industry,,,,,/Electric vehicles (EVs),/Automotive OEMs,/OEM strategist|/Product planner,,/Short-form article,,,/Polk Automotive Solutions,North America,North America,United States
https://www.mobilityglobal.com/en-us/automotive-insights/blog/february-2026-new-vehicle-inventory-trends,https://www.spglobal.com/automotive-insights/en/blogs/2026/03/february-2026-new-vehicle-inventory-trends,Blog or Automotive Insights,Automatic,Planning solutions,,,,,,/Analysis and reports|/Data and forecasts,Automotive industry forecast and analysis,Automotive industry forecast and analysis,US Auto Monitor,/Current market outlook,/Vehicle inventory levels,,/New vehicles,/Automotive OEMs|/Automotive dealers and retailers,/Supply chain analyst|/Dealer / retailer,,/Short-form article,,,/Polk Automotive Solutions,North America,North America,United States
https://www.mobilityglobal.com/en-us/automotive-insights/blog/india-ups-the-ante-on-the-rare-earth-value-chain,https://www.spglobal.com/automotive-insights/en/blogs/2026/03/india-ups-the-ante-on-the-rare-earth-value-chain,Blog or Automotive Insights,Automatic,Planning solutions,,,,,,/Analysis and reports,EV battery technology | Automotive supply chain disruption and resilience,EV battery technology|Supply chain resilience,,,,/Policy,/Electric vehicles (EVs),/Automotive suppliers and supply chain,/Supply chain analyst|/Government / policy maker,,/Short-form article,,,,,,India
https://www.mobilityglobal.com/en-us/automotive-insights/blog/lamborghini-scraps-bev-launch-plans,https://www.spglobal.com/automotive-insights/en/blogs/2026/03/lamborghini-scraps-bev-launch-plans,Blog or Automotive Insights,Automatic,Planning solutions,,,,,,/Market news and updates,,Electric vehicle industry,,,,,/Performance vehicles|/Electric vehicles (EVs),/Automotive OEMs,/OEM strategist|/Product planner,,/Short-form article,,,/Polk Automotive Solutions,Europe,Europe,Italy
https://www.mobilityglobal.com/en-us/automotive-insights/blog/luxury-and-mainstream-vehicle-migration,https://www.spglobal.com/automotive-insights/en/blogs/2026/03/luxury-and-mainstream-vehicle-migration,Blog or Automotive Insights,Automatic,Sales solutions,,,,,,/Analysis and reports,Consumer behavior insights|Market segmentation insights,Automotive consumer trends,,,/Demand shifts,,/Light vehicles|/Performance vehicles,/Automotive OEMs,/Market analyst,,/Short-form article,,,/Polk Automotive Solutions,,,
https://www.mobilityglobal.com/en-us/automotive-insights/blog/the-price-premium-of-hybrid-electric-vehicles,https://www.spglobal.com/automotive-insights/en/blogs/2026/03/the-price-premium-of-hybrid-electric-vehicles,Blog or Automotive Insights,Automatic,Planning solutions,,,,,,/Analysis and reports,Pricing trends|Automotive consumer demand,Automotive consumer trends,,,/Price pressure,,/Hybrid vehicles,/Automotive OEMs,/Market analyst,,/Short-form article,,,/Polk Automotive Solutions,,,
https://www.mobilityglobal.com/en-us/automotive-insights/blog/us-commercial-vehicle-registration-trends-2026,https://www.spglobal.com/automotive-insights/en/blogs/2026/03/us-commercial-vehicle-registration-trends-2026,Blog or Automotive Insights,Automatic,Planning solutions,,,,,,/Analysis and reports|/Data and forecasts,,Automotive industry forecast and analysis|Commercial vehicle market,,/Current market outlook,/Demand shifts,,/Commercial vehicles|/Heavy-duty trucks,/Automotive OEMs|/Fleet management and leasing,/Market analyst|/Fleet manager,,/Short-form article,,,/Polk Automotive Solutions,North America,North America,United States
https://www.mobilityglobal.com/en-us/automotive-insights/blog/whats-changing-for-north-american-automakers-2026,https://www.spglobal.com/automotive-insights/en/blogs/2026/03/whats-changing-for-north-american-automakers-2026,Blog or Automotive Insights,Automatic,Planning solutions,,,,,,/Analysis and reports,Automotive industry forecast and analysis,Automotive industry forecast and analysis,,/Long-term outlook,,,/Light vehicles,/Automotive OEMs,/OEM strategist|/Market analyst,,/Short-form article,,,/Polk Automotive Solutions,,,
https://www.mobilityglobal.com/en-us/automotive-insights/blog/automotive-aftermarket-industry-trends,https://www.spglobal.com/automotive-insights/en/blogs/2026/04/automotive-aftermarket-industry-trends,Blog or Automotive Insights,Automatic,Planning solutions,,,,,,/Analysis and reports,Aftermarket parts and components,Automotive supply chain,,,,,/Used vehicles,/Automotive aftermarket,/Aftermarket provider,,/Short-form article,,,/Polk Automotive Solutions,,,
https://www.mobilityglobal.com/en-us/automotive-insights/blog/automotive-analytics-affordability-loyalty,https://www.spglobal.com/automotive-insights/en/blogs/2026/04/automotive-analytics-affordability-loyalty,Blog or Automotive Insights,Automatic,Sales solutions,,Loyalty,,,,/Analysis and reports,Pricing trends | Dealer and retail trends,Automotive consumer trends,,,,,/Light vehicles,/Automotive dealers and retailers|/Fleet management and leasing,/Dealer / retailer|/Leasing / financial services,,/Short-form article,,,/Market Scan|/Polk Automotive Solutions,,,
https://www.mobilityglobal.com/en-us/automotive-insights/blog/electrification-tests-porsches-brand-identity,https://www.spglobal.com/automotive-insights/en/blogs/2026/04/electrification-tests-porsches-brand-identity,Blog or Automotive Insights,Automatic,Planning solutions,,,,,,/Analysis and reports,,Electric vehicle industry,,,,,/Performance vehicles|/Electric vehicles (EVs),/Automotive OEMs,/OEM strategist|/Market analyst,,/Short-form article,,,/Polk Automotive Solutions,Europe,Europe,Germany
https://www.mobilityglobal.com/en-us/automotive-insights/blog/intelligent-automotive-lighting,https://www.spglobal.com/automotive-insights/en/blogs/2026/04/intelligent-automotive-lighting,Blog or Automotive Insights,Automatic,Planning solutions,,,,,,/Analysis and reports,Automotive parts and components,Future of mobility,,,,,/Light vehicles,/Automotive suppliers and supply chain|/Automotive OEMs,/Technical specialists|/Product planner,,/Short-form article,,,,,,
https://www.mobilityglobal.com/en-us/automotive-insights/blog/mapping-uber-robotaxi-technology-advancements,https://www.spglobal.com/automotive-insights/en/blogs/2026/04/mapping-uber-robotaxi-technology-advancements,Blog or Automotive Insights,Automatic,Planning solutions,,,,,,/Analysis and reports,"Autonomous vehicles and ADAS|Mobility business models (Subscription, MaaS)",Future of mobility,,,,,/Autonomous vehicles (AVs),,/Technical specialists|/Market analyst,,/Short-form article,,,,,,
https://www.mobilityglobal.com/en-us/automotive-insights/blog/north-america-commercial-vehicle-market,https://www.spglobal.com/automotive-insights/en/blogs/2026/04/north-america-commercial-vehicle-market,Blog or Automotive Insights,Automatic,Planning solutions,,,,,,/Analysis and reports|/Data and forecasts,,Automotive industry forecast and analysis|Commercial vehicle market,,/Current market outlook,/Demand shifts,,/Commercial vehicles|/Heavy-duty trucks,/Automotive OEMs|/Automotive suppliers and supply chain,/Market analyst|/OEM strategist,,/Short-form article,,/Market outlook campaign,/Polk Automotive Solutions,,,
https://www.mobilityglobal.com/en-us/automotive-insights/blog/the-future-of-automotive-refrigerants,https://www.spglobal.com/automotive-insights/en/blogs/2026/04/the-future-of-automotive-refrigerants,Blog or Automotive Insights,Automatic,Planning solutions,,,,,,/Analysis and reports,Automotive parts and components|Regulations and compliance,Automotive sustainability,,,,/Emissions standards,/Light vehicles,/Automotive suppliers and supply chain,/Technical specialists|/Government / policy maker,,/Short-form article,,,,,,
https://www.mobilityglobal.com/en-us/automotive-insights/blog/use-scenario-planning-to-navigate-uncertainty,https://www.spglobal.com/automotive-insights/en/blogs/2026/04/use-scenario-planning-to-navigate-uncertainty,Blog or Automotive Insights,Automatic,Planning solutions,,,,,,/Analysis and reports|/Case studies,Market volatility trends,Scenario planning insights,,,/Market volatility,,,/Automotive OEMs,/OEM strategist,,/Short-form article,,/Customer education / enablement,,,,
https://www.mobilityglobal.com/en-us/automotive-insights/blog/why-level-2-plus-is-outpacing-level-3-autonomous-driving,https://www.spglobal.com/automotive-insights/en/blogs/2026/04/why-level-2-plus-is-outpacing-level-3-autonomous-driving,Blog or Automotive Insights,Automatic,Planning solutions,,,,,,/Analysis and reports,Autonomous vehicles and ADAS|Competitive landscape,Future of mobility,,,,,/Autonomous vehicles (AVs),/Automotive OEMs|/Automotive suppliers and supply chain,/Technical specialists|/Product planner,,/Short-form article,,,,,,
https://www.mobilityglobal.com/en-us/automotive-insights/blog/2026-light-vehicle-production-forecast,https://www.spglobal.com/automotive-insights/en/blogs/2026-light-vehicle-production-forecast,Blog or Automotive Insights,Automatic,Planning solutions,,,,,,/Data and forecasts|/Analysis and reports,Vehicle production forecasts|Automotive industry forecast and analysis,Automotive industry forecast and analysis,,,,,/Light vehicles,/Automotive OEMs|/Automotive suppliers and supply chain,/OEM strategist|/Product planner|/Supply chain analyst,,/Short-form article,,,,,,
https://www.mobilityglobal.com/en-us/automotive-insights/blog/automotive-aftermarket-industry-trends-2025,https://www.spglobal.com/automotive-insights/en/blogs/automotive-aftermarket-industry-trends-2025,Blog or Automotive Insights,Automatic,Sales solutions,,,,,,/Analysis and reports,Aftermarket parts and components,Automotive industry forecast and analysis,,,,,,/Automotive aftermarket,/Aftermarket provider,,/Short-form article,,,,,,
https://www.mobilityglobal.com/en-us/automotive-insights/blog/automotive-loyalty-trends-2025,https://www.spglobal.com/automotive-insights/en/blogs/automotive-loyalty-trends-2025,Blog or Automotive Insights,Automatic,Sales solutions,,Loyalty,,,,/Analysis and reports,Loyalty|Consumer behavior insights,Automotive consumer trends,,,,,,/Automotive OEMs|/Automotive dealers and retailers,/Market analyst|/Marketing and media agencies,,/Short-form article,,,,,,
https://www.mobilityglobal.com/en-us/automotive-insights/blog/commercial-vehicle-industry-analysis-mixed-recovery-ahead,https://www.spglobal.com/automotive-insights/en/blogs/commercial-vehicle-industry-analysis-mixed-recovery-ahead,Blog or Automotive Insights,Automatic,Planning solutions,,,,,,/Analysis and reports,Automotive industry forecast and analysis,Automotive industry forecast and analysis|Commercial vehicle market,,,,,/Commercial vehicles,/Automotive OEMs|/Fleet management and leasing,/Market analyst|/Fleet manager,,/Short-form article,,,,,,
https://www.mobilityglobal.com/en-us/automotive-insights/blog/fuel-for-thought-a-more-practical-future-for-autonomous-vehicles,https://www.spglobal.com/automotive-insights/en/blogs/fuel-for-thought-a-more-practical-future-for-autonomous-vehicles,Blog or Automotive Insights,Automatic,Planning solutions,,,,,,/Analysis and reports,Autonomous vehicles and ADAS,Future of mobility,Fuel for Thought,,,,,/Automotive OEMs,/OEM strategist|/Product planner,,/Short-form article,,,,,,
https://www.mobilityglobal.com/en-us/automotive-insights/blog/strategies-to-grow-customer-loyalty-automotive-industry,https://www.spglobal.com/automotive-insights/en/blogs/strategies-to-grow-customer-loyalty-automotive-industry,Blog or Automotive Insights,Automatic,Sales solutions,,Loyalty,,,,/Analysis and reports,Loyalty|Consumer behavior insights,Automotive consumer trends,,,,,,/Automotive OEMs|/Automotive dealers and retailers,/Market analyst|/Dealer / retailer,,/Short-form article,,,/Polk Automotive Solutions,,,
https://www.mobilityglobal.com/en-us/automotive-insights/blog/us-auto-inventory-levels,https://www.spglobal.com/automotive-insights/en/blogs/us-auto-inventory-levels,Blog or Automotive Insights,Automatic,Planning solutions,,,,,,/Analysis and reports|/Data and forecasts,Dealer and retail trends | Automotive supply chain disruption and resilience | Automotive supply chain,Automotive industry inventory inventory analysis|Dealer / retailer blogs resilience|Electric vehicle industry|Automotive supply blogs,US Auto Monitor,/Current market outlook,/Vehicle inventory levels,,,/Automotive OEMs|/Automotive dealers and retailers,/Supply chain analyst|/Dealer / retailer,,/Short-form article,,,/Polk Automotive Solutions,North America,North America,United States
https://www.mobilityglobal.com/en-us/automotive-insights/blog/us-auto-sales,https://www.spglobal.com/automotive-insights/en/blogs/us-auto-sales,Blog or Automotive Insights,Automatic,Planning solutions,,,,,,/Data and forecasts|/Market news and updates,Automotive industry forecast and analysis,Automotive industry forecast and analysis,,,,,,/Automotive OEMs|/Automotive dealers and retailers,/Market analyst,,/Short-form article,,,,North America,North America,United States
https://www.mobilityglobal.com/en-us/automotive-insights/rapid-impact-analysis/auto-industry-tariffs-risk-substantial-disruptions,https://www.spglobal.com/automotive-insights/en/rapid-impact-analysis/auto-industry-tariffs-risk-substantial-disruptions,Blog or Automotive Insights,Automatic,Planning solutions,,,,,,/Analysis and reports|/Market news and updates,Automotive industry forecast and analysis|Automotive tariffs and trade policy,Automotive tariffs,Behind the Headlines,,,/Policy,,/Automotive OEMs|/Automotive suppliers and supply chain,/OEM strategist|/Government / policy maker,,/Short-form article,,,,,,
https://www.mobilityglobal.com/en-us/automotive-insights/rapid-impact-analysis/automakers-respond-to-25-percent-us-import-tariff,https://www.spglobal.com/automotive-insights/en/rapid-impact-analysis/automakers-respond-to-25-percent-us-import-tariff,Blog or Automotive Insights,Automatic,Planning solutions,,,,,,/Analysis and reports|/Market news and updates,Automotive industry forecast and analysis|Automotive tariffs and trade policy,Automotive tariffs,Behind the Headlines,,,/Policy,,/Automotive OEMs,/OEM strategist|/Government / policy maker,,/Short-form article,,,,North America,North America,United States
https://www.mobilityglobal.com/en-us/automotive-insights/rapid-impact-analysis/auto-tariffs-lead-to-forecast-downgrades,https://www.spglobal.com/automotive-insights/en/rapid-impact-analysis/auto-tariffs-lead-to-forecast-downgrades,Blog or Automotive Insights,Automatic,Planning solutions,,,,,,/Analysis and reports|/Market news and updates,Automotive industry forecast and analysis|Automotive tariffs and trade policy,Automotive tariffs,Behind the Headlines,,,/Policy,,/Automotive OEMs,/OEM strategist|/Market analyst,,/Short-form article,,,,,,
https://www.mobilityglobal.com/en-us/automotive-insights/rapid-impact-analysis/auto-tariffs-update-relief-complexity-automakers,https://www.spglobal.com/automotive-insights/en/rapid-impact-analysis/auto-tariffs-update-relief-complexity-automakers,Blog or Automotive Insights,Automatic,Planning solutions,,,,,,/Market news and updates|/Analysis and reports,Automotive industry forecast and analysis|Automotive tariffs and trade policy,Automotive tariffs,Behind the Headlines,,,/Policy,,/Automotive OEMs,/OEM strategist|/Government / policy maker,,/Short-form article,,,,,,
https://www.mobilityglobal.com/en-us/automotive-insights/rapid-impact-analysis/economic-implications-of-war-automotive-industry,https://www.spglobal.com/automotive-insights/en/rapid-impact-analysis/economic-implications-of-war-automotive-industry,Blog or Automotive Insights,Automatic,Planning solutions,,,,,,/Analysis and reports,Automotive supply chain disruption and resilience | Macro-economic drivers | Automotive supply chain | Market volatility trends,Automotive industry forecast and analysis|Automotive supply chain,,/Current market outlook,/Market volatility|/Supply chain constraints,,,/Automotive OEMs|/Automotive suppliers and supply chain,/OEM strategist|/Supply chain analyst,,/Short-form article,,,,,,
https://www.mobilityglobal.com/en-us/automotive-insights/rapid-impact-analysis/fluid-tariff-situation-drives-updates-vehicle-forecasts,https://www.spglobal.com/automotive-insights/en/rapid-impact-analysis/fluid-tariff-situation-drives-updates-vehicle-forecasts,Blog or Automotive Insights,Automatic,Planning solutions,,,,,,/Analysis and reports|/Market news and updates,Automotive industry forecast and analysis|Automotive tariffs and trade policy,Automotive tariffs,Behind the Headlines,,,/Policy,,/Automotive OEMs,/OEM strategist|/Market analyst,,/Short-form article,,,,,,
https://www.mobilityglobal.com/en-us/automotive-insights/rapid-impact-analysis/future-of-uk-china-tariffs-negotiations,https://www.spglobal.com/automotive-insights/en/rapid-impact-analysis/future-of-uk-china-tariffs-negotiations,Blog or Automotive Insights,Automatic,Planning solutions,,,,,,/Analysis and reports|/Market news and updates,Automotive industry forecast and analysis|Automotive tariffs and trade policy,Automotive tariffs,Behind the Headlines,,,/Policy,,/Automotive OEMs,/OEM strategist|/Government / policy maker,,/Short-form article,,,,,,
https://www.mobilityglobal.com/en-us/automotive-insights/rapid-impact-analysis/new-section-232-tariffs-target-truck-bus-imports,https://www.spglobal.com/automotive-insights/en/rapid-impact-analysis/new-section-232-tariffs-target-truck-bus-imports,Blog or Automotive Insights,Automatic,Planning solutions,,,,,,/Market news and updates|/Analysis and reports,Automotive industry forecast and analysis|Automotive tariffs and trade policy,Automotive tariffs,Behind the Headlines,,,/Policy,,/Automotive OEMs,/OEM strategist|/Government / policy maker,,/Short-form article,,,,North America,North America,United States
https://www.mobilityglobal.com/en-us/automotive-insights/rapid-impact-analysis/reciprocal-tariffs-automotive-industry-update,https://www.spglobal.com/automotive-insights/en/rapid-impact-analysis/reciprocal-tariffs-automotive-industry-update,Blog or Automotive Insights,Automatic,Planning solutions,,,,,,/Market news and updates|/Analysis and reports,Automotive industry forecast and analysis|Automotive tariffs and trade policy,Automotive tariffs,Behind the Headlines,,,/Policy,,/Automotive OEMs,/OEM strategist|/Government / policy maker,,/Short-form article,,,,,,
https://www.mobilityglobal.com/en-us/automotive-insights/rapid-impact-analysis/supreme-court-ieepa-tariffs-ruling-implications-automakers,https://www.spglobal.com/automotive-insights/en/rapid-impact-analysis/supreme-court-ieepa-tariffs-ruling-implications-automakers,Blog or Automotive Insights,Automatic,Planning solutions,,,,,,/Market news and updates|/Analysis and reports,Automotive industry forecast and analysis|Automotive tariffs and trade policy,Automotive tariffs,Behind the Headlines,,,/Policy,,/Automotive OEMs,/Government / policy maker|/OEM strategist,,/Short-form article,,,,North America,North America,United States
https://www.mobilityglobal.com/en-us/automotive-insights/rapid-impact-analysis/tariff-negotiations-obba-auto-industry-impact,https://www.spglobal.com/automotive-insights/en/rapid-impact-analysis/tariff-negotiations-obba-auto-industry-impact,Blog or Automotive Insights,Automatic,Planning solutions,,,,,,/Market news and updates|/Analysis and reports,Automotive industry forecast and analysis|Automotive tariffs and trade policy,Automotive tariffs,Behind the Headlines,,,/Policy,,/Automotive OEMs,/Government / policy maker|/OEM strategist,,/Short-form article,,,,,,
https://www.mobilityglobal.com/en-us/automotive-insights/rapid-impact-analysis/tariffs-on-auto-industry-extended-disruption-likely,https://www.spglobal.com/automotive-insights/en/rapid-impact-analysis/tariffs-on-auto-industry-extended-disruption-likely,Blog or Automotive Insights,Automatic,Planning solutions,,,,,,/Market news and updates|/Analysis and reports,Automotive industry forecast and analysis|Automotive tariffs and trade policy,Automotive tariffs,Behind the Headlines,,,/Policy,,/Automotive OEMs,/Government / policy maker|/OEM strategist,,/Short-form article,,,,,,
https://www.mobilityglobal.com/en-us/automotive-insights/rapid-impact-analysis/trade-agreements-outside-united-states-come-to-forefront,https://www.spglobal.com/automotive-insights/en/rapid-impact-analysis/trade-agreements-outside-united-states-come-to-forefront,Blog or Automotive Insights,Automatic,Planning solutions,,,,,,/Market news and updates|/Analysis and reports,Automotive industry forecast and analysis|Automotive tariffs and trade policy,Automotive tariffs,Behind the Headlines,,,/Policy,,/Automotive OEMs,/Government / policy maker|/OEM strategist,,/Short-form article,,,,,,
https://www.mobilityglobal.com/en-us/automotive-insights/rapid-impact-analysis/trumps-automotive-tariffs-would-impact-nearly-all-oems,https://www.spglobal.com/automotive-insights/en/rapid-impact-analysis/trumps-automotive-tariffs-would-impact-nearly-all-oems,Blog or Automotive Insights,Automatic,Planning solutions,,,,,,/Market news and updates|/Analysis and reports,Automotive industry forecast and analysis|Automotive tariffs and trade policy,Automotive tariffs,Behind the Headlines,,,/Policy,,/Automotive OEMs,/Government / policy maker|/OEM strategist,,/Short-form article,,,,North America,North America,United States
https://www.mobilityglobal.com/en-us/automotive-insights/rapid-impact-analysis/trumps-first-day-auto-industry-news,https://www.spglobal.com/automotive-insights/en/rapid-impact-analysis/trumps-first-day-auto-industry-news,Blog or Automotive Insights,Automatic,Planning solutions,,,,,,/Market news and updates|/Analysis and reports,Automotive industry forecast and analysis|Automotive tariffs and trade policy,Automotive tariffs,Behind the Headlines,,,/Policy,,/Automotive OEMs,/Government / policy maker|/OEM strategist,,/Short-form article,,,,North America,North America,United States
https://www.mobilityglobal.com/en-us/automotive-insights/rapid-impact-analysis/trump-tariffs-whats-next-for-automakers,https://www.spglobal.com/automotive-insights/en/rapid-impact-analysis/trump-tariffs-whats-next-for-automakers,Blog or Automotive Insights,Automatic,Planning solutions,,,,,,/Market news and updates|/Analysis and reports,Automotive industry forecast and analysis|Automotive tariffs and trade policy,Automotive tariffs,Behind the Headlines,,,/Policy,,/Automotive OEMs,/Government / policy maker|/OEM strategist,,/Short-form article,,,,North America,North America,United States
https://www.mobilityglobal.com/en-us/automotive-insights/rapid-impact-analysis/trump-trade-update-japan-eu-auto-tariffs,https://www.spglobal.com/automotive-insights/en/rapid-impact-analysis/trump-trade-update-japan-eu-auto-tariffs,Blog or Automotive Insights,Automatic,Planning solutions,,,,,,/Market news and updates|/Analysis and reports,Automotive industry forecast and analysis|Automotive tariffs and trade policy,Automotive tariffs,Behind the Headlines,,,/Policy,,/Automotive OEMs,/Government / policy maker|/OEM strategist,,/Short-form article,,,,,,
https://www.mobilityglobal.com/en-us/automotive-insights/rapid-impact-analysis/us-auto-tariffs-disruption-hits-north-american-industry,https://www.spglobal.com/automotive-insights/en/rapid-impact-analysis/us-auto-tariffs-disruption-hits-north-american-industry,Blog or Automotive Insights,Automatic,Planning solutions,,,,,,/Market news and updates|/Analysis and reports,Automotive industry forecast and analysis|Automotive tariffs and trade policy,Automotive tariffs,Behind the Headlines,,,/Policy,,/Automotive OEMs,/Government / policy maker|/OEM strategist,,/Short-form article,,,,,,
https://www.mobilityglobal.com/en-us/automotive-insights/rapid-impact-analysis/us-auto-tariffs-impact-on-auto-industry,https://www.spglobal.com/automotive-insights/en/rapid-impact-analysis/us-auto-tariffs-impact-on-auto-industry,Blog or Automotive Insights,Automatic,Planning solutions,,,,,,/Market news and updates|/Analysis and reports,Automotive industry forecast and analysis|Automotive tariffs and trade policy,Automotive tariffs,Behind the Headlines,,,/Policy,,/Automotive OEMs,/Government / policy maker|/OEM strategist,,/Short-form article,,,,North America,North America,United States
https://www.mobilityglobal.com/en-us/automotive-insights/rapid-impact-analysis/us-fuel-economy-changes-impact-automakers-consumers,https://www.spglobal.com/automotive-insights/en/rapid-impact-analysis/us-fuel-economy-changes-impact-automakers-consumers,Blog or Automotive Insights,Automatic,Planning solutions,,,,,,/Market news and updates|/Analysis and reports,Automotive industry forecast and analysis|Automotive sustainability and ESG|Regulations and compliance,Automotive sustainability,Behind the Headlines,,,/Policy|/Fuel economy standards,,/Automotive OEMs,/Government / policy maker|/OEM strategist,,/Short-form article,,,,North America,North America,United States
https://www.mobilityglobal.com/en-us/automotive-insights/rapid-impact-analysis/us-import-tariffs-will-reset-automotive-value-chain,https://www.spglobal.com/automotive-insights/en/rapid-impact-analysis/us-import-tariffs-will-reset-automotive-value-chain,Blog or Automotive Insights,Automatic,Planning solutions,,,,,,/Market news and updates|/Analysis and reports,Automotive industry forecast and analysis|Automotive tariffs and trade policy,Automotive tariffs,Behind the Headlines,,,/Policy,,/Automotive OEMs|/Automotive suppliers and supply chain,/Government / policy maker|/OEM strategist,,/Short-form article,,,,North America,North America,United States
https://www.mobilityglobal.com/en-us/automotive-insights/rapid-impact-analysis/us-iran-war-global-auto-industry-impact,https://www.spglobal.com/automotive-insights/en/rapid-impact-analysis/us-iran-war-global-auto-industry-impact,Blog or Automotive Insights,Automatic,Planning solutions,,,,,,/Analysis and reports,Automotive supply chain disruption and resilience | Macro-economic drivers | Automotive supply chain | Market volatility trends,Automotive industry forecast and analysis|Automotive supply chain|Supply chain resilience,,/Current market outlook,/Market volatility|/Supply chain constraints,,,/Automotive OEMs|/Automotive suppliers and supply chain,/OEM strategist|/Supply chain analyst,,/Short-form article,,,,,,
https://www.mobilityglobal.com/en-us/automotive-insights/rapid-impact-analysis/us-plans-new-truck-tariffs-commercial-vehicles,https://www.spglobal.com/automotive-insights/en/rapid-impact-analysis/us-plans-new-truck-tariffs-commercial-vehicles,Blog or Automotive Insights,Automatic,Planning solutions,,,,,,/Market news and updates|/Analysis and reports,Automotive industry forecast and analysis|Automotive tariffs and trade policy,Automotive tariffs,Behind the Headlines,,,/Policy,,/Automotive OEMs,/Government / policy maker|/OEM strategist,,/Short-form article,,,,North America,North America,United States
https://www.mobilityglobal.com/en-us/automotive-insights/rapid-impact-analysis/us-tariff-changes-and-forecast-implications-2025-assumptions,https://www.spglobal.com/automotive-insights/en/rapid-impact-analysis/us-tariff-changes-and-forecast-implications-2025-assumptions,Blog or Automotive Insights,Automatic,Planning solutions,,,,,,/Market news and updates|/Analysis and reports,Automotive industry forecast and analysis|Automotive tariffs and trade policy,Automotive tariffs,Behind the Headlines,,,/Policy,,/Automotive OEMs,/Government / policy maker|/OEM strategist,,/Short-form article,,,,North America,North America,United States
https://www.mobilityglobal.com/en-us/automotive-insights/rapid-impact-analysis/us-tariffs-impact-trucking-industry,https://www.spglobal.com/automotive-insights/en/rapid-impact-analysis/us-tariffs-impact-trucking-industry,Blog or Automotive Insights,Automatic,Planning solutions,,,,,,/Market news and updates|/Analysis and reports,Automotive industry forecast and analysis|Automotive tariffs and trade policy,Automotive tariffs,Behind the Headlines,,,/Policy,,/Automotive OEMs|/Automotive suppliers and supply chain,/Government / policy maker|/OEM strategist,,/Short-form article,,,,North America,North America,United States
https://www.mobilityglobal.com/en-us/automotive-insights/rapid-impact-analysis/us-trade-agreements-korea-tariffs,https://www.spglobal.com/automotive-insights/en/rapid-impact-analysis/us-trade-agreements-korea-tariffs,Blog or Automotive Insights,Automatic,Planning solutions,,,,,,/Market news and updates|/Analysis and reports,Automotive industry forecast and analysis|Automotive tariffs and trade policy,Automotive tariffs,Behind the Headlines,,,/Policy,,/Automotive OEMs,/Government / policy maker|/OEM strategist,,/Short-form article,,,,,,
https://www.mobilityglobal.com/en-us/automotive-insights/rapid-impact-analysis/us-trade-deals-global-auto-impact,https://www.spglobal.com/automotive-insights/en/rapid-impact-analysis/us-trade-deals-global-auto-impact,Blog or Automotive Insights,Automatic,Planning solutions,,,,,,/Market news and updates|/Analysis and reports,Automotive industry forecast and analysis|Automotive tariffs and trade policy,Automotive tariffs,Behind the Headlines,,,/Policy,,/Automotive OEMs,/Government / policy maker|/OEM strategist,,/Short-form article,,,,North America,North America,United States
https://www.mobilityglobal.com/en-us/campaign/the-mobility-paper-technology-evolution-02,https://www.spglobal.com/mobility/en/Info/0425/the-mobility-paper-technology-evolution-02.html,Blog or Automotive Insights,Automatic,Planning solutions,,,,,,/Analysis and reports,Technology and innovation,Future of mobility,,,,,,/Automotive OEMs,/Product planner,,/Long-form article,,,,,,
https://www.mobilityglobal.com/en-us/automotive-insights/blog/american-honda-sees-a-share-rebound,https://www.spglobal.com/mobility/en/research-analysis/american-honda-sees-a-share-rebound.html,Blog or Automotive Insights,#N/A,Sales solutions,,,,,,/Analysis and reports,Competitive landscape,Automotive industry forecast and analysis,,/Historical data,,,/Light vehicles,/Automotive OEMs,/Market analyst,,/Short-form article,,,,North America,North America,United States
https://www.mobilityglobal.com/en-us/automotive-insights/blog/briefcase-climate-politics-frances-carbon-footprint-incentive,https://www.spglobal.com/mobility/en/research-analysis/briefcase-climate-politics-frances-carbon-footprint-incentive.html,Blog or Automotive Insights,#N/A,Planning solutions,,,,,,/Analysis and reports,Automotive sustainability and ESG|Regulations and compliance,,BriefCASE,,,Regulatory context|/Policy|/Emissions standards,/Electric vehicles (EVs),/Automotive OEMs,/Government / policy maker,,/Short-form article,,,,Europe,Europe,France
https://www.mobilityglobal.com/en-us/automotive-insights/blog/briefcase-sodium-ion-batteries-to-unseat-lithium,https://www.spglobal.com/mobility/en/research-analysis/briefcase-sodium-ion-batteries-to-unseat-lithium.html,Blog or Automotive Insights,#N/A,Planning solutions,,,,,,/Analysis and reports,EV battery technology|Automotive supply chain disruption and resilience,EV battery technology,BriefCASE,,,,/Electric vehicles (EVs),/Automotive suppliers and supply chain,/Technical specialists,,/Short-form article,,,,,,
https://www.mobilityglobal.com/en-us/automotive-insights/blog/car-model-cannibalization-analysis,https://www.spglobal.com/mobility/en/research-analysis/car-model-cannibalization-analysis.html,Blog or Automotive Insights,Do not migrate,Planning solutions,,,,,,/Analysis and reports,Competitive landscape|Market segmentation insights,,,/Current market outlook,,,/Light vehicles,/Automotive OEMs,/Product planner|/Market analyst,,/Short-form article,,,,,,
https://www.mobilityglobal.com/en-us/automotive-insights/blog/connectivity-and-ota-updates,https://www.spglobal.com/mobility/en/research-analysis/connectivity-and-ota-updates.html,Blog or Automotive Insights,Automatic,Planning solutions,,,,,,/Analysis and reports,Connected cars and vehicles|Software defined vehicles (SDV),Software-defined vehicles,,,,,,/Automotive OEMs,/Product planner|/Technical specialists,,/Short-form article,,,,,,
https://www.mobilityglobal.com/en-us/automotive-insights/blog/global-ev-demand-raises-concerns-about-battery-cell,https://www.spglobal.com/mobility/en/research-analysis/global-ev-demand-raises-concerns-about-battery-cell.html,Blog or Automotive Insights,Automatic,Planning solutions,,,,,,/Analysis and reports,EV adoption|EV battery technology|Automotive supply chain disruption and resilience,Electric vehicle industry,,,,,,/Automotive OEMs|/Automotive suppliers and supply chain,/OEM strategist|/Supply chain analyst,,/Short-form article,,,,,,
https://www.mobilityglobal.com/en-us/automotive-insights/blog/wealthy-americans-top-car-brands,https://www.spglobal.com/mobility/en/research-analysis/wealthy-americans-top-car-brands.html,Blog or Automotive Insights,Automatic,Sales solutions,,,,,,/Analysis and reports|/Market news and updates,Automotive consumer demand|Consumer behavior insights|Demographic trends,Automotive consumer trends,,,,,,/Automotive OEMs|/Automotive dealers and retailers,/Market analyst|/Marketing and media agencies,,/Short-form article,,,,North America,North America,United States
https://www.mobilityglobal.com/en-us/automotive-insights/blog/what-oems-dealers-lenders-need-know-about-auto-lease-returns-2025,https://www.spglobal.com/mobility/en/research-analysis/what-oems-dealers-lenders-need-know-about-auto-lease-returns-2025.html,Blog or Automotive Insights,Do not migrate,Sales solutions,,,,,,/Analysis and reports,Dealer and retail trends|Pricing trends|Vehicle residual value and lifecycle impact,,,/1-year outlook,,,/Used vehicles|/Fleet / rental,/Automotive OEMs|/Automotive dealers and retailers|/Fleet management and leasing,/Dealer / retailer|/Leasing / financial services,,/Short-form article,,,,,,
https://www.mobilityglobal.com/en-us/forms/whitepaper/four-essential-topics-to-cover-in-your-saturday-sales-meeting,https://www.marketscan.com/ebooks/four-essential-topics-to-cover-in-your-saturday-sales-meeting/,Campaign page,Automatic,Sales solutions,Asses and react to the market|Inform and activate the right offer,Sales and marketing effectiveness|Pricing and offer optimization,,,,/Analysis and reports,Dealer and retail trends,Automotive consumer trends,,,,,,/Automotive dealers and retailers,/Dealer / retailer,/Activate and execute|/Monitor and optimize,/eBook (PDF),/Downloadable asset,/Customer education / enablement,/Market Scan,North America,North America,United States
https://www.mobilityglobal.com/en-us/forms/whitepaper/leveraging-data-for-a-competitive-edge-in-automotive-finance,https://www.marketscan.com/whitepaper-leveraging-data-for-a-competitive-edge-in-automotive-finance/,Campaign page,Automatic,Sales solutions,Find the right customers,Sales and marketing effectiveness,/Pricing analytics,,,/Analysis and reports,Dealer and retail trends|Pricing trends,Automotive consumer trends,,,,,,/Automotive dealers and retailers|/Fleet management and leasing,/Dealer / retailer|/Leasing / financial services,/Activate and execute,/Report / whitepaper (PDF),/Downloadable asset,/Customer education / enablement,/Market Scan,North America,North America,United States
https://www.mobilityglobal.com/en-us/forms/whitepaper/3-steps-guide-competing-dynamic-sales-environment,https://www.marketscan.com/whitepapers/3-step-guide-competing-dynamic-sales-environment/,Campaign page,Automatic,Sales solutions,Asses and react to the market,Sales and marketing effectiveness,,,,/Analysis and reports,Dealer and retail trends,Automotive consumer trends,,,,,,/Automotive dealers and retailers,/Dealer / retailer,/Activate and execute,/Report / whitepaper (PDF),/Downloadable asset,/Customer education / enablement,/Market Scan,North America,North America,United States
https://www.mobilityglobal.com/en-us/forms/whitepaper/3-steps-simplify-auto-retail-data-gain-most-value,https://www.marketscan.com/whitepapers/3-steps-simplify-amplify-complex-auto-retail-data-gain-most-value/,Campaign page,Automatic,Sales solutions,Asses and react to the market,Sales and marketing effectiveness,,,,/Analysis and reports,Dealer and retail trends,Automotive consumer trends,,,,,,/Automotive dealers and retailers,/Dealer / retailer,/Activate and execute,/Report / whitepaper (PDF),/Downloadable asset,/Customer education / enablement,/Market Scan,North America,North America,United States
https://www.mobilityglobal.com/en-us/forms/whitepaper/3-strategies-for-automotive-lending-in-a-challenging-selling-environment,https://www.marketscan.com/whitepapers/3-strategies-for-automotive-lending-in-a-challenging-selling-environment/,Campaign page,Automatic,Sales solutions,Find the right customers,Sales and marketing effectiveness,,,,/Analysis and reports,Dealer and retail trends|Pricing trends,Automotive consumer trends,,,,,,/Automotive dealers and retailers|/Fleet management and leasing,/Dealer / retailer|/Leasing / financial services,/Activate and execute,/Report / whitepaper (PDF),/Downloadable asset,/Customer education / enablement,/Market Scan,North America,North America,United States
https://www.mobilityglobal.com/en-us/forms/whitepaper/3-tips-using-most-current-data-inform-automotive-rebate-incentive-initiatives,https://www.marketscan.com/whitepapers/3-tips-using-most-current-data-inform-automotive-rebate-incentive-initiatives/,Campaign page,Automatic,Sales solutions,Inform and activate the right offer,Pricing and offer optimization|Sales and marketing effectiveness,/Incentive optimization,,,/Analysis and reports,Dealer and retail trends|Pricing trends,Automotive consumer trends,,,,,,/Automotive OEMs|/Automotive dealers and retailers,/OEM strategist|/Dealer / retailer,/Activate and execute,/Report / whitepaper (PDF),/Downloadable asset,/Customer education / enablement,/Market Scan,North America,North America,United States
https://www.mobilityglobal.com/en-us/forms/whitepaper/3-ways-to-increase-market-share-as-a-non-captive-lender,https://www.marketscan.com/whitepapers/3-ways-to-increase-market-share-as-a-non-captive-lender/,Campaign page,Automatic,Sales solutions,Find the right customers,Sales and marketing effectiveness,/Competitive benchmarking,,,/Analysis and reports,Competitive landscape,Automotive consumer trends,,,,,,/Automotive dealers and retailers|/Fleet management and leasing,/Leasing / financial services,/Activate and execute,/Report / whitepaper (PDF),/Downloadable asset,/Customer education / enablement,/Market Scan,North America,North America,United States
https://www.mobilityglobal.com/en-us/forms/whitepaper/5-tips-to-improve-customer-experience-through-precise-transparent-pricing,https://www.marketscan.com/whitepapers/5-tips-to-improve-customer-experience-through-precise-transparent-pricing/,Campaign page,Automatic,Sales solutions,Inform and activate the right offer,Pricing and offer optimization,/Pricing analytics,,,/Analysis and reports,Dealer and retail trends|Pricing trends,Automotive consumer trends,,,,,,/Automotive dealers and retailers,/Dealer / retailer,/Activate and execute,/Report / whitepaper (PDF),/Downloadable asset,/Customer education / enablement,/Market Scan,North America,North America,United States
https://www.mobilityglobal.com/en-us/forms/whitepaper/driving-growth-in-automotive-lending-under-pressure-a-practical-guide,https://www.marketscan.com/whitepapers/driving-growth-in-automotive-lending-under-pressure-a-practical-guide/,Campaign page,Automatic,Sales solutions,Find the right customers,Sales and marketing effectiveness,,,,/Analysis and reports,Dealer and retail trends,Automotive consumer trends,,,,,,/Automotive dealers and retailers|/Fleet management and leasing,/Leasing / financial services,/Activate and execute,/Report / whitepaper (PDF),/Downloadable asset,/Customer education / enablement,/Market Scan,North America,North America,United States
https://www.mobilityglobal.com/en-us/forms/whitepaper/four-questions-oems-should-consider-before-adjusting-e-pricing,https://www.marketscan.com/whitepapers/four-questions-oems-should-consider-before-adjusting-ev-pricing/,Campaign page,Automatic,Sales solutions,Inform and activate the right offer,Pricing and offer optimization|Technology and electrification intelligence,/Pricing analytics|/Incentive optimization,,,/Analysis and reports,Pricing trends|EV adoption,Electric vehicle industry,,,,,/Electric vehicles (EVs),/Automotive OEMs,/OEM strategist|/Product planner,/Activate and execute,/Report / whitepaper (PDF),/Downloadable asset,/Customer education / enablement,/Market Scan,North America,North America,United States
https://www.mobilityglobal.com/en-us/forms/whitepaper/four-strategies-for-dealerships-facing-low-lease-returns,https://www.marketscan.com/whitepapers/four-strategies-for-dealerships-facing-low-lease-returns/,Campaign page,Automatic,Sales solutions,Asses and react to the market,Sales and marketing effectiveness|Loyalty,,,,/Analysis and reports,Dealer and retail trends,Automotive consumer trends,,,,,,/Automotive dealers and retailers,/Dealer / retailer,/Activate and execute,/Report / whitepaper (PDF),/Downloadable asset,/Customer education / enablement,/Market Scan,North America,North America,United States
https://www.mobilityglobal.com/en-us/forms/whitepaper/using-a-single-data-partner-to-strengthen-incentive-strategy,https://www.marketscan.com/whitepapers/using-a-single-data-partner-to-strengthen-incentive-strategy/,Campaign page,Automatic,Sales solutions,Inform and activate the right offer,Pricing and offer optimization|Sales and marketing effectiveness,/Incentive optimization,,,/Analysis and reports,Pricing trends|Dealer and retail trends,Automotive industry forecast and analysis,,,,,,/Automotive OEMs|/Automotive dealers and retailers,/OEM strategist|/Dealer / retailer,/Activate and execute,/Report / whitepaper (PDF),/Downloadable asset,/Customer education / enablement,/Market Scan,North America,North America,United States
https://www.mobilityglobal.com/en-us/campaign/auto-tech-insight-automotive-market-intelligence,https://www.spglobal.com/automotive-insights/en/autotechinsight-automotive-market-intelligence,Campaign page,Do not migrate,Planning solutions,Target business opportunities|Plan the vehicle,Technology and electrification intelligence,/Technology and feature forecasting|/Autonomous and connected vehicle analysis|/Feature and component benchmarking|/Supplier and component analysis,/Analytics platform,,/Analysis and reports|/Market news and updates,Software defined vehicles (SDV)|Connected cars and vehicles|Autonomous vehicles and ADAS|Automotive semiconductors,,,,,,/Light vehicles|/Electric vehicles (EVs)|/Autonomous vehicles (AVs)|/Connected cars and vehicles,/Automotive OEMs|/Automotive suppliers and supply chain,/OEM strategist|/Product planner|/Technical specialists,/Explore and understand|/Diagnose and compare,,,/Industry trend / thematic campaign,,,,
https://www.mobilityglobal.com/en-us/forms/sdv-readiness-forecast-data-sample,https://www.spglobal.com/automotive-insights/en/forms/sdv-readiness-forecast-data-sample,Campaign page,Automatic,Planning solutions,Plan the vehicle,Technology and electrification intelligence,/Technology and feature forecasting,,,/Data and forecasts,Software defined vehicles (SDV),Software-defined vehicles,,,,,,/Automotive OEMs,/Product planner|/Technical specialists,/Plan and forecast,,/Downloadable asset,/Research drop,,,,
https://www.mobilityglobal.com/en-us/forms/whitepaper/2026-automotive-supplier-outlook-whitepaper,https://www.spglobal.com/automotive-insights/en/forms/whitepaper-forms/2026-automotive-supplier-outlook-whitepaper,Campaign page,Automatic,Planning solutions,Manage the supply chain|Asses and react to the market,,/Supplier and component analysis|/Market trend and performance analysis,,,/Analysis and reports,Automotive supply chain disruption and resilience,Automotive supply chain|Supply chain resilience,,/1-year outlook|/3-years outlook,/Supply chain constraints,,,/Automotive suppliers and supply chain,/Supply chain analyst,,/Report / whitepaper (PDF),/Downloadable asset,/Annual outlook|/Research drop,,,,
https://www.mobilityglobal.com/en-us/forms/whitepaper/construction-upfitters-hotsports-2026,https://www.spglobal.com/automotive-insights/en/forms/whitepaper-forms/construction-upfitters-hotspots-2026,Campaign page,Automatic,Planning solutions,Target business opportunities,Forecasting and planning,/Market and sales forecasting,,,/Analysis and reports,Automotive industry forecast and analysis,Automotive industry forecast and analysis|Commercial vehicle market,,/5-years outlook,,,/Commercial vehicles|/Specialty vehicles,/Automotive suppliers and supply chain,/Supply chain analyst,/Plan and forecast,/Report / whitepaper (PDF),/Downloadable asset,/Research drop,,North America,North America,United States
https://www.mobilityglobal.com/en-us/forms/whitepaper/end-of-life-vehicles-directive-guidance-for-oems,https://www.spglobal.com/automotive-insights/en/forms/whitepaper-forms/end-of-life-vehicles-directive-guidance-for-oems,Campaign page,Automatic,Planning solutions,Manage the supply chain,Risk and compliance management,/Compliance verification,,,/Analysis and reports,Regulations and compliance|Automotive sustainability and ESG|Vehicle residual value and lifecycle impact,Automotive sustainability,,,,Regulatory context|/Policy|/Emissions standards,/Used vehicles,/Automotive OEMs,/OEM strategist|/Government / policy maker,/Explore and understand,/Report / whitepaper (PDF),/Downloadable asset,/Regulatory update,,,,
https://www.mobilityglobal.com/en-us/forms/whitepaper/ev-revolution-europe-automotive-industry,https://www.spglobal.com/automotive-insights/en/forms/whitepaper-forms/ev-revolution-europe-automotive-industry,Campaign page,Automatic,Planning solutions,Plan the market|Plan the vehicle,Technology and electrification intelligence,/EV and electrification forecasting|/Charging and infrastructure analysis,,,/Analysis and reports,EV adoption|Global automotive markets,Electric vehicle industry,,,,,/Electric vehicles (EVs),/Automotive OEMs|/Automotive suppliers and supply chain,/OEM strategist|/Product planner,/Explore and understand,/Report / whitepaper (PDF),/Downloadable asset,/Industry trend / thematic campaign,,Central Europe,West Europe,
https://www.mobilityglobal.com/en-us/forms/whitepaper/how-electric-vehicles-are-reshaping-component-sourcing,https://www.spglobal.com/automotive-insights/en/forms/whitepaper-forms/how-electric-vehicles-are-reshaping-component-sourcing,Campaign page,Automatic,Planning solutions,Manage the supply chain,Technology and electrification intelligence,/Supplier and component analysis,,,/Analysis and reports,Automotive supply chain disruption and resilience,Automotive supply chain|Supply chain resilience|Electric vehicle industry,,,,,/Electric vehicles (EVs),/Automotive OEMs|/Automotive suppliers and supply chain,/Procurement|/Supply chain analyst,/Explore and understand,/Report / whitepaper (PDF),/Downloadable asset,/Industry trend / thematic campaign,,,,
https://www.mobilityglobal.com/en-us/forms/whitepaper/how-oems-are-responding-tariff-effects-us-market,https://www.spglobal.com/automotive-insights/en/forms/whitepaper-forms/how-oems-are-responding-tariff-effects-us-market,Campaign page,Automatic,Planning solutions,Plan the market,Forecasting and planning,/Scenario planning|/Market demand modeling,,,/Analysis and reports,Market volatility trends|Automotive tariffs and trade policy|Macro-economic drivers|Pricing trends,Automotive tariffs,,/Current market outlook,/Macroeconomic factors,Regulatory context|/Policy,/Light vehicles,/Automotive OEMs,/OEM strategist|/Government / policy maker,/Explore and understand,/Report / whitepaper (PDF),/Downloadable asset,/Regulatory update,,North America,North America,United States
https://www.mobilityglobal.com/en-us/forms/whitepaper/leveraging-data-analytics-automotive-finance,https://www.spglobal.com/automotive-insights/en/forms/whitepaper-forms/leveraging-data-analytics-automotive-finance,Campaign page,Automatic,Sales solutions,Find the right customers,Sales and marketing effectiveness|Loyalty,/Credit and lending trends|/Customer (1PD) data cleansing and enrichment,,,/Analysis and reports,,Automotive industry forecast and analysis,,,,,,/Fleet management and leasing,/Leasing / financial services,/Activate and execute,/Report / whitepaper (PDF),/Downloadable asset,/Customer education / enablement,,,,
https://www.mobilityglobal.com/en-us/forms/whitepaper/light-vehicle-demand-outlook-2026,https://www.spglobal.com/automotive-insights/en/forms/whitepaper-forms/light-vehicle-demand-outlook-2026,Campaign page,Automatic,Planning solutions,Plan the market,Forecasting and planning,/Market and sales forecasting|/Market demand modeling,,,/Analysis and reports,Automotive consumer demand|Automotive industry forecast and analysis,Automotive industry forecast and analysis,,/Long-term outlook,,,/Light vehicles|/New vehicles,/Automotive OEMs,/OEM strategist|/Product planner|/Market analyst,/Plan and forecast,/Report / whitepaper (PDF),/Downloadable asset,/Research drop|/Market outlook campaign,,,,
https://www.mobilityglobal.com/en-us/forms/whitepaper/light-vehicle-production-outlook-2026,https://www.spglobal.com/automotive-insights/en/forms/whitepaper-forms/light-vehicle-production-outlook-2026,Campaign page,Automatic,Planning solutions,Plan the market|Plan the vehicle,Forecasting and planning,/Production forecasting|/Market and sales forecasting,,,/Analysis and reports,Automotive industry forecast and analysis|Vehicle production forecasts,Automotive industry forecast and analysis,,/Long-term outlook,,,/Light vehicles|/New vehicles,/Automotive OEMs|/Automotive suppliers and supply chain,/OEM strategist|/Product planner|/Supply chain analyst,/Plan and forecast,/Report / whitepaper (PDF),/Downloadable asset,/Research drop|/Market outlook campaign,,,,
https://www.mobilityglobal.com/en-us/forms/whitepaper/megatrends-for-north-american-automakers-to-watch-in-2026,https://www.spglobal.com/automotive-insights/en/forms/whitepaper-forms/megatrends-for-north-american-automakers-to-watch-in-2026,Campaign page,Automatic,Planning solutions,Plan the market|Target business opportunities,Forecasting and planning,,,,/Analysis and reports,Automotive industry forecast and analysis,Automotive industry forecast and analysis,,/Long-term outlook,,,/Light vehicles,/Automotive OEMs,/OEM strategist|/Product planner|/Competitive intelligence,/Explore and understand|/Plan and forecast,/Report / whitepaper (PDF),/Downloadable asset,/Industry trend / thematic campaign|/Regional spotlight,,North America,North America,United States|Canada|Mexico
https://www.mobilityglobal.com/en-us/forms/whitepaper/real-world-scenario-planning-for-oem-agility,https://www.spglobal.com/automotive-insights/en/forms/whitepaper-forms/real-world-scenario-planning-for-oem-agility,Campaign page,Automatic,Planning solutions,Plan the market|Plan the vehicle,Forecasting and planning,/Scenario planning,,,/Analysis and reports,Market volatility trends|Automotive industry forecast and analysis,Automotive industry forecast and analysis|Scenario planning insights,,,,,,/Automotive OEMs,/OEM strategist|/Product planner,/Plan and forecast,/Report / whitepaper (PDF),/Downloadable asset,/Customer education / enablement,,,,
https://www.mobilityglobal.com/en-us/forms/whitepaper/reinventing-the-truck-report,https://www.spglobal.com/automotive-insights/en/forms/whitepaper-forms/reinventing-the-truck-report,Campaign page,Automatic,Planning solutions,Plan the vehicle,Technology and electrification intelligence|Forecasting and planning,/EV and electrification forecasting|/Powertrain and propulsion forecasting,,,/Analysis and reports,,Commercial vehicle market,,/Long-term outlook,,,/Commercial vehicles|/Heavy-duty trucks|/Electric vehicles (EVs),/Automotive OEMs|/Automotive suppliers and supply chain,/Product planner|/Technical specialists,,/Report / whitepaper (PDF),/Downloadable asset,/Research drop,,,,
https://www.mobilityglobal.com/en-us/forms/whitepaper/whitepaper-automotive-supply-chain-resilience,https://www.spglobal.com/automotive-insights/en/forms/whitepaper-forms/whitepaper-automotive-supply-chain-resilience,Campaign page,Automatic,Planning solutions,Manage the supply chain,Technology and electrification intelligence,/Supplier and component analysis|/Sustainability and ESG analytics,,,/Analysis and reports,Automotive supply chain disruption and resilience|Automotive supply chain risk management,Automotive supply chain|Supply chain resilience,,,,,/Light vehicles,/Automotive suppliers and supply chain,/Supply chain analyst,/Explore and understand,/Report / whitepaper (PDF),/Downloadable asset,/Industry trend / thematic campaign,,,,
https://www.mobilityglobal.com/en-us/forms/whitepaper-driving-transparency-scope-3-category-11-emissions-disclosures,https://www.spglobal.com/automotive-insights/en/forms/whitepaper-forms/whitepaper-driving-transparency-scope-3-category-11-emissions-disclosures,Campaign page,Automatic,Planning solutions,Manage the supply chain,Technology and electrification intelligence,/Sustainability and ESG analytics,,,/Analysis and reports,|/CO2 and fuel economy modeling|Regulations and compliance|Automotive sustainability and ESG,Automotive sustainability,,,,Regulatory context|/Emissions standards,/Light vehicles|/Commercial vehicles,/Automotive OEMs|/Automotive suppliers and supply chain,/OEM strategist|/Government / policy maker,/Explore and understand,/Report / whitepaper (PDF),/Downloadable asset,/Regulatory update,,,,
https://www.mobilityglobal.com/en-us/forms/whitepaper/whitepaper-future-of-carmarkers-procurement,https://www.spglobal.com/automotive-insights/en/forms/whitepaper-forms/whitepaper-future-of-carmarkers-procurement,Campaign page,Automatic,Planning solutions,Manage the supply chain,Technology and electrification intelligence|Forecasting and planning,/Supplier and component analysis,,,/Analysis and reports,Automotive supply chain disruption and resilience|Automotive supply chain risk management,Automotive supply chain|Supply chain resilience,,,,,/Light vehicles,/Automotive OEMs|/Automotive suppliers and supply chain,/Procurement|/Supply chain analyst,/Explore and understand,/Report / whitepaper (PDF),/Downloadable asset,/Industry trend / thematic campaign,,,,
https://www.mobilityglobal.com/en-us/products/automotive-intelligence-platform,https://www.spglobal.com/automotive-insights/en/info/automotive-intelligence-platform,Campaign page,Manual,Planning solutions|Sales solutions,Plan the market|Asses and react to the market,Forecasting and planning|Benchmarking and market performance,/Market and sales forecasting|/Market trend and performance analysis,/Analytics platform,,,Automotive industry forecast and analysis,Automotive industry forecast and analysis,,,,,/Light vehicles|/Commercial vehicles,/Automotive OEMs|/Automotive suppliers and supply chain,/OEM strategist|/Market analyst,/Explore and understand|/Diagnose and compare,,/Dashboard module,/Brand / awareness campaign,/Polk Automotive Solutions,,,
https://www.mobilityglobal.com/en-us/products/mobility-pulse-360-for-vehicle-pricing-analytics-and-performance,https://www.spglobal.com/automotive-insights/en/info/mobility-pulse-360-for-vehicle-pricing-analytics-and-performance,Campaign page,Manual,Sales solutions,Asses and react to the market|Inform and activate the right offer,Pricing and offer optimization|Benchmarking and market performance,/Pricing analytics|/Incentive optimization|/Market trend and performance analysis|/Competitive benchmarking,/Analytics platform,,,Pricing trends,Automotive industry forecast and analysis,,,/Price pressure|/Incentive changes,,/New vehicles|/Used vehicles,/Automotive dealers and retailers|/Automotive OEMs,/Dealer / retailer|/OEM strategist,/Diagnose and compare|/Activate and execute,,/Dashboard module,/Product launch,/Market Scan|/Polk Automotive Solutions,,,
https://www.mobilityglobal.com/en-us/products/software-defined-vehicle-suite-of-solutions,https://www.spglobal.com/automotive-insights/en/info/software-defined-vehicle-suite-of-solutions,Campaign page,Manual,Planning solutions,Plan the vehicle|Target business opportunities,Technology and electrification intelligence,/Technology and feature forecasting|/Autonomous and connected vehicle analysis|/Feature and component benchmarking|/Supplier and component analysis,/Analytics platform,,/Data and forecasts,Software defined vehicles (SDV)s,Software-defined vehicles,,,,,,/Automotive OEMs|/Automotive suppliers and supply chain,/Product planner|/Technical specialists,/Plan and forecast,,/Dashboard module,/Product launch,/Polk Automotive Solutions,,,
https://www.mobilityglobal.com/en-us/campaign/nada,https://www.spglobal.com/automotive-insights/en/nada,Campaign page,Manual,Sales solutions,Find the right customers|Inform and activate the right offer|Asses and react to the market,Sales and marketing effectiveness|Pricing and offer optimization|Consumer and audience intelligence,/Dealer and retail network analysis|/Pricing analytics|/Incentive optimization|/Audience targeting and prospects,/Dealer platform,,/Events and webinars,Dealer and retail trends,Automotive consumer trends,,,/Vehicle inventory levels|/Incentive changes,,/New vehicles|/Used vehicles,/Automotive dealers and retailers,/Dealer / retailer,/Activate and execute,/In-person event,,/Event campaign,/Polk Automotive Solutions|/Market Scan,North America,North America,United States
https://www.mobilityglobal.com/en-us/campaign/navigate-tariffs-winning-automotive-strategies,https://www.spglobal.com/automotive-insights/en/navigate-tariffs-winning-automotive-strategies,Campaign page,Automatic,Planning solutions,Plan the market,Forecasting and planning,/Scenario planning,,,/Analysis and reports|/Case studies,Market volatility trends|Automotive tariffs and trade policy|Macro-economic drivers,Automotive tariffs|Scenario planning insights,,/Current market outlook,/Macroeconomic factors,Regulatory context|/Policy,/Light vehicles,/Automotive OEMs,/OEM strategist|/Government / policy maker,/Plan and forecast,/Report / whitepaper (PDF),/Downloadable asset,/Regulatory update,,,,
https://www.mobilityglobal.com/en-us/products/data/automotive-carbon-accounting-downstream,https://www.spglobal.com/automotive-insights/en/data/automotive-carbon-accounting-downstream,Data sample,Automatic,Planning solutions,Target business opportunities,Services and advisory,Sustainability and ESG analytics,Analytics platform,Compliance advisory,,,,,,,/Emissions standards,Light vehicles,/Automotive OEMs,/OEM strategist|/Government / policy maker,/Diagnose and compare,,/Dataset,,,"ASEAN 
West Europe
Central Europe
North America","Europe
North America
JapanKorea",
https://www.mobilityglobal.com/en-us/products/data/automotive-customer-loyalty-and-conquest-analytics,https://www.spglobal.com/automotive-insights/en/data/automotive-customer-loyalty-and-conquest-analytics,Data sample,Automatic,Sales solutions,Find the right customers,Loyalty|Consumer and audience intelligence,Customer loyalty and retention analysis|Return to market analysis,,,,,,,,,,/Light vehicles,/Automotive OEMs|/Automotive dealers and retailers,/Market analyst|/Marketing and media agencies,/Monitor and optimize,,/Dataset,,/Polk Automotive Solutions,,,
https://www.mobilityglobal.com/en-us/products/data/e-mobility-technology-module,https://www.spglobal.com/automotive-insights/en/data/e-mobility-technology-module,Data sample,Automatic,Planning solutions,Plan the vehicle,Technology and electrification intelligence,Technology and feature forecasting|EV and electrification forecasting|Component forecasts,,,,,,,,,,/Electric vehicles (EVs),/Automotive OEMs|/Automotive suppliers and supply chain,/Product planner|/Technical specialists,/Plan and forecast,,/Dataset,,,,,
https://www.mobilityglobal.com/en-us/products/data/hybrid-and-ev-market-trends-dashboard,https://www.spglobal.com/automotive-insights/en/data/hybrid-and-ev-market-trends-dashboard,Data sample,Automatic,Planning solutions,Plan the market,Benchmarking and market performance,Market trend and performance analysis|Share and mix analysis,,,,,,,,,,/Electric vehicles (EVs)|/Hybrid vehicles,/Automotive OEMs,/Market analyst,/Diagnose and compare,,/Dashboard module,,,,,
https://www.mobilityglobal.com/en-us/products/data/light-vehicle-electric-propulsion-system-forecast,https://www.spglobal.com/automotive-insights/en/data/light-vehicle-electric-propulsion-system-forecast,Data sample,Automatic,Planning solutions,Plan the vehicle,Forecasting and planning,Powertrain and propulsion forecasting|EV and electrification forecasting,,,,,,,,,,/Light vehicles|/Electric vehicles (EVs),/Automotive OEMs|/Automotive suppliers and supply chain,/Product planner|/Technical specialists,/Plan and forecast,,/Forecast model,,,,,
https://www.mobilityglobal.com/en-us/products/data/light-vehicle-production-forecast,https://www.spglobal.com/automotive-insights/en/data/light-vehicle-production-forecast,Data sample,Automatic,Planning solutions,Plan the market,Forecasting and planning,Production forecasting,,,,,,,,,,/Light vehicles,/Automotive OEMs|/Automotive suppliers and supply chain,/OEM strategist|/Supply chain analyst,/Plan and forecast,,/Forecast model,,,,,
https://www.mobilityglobal.com/en-us/products/data/light-vehicle-sales-forecast,https://www.spglobal.com/automotive-insights/en/data/light-vehicle-sales-forecast,Data sample,Automatic,Planning solutions,Plan the market,Forecasting and planning,Market and sales forecasting,,,,,,,,,,/Light vehicles,/Automotive OEMs,/OEM strategist|/Market analyst,/Plan and forecast,,/Forecast model,,,,,
https://www.mobilityglobal.com/en-us/products/data/medium-heavy-commercial-vehicle-forecast,https://www.spglobal.com/automotive-insights/en/data/medium-heavy-commercial-vehicle-forecast,Data sample,Automatic,Planning solutions,Plan the market,Forecasting and planning,Market and sales forecasting|Production forecasting,,,,,,,,,,/Commercial vehicles|/Heavy-duty trucks,/Automotive OEMs|/Fleet management and leasing,/Market analyst|/Fleet manager,/Plan and forecast,,/Forecast model,,,,,
https://www.mobilityglobal.com/en-us/products/data/powertrain-scenario-forecast,https://www.spglobal.com/automotive-insights/en/data/powertrain-scenario-forecast,Data sample,Automatic,Planning solutions,Plan the vehicle,Forecasting and planning,Powertrain and propulsion forecasting|Scenario planning,,,,,,,,,,/Light vehicles,/Automotive OEMs,/Product planner,/Plan and forecast,,/Forecast model,,,,,
https://www.mobilityglobal.com/en-us/products/data/powertrain-scenario-forecast-middle-east,https://www.spglobal.com/automotive-insights/en/data/powertrain-scenario-forecast-middle-east,Data sample,Automatic,Planning solutions,Plan the vehicle,Forecasting and planning,Powertrain and propulsion forecasting|Scenario planning,,,,,,,,,,/Light vehicles,/Automotive OEMs,/Product planner,/Plan and forecast,,/Forecast model,,,,,
https://www.mobilityglobal.com/en-us/products/data/sdv-ecosystem-forecast,https://www.spglobal.com/automotive-insights/en/data/sdv-ecosystem-forecast,Data sample,Automatic,Planning solutions,Plan the vehicle,Technology and electrification intelligence,Technology and feature forecasting,,,,,,,,,,,/Automotive OEMs|/Automotive suppliers and supply chain,/Product planner|/Technical specialists,/Plan and forecast,,/Forecast model,,,,,
https://www.mobilityglobal.com/en-us/products/data/us-vehicle-inventory-data,https://www.spglobal.com/automotive-insights/en/data/us-vehicle-inventory-data,Data sample,Automatic,Sales solutions,Asses and react to the market,Vehicle lifecycle and aftermarket intelligence,Inventory metrics and trends|Track days supply,,,,,,,,/Vehicle inventory levels,,/Light vehicles,/Automotive dealers and retailers|/Automotive OEMs,/Dealer / retailer|/Market analyst,/Monitor and optimize,,/Dataset,,/Polk Automotive Solutions,North America,North America,United States
https://www.mobilityglobal.com/en-us/products/data/vehicle-carbon-emissions-downstream,https://www.spglobal.com/automotive-insights/en/data/vehicle-carbon-emissions-downstream,Data sample,Automatic,Planning solutions,Target business opportunities,,Sustainability and ESG analytics,,,,,,,,,,,/Automotive OEMs,/OEM strategist|/Government / policy maker,/Diagnose and compare,,/Dataset,,,,,
https://www.mobilityglobal.com/en-us/products/data/vehicle-pricing-forecast,https://www.spglobal.com/automotive-insights/en/data/vehicle-pricing-forecast,Data sample,Automatic,Planning solutions,Plan the market,Forecasting and planning|Pricing and offer optimization,/Market and sales forecasting|/Pricing analytics,,,,,,,,,,/Light vehicles,/Automotive OEMs,/Product planner|/Market analyst,/Plan and forecast,,/Forecast model,,,,,
https://www.mobilityglobal.com/en-us/products/data/vehicle-registration-data-and-market-insights,https://www.spglobal.com/automotive-insights/en/data/vehicle-registration-data-and-market-insights,Data sample,Automatic,Sales solutions,Assess and react to the market,Benchmarking and market performance,/Registration and sales benchmarking|/Market trend and performance analysis,,,,,,,,,,/Light vehicles,/Automotive OEMs|/Automotive dealers and retailers,/Market analyst|/Competitive intelligence,/Diagnose and compare,,/Dataset,,/Polk Automotive Solutions,North America,North America,
https://www.mobilityglobal.com/en-us/forms/vin-matching-sample-inquiry-australia,https://www.spglobal.com/automotive-insights/en/forms/vin-matching-sample-inquiry-australia,Data sample,Automatic,Sales solutions,Identify vehicle ownership and recall,,/Vehicle identification,,,,,,,,,,/Used vehicles,/Automotive aftermarket,/Aftermarket provider,/Support vehicles on the road,,/Dataset,,/Polk Automotive Solutions,,,Australia
https://www.mobilityglobal.com/en-us/automotive-insights/events,https://www.spglobal.com/mobility/en/events/,Event,Manual,,,,,,,/Events and webinars,,,,,,,,,,,,,/Event campaign,,,,
https://www.mobilityglobal.com/en-us/automotive-insights/events/2026-and-beyond-insurance-outlook-for-electric-and-autonomous-vehicles,https://www.spglobal.com/mobility/en/events/2026-and-beyond-insurance-outlook-for-electric-and-autonomous-vehicles/overview.html,Event,0,Sales solutions,,,,,,Events and webinars,,Future of mobility,,,Future of mobility,,"Autonomous vehicles (AVs)
Light vehicles",Automotive insurance and risk management,"Insurance analyst underwriter
",,Live webinar,,Market outlook campaign,,,,
https://www.mobilityglobal.com/en-us/automotive-insights/events/an-integrated-view-of-the-auto-supply-chain-how-to-make-business-decisions-in-chaos,https://www.spglobal.com/mobility/en/events/an-integrated-view-of-the-auto-supply-chain-how-to-make-business-decisions-in-chaos/overview.html,Event,Automatic,Planning solutions,Manage the supply chain,,,,,/Events and webinars,,Automotive supply chain disruption and resilience|Automotive supply chain risk management|Supply chain resilience,,/Current market outlook,/Supply chain constraints,,,/Automotive OEMs|/Automotive suppliers and supply chain,/Supply chain analyst,,/On-demand webinar,,/Event campaign,,,,
https://www.mobilityglobal.com/en-us/automotive-insights/events,https://www.spglobal.com/mobility/en/events/automotive-events-calendar.html,Event,Manual,,,,,,,/Events and webinars,,,,,,,,,,,,,/Event campaign,,,,
https://www.mobilityglobal.com/en-us/automotive-insights/events,https://www.spglobal.com/mobility/en/events/index.html,Event,Manual,,,,,,,/Events and webinars,,,,,,,,,,,,,/Event campaign,,,,
https://www.mobilityglobal.com/en-us/automotive-insights/events/new-year-briefing,https://www.spglobal.commobility/en/events/new-years-briefing-2026/overview.html,Event,Automatic,Planning solutions,Plan the market|Target business opportunities,,,,,/Events and webinars,,Automotive industry forecast and analysis,,/Current market outlook,/Macroeconomic factors,,,/Automotive OEMs|/Automotive suppliers and supply chain,/OEM strategist|/Market analyst,,/On-demand webinar,,/Annual outlook|/Event campaign,,,,
https://www.mobilityglobal.com/en-us/automotive-insights/experts/abby-chun-tu,Abby Chun Tu,Experts,Manual,Planning solutions,Assess and react to the market,Benchmarking and market performance,"Market trend and performance analysis
Share and mix analysis",,Custom reporting,,,,,,,,,,,,,,,,Greater China,Greater China,Mainland China
https://www.mobilityglobal.com/en-us/automotive-insights/experts/alex-vinatoru,Alex Vinatoru,Experts,Manual,Sales solutions,Assess and react to the market|Target business opportunities,"Pricing and offer optimization
Sales and marketing effectiveness
Services and advisory","Incentive optimization
Market trend and performance analysis
Pricing analytics
Share and mix analysis",,Custom reporting,,,,,,,,,,,,,,,,North America,North America,United States
https://www.mobilityglobal.com/en-us/automotive-insights/experts/amit-panday,Amit Panday,Experts,Manual,Planning solutions,Manage the supply chain|Plan the vehicle,Technology and electrification intelligence,Market trend and performance analysis,,Custom reporting,,,,,,,,,,,,,,,,Indian Subcontinent,South Asia,India
https://www.mobilityglobal.com/en-us/automotive-insights/experts/busaban-letterman,Busaban Letterman,Experts,Manual,Sales solutions,Assess and react to the market|Plan the market,"Benchmarking and market performance
Loyalty
Services and advisory","Consumer insights
Customer loyalty and retention analysis
Market trend and performance analysis
Registration and sales benchmarking
Return to market analysis
Share and mix analysis",,"Custom reporting
Strategic advisory",,,,,,,,,,,,,,,,North America,North America,United States
https://www.mobilityglobal.com/en-us/automotive-insights/experts/david-kaufman,David Kaufman,Experts,Manual,Sales solutions,Find the right customers|Maximize marketing ROI,"Sales and marketing effectiveness
Services and advisory","Audience targeting and prospects
Campaign performance and attribution
Media investment optimization",,Strategic advisory,,,,,,,,,,,,,,,,North America,North America,United States
https://www.mobilityglobal.com/en-us/automotive-insights/experts/gabriele-simonato,Gabriele Simonato,Experts,Manual,Planning solutions,Assess and react to the market|Plan the vehicle,"Benchmarking and market performance
Forecasting and planning
Services and advisory","Market and sales forecasting
Market trend and performance analysis
Registration and sales benchmarking",,Custom reporting,,,,,,,,,,,,,,,,West Europe,Europe,Italy
https://www.mobilityglobal.com/en-us/automotive-insights/experts/hrishikesh-s,Hrishikesh S,Experts,Manual,Planning solutions,Manage the supply chain,"Benchmarking and market performance
Technology and electrification intelligence","Market trend and performance analysis
Technology and feature forecasting",,Custom reporting,,,,,,,,,,,,,,,,Indian Subcontinent,South Asia,India
https://www.mobilityglobal.com/en-us/automotive-insights/experts/joey-imparto,https://www.marketscan.com/market-scan-leadership-team/joey-imparto/,Experts,Manual,Sales solutions,Inform and activate the right offer,,/Pricing analytics|/Incentive optimization,,,,Dealer and retail trends,,,,,,,/Automotive dealers and retailers,,,,,,/Market Scan,North America,North America,United States
https://www.mobilityglobal.com/en-us/automotive-insights/experts/matt-weiss,https://www.marketscan.com/market-scan-leadership-team/matt-weiss/,Experts,Manual,Sales solutions,Inform and activate the right offer,,/Pricing analytics|/Incentive optimization,,,,Dealer and retail trends,,,,,,,/Automotive dealers and retailers,,,,,,/Market Scan,North America,North America,United States
https://www.mobilityglobal.com/en-us/automotive-insights/experts/nick-kulyk,https://www.marketscan.com/market-scan-leadership-team/nick-kulyk/,Experts,Manual,Sales solutions,Inform and activate the right offer,,/Pricing analytics|/Incentive optimization,,,,Dealer and retail trends,,,,,,,/Automotive dealers and retailers,,,,,,/Market Scan,North America,North America,United States
https://www.mobilityglobal.com/en-us/automotive-insights/experts/scott-cauvel,https://www.marketscan.com/market-scan-leadership-team/scott-cauvel/,Experts,Manual,Sales solutions,Inform and activate the right offer,,/Pricing analytics|/Incentive optimization,,,,Dealer and retail trends,,,,,,,/Automotive dealers and retailers,,,,,,/Market Scan,North America,North America,United States
https://www.mobilityglobal.com/en-us/contact-us,https://www.spglobal.com/automotive-insights/en/forms/contact-supply-chain-expert,Experts,Do not migrate,Planning solutions,Manage the supply chain,,/Supplier and component analysis,,Strategic advisory,,,Automotive supply chain disruption and resilience|Automotive supply chain risk management,,,,,,/Automotive suppliers and supply chain|/Automotive OEMs,,,,,,,,,
https://www.mobilityglobal.com/en-us/automotive-insights/experts/abhishek-kumar,Kumar Abhishek,Experts,Manual,Planning solutions,"Assess and react to the market
Plan the market","Benchmarking and market performance
Consumer and audience intelligence
Loyalty
Services and advisory","Consumer insights
Customer loyalty and retention analysis
Market trend and performance analysis
Registration and sales benchmarking
Return to market analysis
Share and mix analysis",,"Custom reporting
Strategic advisory",North America,North America,United States,,,,,,,,,,,,,,,
https://www.mobilityglobal.com/en-us/automotive-insights/experts/michelle-yeung,Michelle Yeung,Experts,Manual,Sales solutions,"Assess and react to the market
Inform and activate the right offer
Target business opportunities","Pricing and offer optimization
Services and advisory","Credit and lending trends
Incentive optimization
Supplier and component analysis",,Strategic advisory,North America,North America,United States,,,,,,,,,,,,,,,
https://www.mobilityglobal.com/en-us/automotive-insights/experts/porchselvan-subramanian,Porchselvan Subramanian,Experts,Manual,Planning solutions,"Assess and react to the market
Manage the supply chain","Benchmarking and market performance
Technology and electrification intelligence","EV and electrification forecasting
Market trend and performance analysis
Supplier and component analysis
Technology and feature forecasting",,Custom reporting,Indian Subcontinent,South Asia,India,,,,,,,,,,,,,,,
https://www.mobilityglobal.com/en-us/automotive-insights/experts/priyanka-mohapatra,Priyanka Mohapatra,Experts,Manual,Planning solutions,"Assess and react to the market
Manage the supply chain",Technology and electrification intelligence,"Supplier and component analysis
Technology and feature forecasting",,Custom reporting,Indian Subcontinent,South Asia,India,,,,,,,,,,,,,,,
https://www.mobilityglobal.com/en-us/automotive-insights/experts/qifan-yang,Qifan (chee-fan) Yang,Experts,Manual,Planning solutions,Assess and react to the market,Risk and compliance management,Sustainability and ESG analytics,,Custom reporting,North America,North America,United States,,,,,,,,,,,,,,,
https://www.mobilityglobal.com/en-us/automotive-insights/experts/rohan-hazarika,Rohan Hazarika,Experts,Manual,Planning solutions,"Manage the supply chain
Plan the vehicle",Technology and electrification intelligence,"Autonomous and connected vehicle analysis
Market trend and performance analysis
Supplier and component analysis
Technology and feature forecasting",,Custom reporting,Indian Subcontinent,South Asia,India,,,,,,,,,,,,,,,
https://www.mobilityglobal.com/en-us/automotive-insights/experts/srikant-jayanthan,Srikant Jayanthan,Experts,Manual,Planning solutions,"Assess and react to the market
Manage the supply chain",Technology and electrification intelligence,"Market trend and performance analysis
Supplier and component analysis
Technology and feature forecasting",,Custom reporting,Indian Subcontinent,South Asia,India,,,,,,,,,,,,,,,
https://www.mobilityglobal.com/en-us/automotive-insights/experts/surabhi-rajpal,Surabhi Rajpal,Experts,Manual,Planning solutions,Manage the supply chain,Technology and electrification intelligence,"Market trend and performance analysis
Supplier and component analysis
Technology and feature forecasting",,Custom reporting,Indian Subcontinent,South Asia,India,,,,,,,,,,,,,,,
https://www.mobilityglobal.com/en-us/automotive-insights/experts/thomas-meininger,Thomas Meininger,Experts,Manual,Planning solutions,"Assess and react to the market
Plan the market","Forecasting and planning
Services and advisory",Market and sales forecasting,,"Custom reporting
Strategic advisory",West Europe,Europe,Germany,,,,,,,,,,,,,,,
https://www.mobilityglobal.com/en-us/automotive-insights/experts/veronique-valla,Veronique Valla,Experts,Manual,Planning solutions,"Manage the supply chain
Plan the market","Benchmarking and market performance
Forecasting and planning
Services and advisory
Technology and electrification intelligence","Component forecasts
Supplier and component analysis",,"Custom reporting
Strategic advisory",West Europe,Europe,France,,,,,,,,,,,,,,,
https://www.mobilityglobal.com/en-us/automotive-insights/experts/xinyuan-zhang,Xinyuan Zhang,Experts,Manual,Planning solutions,"Manage the supply chain
Plan the vehicle","Forecasting and planning
Technology and electrification intelligence","Component forecasts
Market trend and performance analysis
Supplier and component analysis
Technology and feature forecasting",,Custom reporting,Greater China,Greater China,Mainland China,,,,,,,,,,,,,,,
https://www.mobilityglobal.com/en-us/automotive-insights/experts/viroop-narla,https://www.spglobal.com/en/enterprise/experts/narla-viroop.html,Experts,Automatic,Planning solutions,"Plan the market
Target business opportunities",Vehicle lifecycle and aftermarket intelligence,Aftermarket performance analysis,,Strategic advisory,,,,,,,,,,,,,,,,Indian Subcontinent,South Asia,India
https://www.mobilityglobal.com/en-us/automotive-insights/experts/ali-adim,https://www.spglobal.com/en/research-insights/experts/adim-ali,Experts,Automatic,Planning solutions,Manage the supply chain,Forecasting and planning,Component forecasts,,"Custom reporting
Strategic advisory",,,,,,,,,,,,,,,,West Europe,Europe,Italy
https://www.mobilityglobal.com/en-us/automotive-insights/experts/jamal-amir,https://www.spglobal.com/en/research-insights/experts/amir-jamal,Experts,Automatic,Planning solutions,"Plan the market
Plan the vehicle
Target business opportunities",Forecasting and planning,"EV and electrification forecasting
Market and sales forecasting
Market trend and performance analysis
Production forecasting
Technology and feature forecasting",,Custom reporting,,,,,,,,,,,,,,,,Indian Subcontinent,South Asia,India
https://www.mobilityglobal.com/en-us/automotive-insights/experts/phil-amsrud,https://www.spglobal.com/en/research-insights/experts/amsrud-phil,Experts,Automatic,Planning solutions,"Manage the supply chain
Plan the market
Plan the vehicle","Forecasting and planning
Technology and electrification intelligence","Component forecasts
Market and sales forecasting
Technology and feature forecasting",,"Custom reporting
Strategic advisory",,,,,,,,,,,,,,,,North America,North America,United States
https://www.mobilityglobal.com/en-us/automotive-insights/experts/eric-anderson,https://www.spglobal.com/en/research-insights/experts/anderson-eric,Experts,Automatic,Planning solutions,Plan the vehicle,Forecasting and planning,Powertrain and propulsion forecasting,,"Custom reporting
Strategic advisory",,,,,,,,,,,,,,,,North America,North America,United States
https://www.mobilityglobal.com/en-us/automotive-insights/experts/raj-arora,https://www.spglobal.com/en/research-insights/experts/arora-nayan,Experts,Automatic,Planning solutions,"Assess and react to the market
Plan the market
Target business opportunities","Benchmarking and market performance
Forecasting and planning
Technology and electrification intelligence","EV and electrification forecasting
Powertrain and propulsion forecasting
Technology and feature forecasting",,"Custom reporting
Strategic advisory",,,,,,,,,,,,,,,,West Europe,Europe,Germany
https://www.mobilityglobal.com/en-us/automotive-insights/experts/manat-singh-bali,https://www.spglobal.com/en/research-insights/experts/bali-manat-singh,Experts,Automatic,Planning solutions,Plan the market,Forecasting and planning,Powertrain and propulsion forecasting,,Custom reporting,,,,,,,,,,,,,,,,Indian Subcontinent,South Asia,India
https://www.mobilityglobal.com/en-us/automotive-insights/experts/matthew-beecham,https://www.spglobal.com/en/research-insights/experts/beecham-matthew,Experts,Automatic,Planning solutions,Manage the supply chain,Technology and electrification intelligence,Supplier and component analysis,,Custom reporting,,,,,,,,,,,,,,,,West Europe,Europe,United Kingdom
https://www.mobilityglobal.com/en-us/automotive-insights/experts/jeremie-bouchaud,https://www.spglobal.com/en/research-insights/experts/bouchaud-jeremie,Experts,Automatic,Planning solutions,Manage the supply chain,"Forecasting and planning
Risk and compliance management
Technology and electrification intelligence","Autonomous and connected vehicle analysis
Component forecasts
Technology and feature forecasting",,Strategic advisory,,,,,,,,,,,,,,,,West Europe,Europe,United Kingdom
https://www.mobilityglobal.com/en-us/automotive-insights/experts/stephanie-brinley,https://www.spglobal.com/en/research-insights/experts/brinley-stephanie,Experts,Automatic,Planning solutions,Assess and react to the market,Forecasting and planning,"EV and electrification forecasting
Market and sales forecasting
Market trend and performance analysis
Production forecasting
Scenario planning",,Strategic advisory,,,,,,,,,,,,,,,,North America,North America,United States
https://www.mobilityglobal.com/en-us/automotive-insights/experts/jeremy-carlson,https://www.spglobal.com/en/research-insights/experts/carlson-jeremy,Experts,Automatic,Planning solutions,"Plan the market
Plan the vehicle","Forecasting and planning
Technology and electrification intelligence",Autonomous and connected vehicle analysis,,Strategic advisory,,,,,,,,,,,,,,,,North America,North America,United States
https://www.mobilityglobal.com/en-us/automotive-insights/experts/mayuree-chaiyuthanaporn,https://www.spglobal.com/en/research-insights/experts/chaiyuthanaporn-mayuree,Experts,Automatic,Planning solutions,"Plan the market
Plan the vehicle",Forecasting and planning,Market and sales forecasting,,Custom reporting,,,,,,,,,,,,,,,,ASEAN,South Asia,Thailand
https://www.mobilityglobal.com/en-us/automotive-insights/experts/owen-chen,https://www.spglobal.com/en/research-insights/experts/chen-owen,Experts,Automatic,Planning solutions,Plan the vehicle,"Benchmarking and market performance
Forecasting and planning",Technology and feature forecasting,,Strategic advisory,,,,,,,,,,,,,,,,West Europe,Europe,United Kingdom
https://www.mobilityglobal.com/en-us/automotive-insights/experts/kent-chiu,https://www.spglobal.com/en/research-insights/experts/chiu-kent,Experts,Automatic,Sales solutions,"Assess and react to the market
Target business opportunities","Benchmarking and market performance
Loyalty","Consumer insights
Customer loyalty and retention analysis
Inventory metrics and trends
Market trend and performance analysis
Registration and sales benchmarking
Registration data intelligence
Return to market analysis",,"Custom reporting
Strategic advisory",,,,,,,,,,,,,,,,North America,North America,United States
https://www.mobilityglobal.com/en-us/automotive-insights/experts/deya-das,https://www.spglobal.com/en/research-insights/experts/das-deya,Experts,Automatic,Planning solutions,Manage the supply chain,Technology and electrification intelligence,"EV and electrification forecasting
Technology and feature forecasting",,Custom reporting,,,,,,,,,,,,,,,,Indian Subcontinent,South Asia,India
https://www.mobilityglobal.com/en-us/automotive-insights/experts/kyle-davis,https://www.spglobal.com/en/research-insights/experts/davis-kyle-,Experts,Automatic,Planning solutions,Manage the supply chain,"Benchmarking and market performance
Technology and electrification intelligence","Autonomous and connected vehicle analysis
Feature and component benchmarking
Technology and feature forecasting",,"Custom reporting
Strategic advisory",,,,,,,,,,,,,,,,North America,North America,United States
https://www.mobilityglobal.com/en-us/automotive-insights/experts/xavier-demeulenaere,https://www.spglobal.com/en/research-insights/experts/demeulenaere-xavier,Experts,Automatic,Planning solutions,"Plan the market
Plan the vehicle",Forecasting and planning,Powertrain and propulsion forecasting,,"Custom reporting
Strategic advisory",,,,,,,,,,,,,,,,West Europe,Europe,United Kingdom
https://www.mobilityglobal.com/en-us/automotive-insights/experts/andrej-divis,https://www.spglobal.com/en/research-insights/experts/divis-andrej,Experts,Automatic,Planning solutions,Plan the market,Forecasting and planning,"Market and sales forecasting
Production forecasting",,Strategic advisory,,,,,,,,,,,,,,,,North America,North America,United States
https://www.mobilityglobal.com/en-us/automotive-insights/experts/graham-evans,https://www.spglobal.com/en/research-insights/experts/evans-graham,Experts,Automatic,Planning solutions,"Assess and react to the market
Manage the supply chain
Plan the market
Plan the vehicle",Forecasting and planning,EV and electrification forecasting,,Strategic advisory,,,,,,,,,,,,,,,,West Europe,Europe,United Kingdom
https://www.mobilityglobal.com/en-us/automotive-insights/experts/sidong-fan,https://www.spglobal.com/en/research-insights/experts/fan-sidong,Experts,Automatic,Planning solutions,"Assess and react to the market
Plan the market
Target business opportunities",Forecasting and planning,"Market and sales forecasting
Market trend and performance analysis",,"Custom reporting
Strategic advisory",,,,,,,,,,,,,,,,West Europe,Europe,Germany
https://www.mobilityglobal.com/en-us/automotive-insights/experts/matteo-fini,https://www.spglobal.com/en/research-insights/experts/fini-matteo,Experts,Automatic,Planning solutions,"Assess and react to the market
Manage the supply chain
Plan the market","Forecasting and planning
Technology and electrification intelligence","Component forecasts
Feature and component benchmarking
Technology and feature forecasting",,Strategic advisory,,,,,,,,,,,,,,,,West Europe,Europe,Italy
https://www.mobilityglobal.com/en-us/automotive-insights/experts/ian-fletcher,https://www.spglobal.com/en/research-insights/experts/fletcher-ian,Experts,Automatic,Planning solutions,Assess and react to the market,Benchmarking and market performance,Market trend and performance analysis,,Custom reporting,,,,,,,,,,,,,,,,West Europe,Europe,United Kingdom
https://www.mobilityglobal.com/en-us/automotive-insights/experts/kartik-ganesh,https://www.spglobal.com/en/research-insights/experts/ganesh-kartik,Experts,Automatic,Planning solutions,Manage the supply chain,Forecasting and planning,"Component forecasts
Feature and component benchmarking
Supplier and component analysis",,Custom reporting,,,,,,,,,,,,,,,,Indian Subcontinent,South Asia,India
https://www.mobilityglobal.com/en-us/automotive-insights/experts/gregory-genette,https://www.spglobal.com/en/research-insights/experts/genette-gregory,Experts,Automatic,Planning solutions,"Plan the market
Plan the vehicle",Forecasting and planning,"Market and sales forecasting
Production forecasting",,Custom reporting,,,,,,,,,,,,,,,,North America,North America,United States
https://www.mobilityglobal.com/en-us/automotive-insights/experts/steve-giordano,https://www.spglobal.com/en/research-insights/experts/giordano-steve,Experts,Automatic,Sales solutions,Assess and react to the market,Services and advisory,"Customer loyalty and retention analysis
Inventory metrics and trends
Market trend and performance analysis
Registration data intelligence
Return to market analysis",,"Custom reporting
Strategic advisory",,,,,,,,,,,,,,,,West Europe,Europe,United Kingdom
https://www.mobilityglobal.com/en-us/automotive-insights/experts/dhruva-gogoi,https://www.spglobal.com/en/research-insights/experts/gogoi-dhruva,Experts,Automatic,Planning solutions,Manage the supply chain,"Forecasting and planning
Technology and electrification intelligence","Market trend and performance analysis
Supplier and component analysis
Technology and feature forecasting",,Custom reporting,,,,,,,,,,,,,,,,Indian Subcontinent,South Asia,India
https://www.mobilityglobal.com/en-us/automotive-insights/experts/mark-hazel,https://www.spglobal.com/en/research-insights/experts/hazel-mark,Experts,Automatic,Sales solutions,"Assess and react to the market
Plan the market","Benchmarking and market performance
Services and advisory","Fleet analysis
Market trend and performance analysis",,Custom reporting,,,,,,,,,,,,,,,,North America,North America,United States
https://www.mobilityglobal.com/en-us/automotive-insights/experts/sharon-huang,https://www.spglobal.com/en/research-insights/experts/huang-sharon,Experts,Automatic,Planning solutions,Plan the vehicle,"Risk and compliance management
Services and advisory","Compliance verification
Market trend and performance analysis
Sustainability and ESG analytics",,"Compliance advisory
Strategic advisory",,,,,,,,,,,,,,,,West Europe,Europe,Germany
https://www.mobilityglobal.com/en-us/automotive-insights/experts/susanna-huang,https://www.spglobal.com/en/research-insights/experts/huang-susanna,Experts,Automatic,Planning solutions,Plan the vehicle,"Risk and compliance management
Services and advisory","Compliance verification
Market trend and performance analysis
Sustainability and ESG analytics",,"Compliance advisory
Strategic advisory",,,,,,,,,,,,,,,,Greater China,Greater China,Mainland China
https://www.mobilityglobal.com/en-us/automotive-insights/experts/bjoern-huetter,https://www.spglobal.com/en/research-insights/experts/huetter-bjoern,Experts,Automatic,Planning solutions,"Plan the market
Plan the vehicle",Benchmarking and market performance,"Market trend and performance analysis
Registration and sales benchmarking",,Custom reporting,,,,,,,,,,,,,,,,West Europe,Europe,Germany
https://www.mobilityglobal.com/en-us/automotive-insights/experts/joe-kyriakoza,https://www.spglobal.com/en/research-insights/experts/joe-kyriakoza,Experts,Automatic,Sales solutions,"Assess and react to the market
Find the right customers
Inform and activate the right offer
Maximize marketing ROI","Benchmarking and market performance
Consumer and audience intelligence
Loyalty
Pricing and offer optimization
Sales and marketing effectiveness","Audience targeting and prospects
Campaign performance and attribution
Consumer insights
Customer (1PD) data cleansing and enrichment
Customer loyalty and retention analysis
Market trend and performance analysis
Marketing and advertising ROI
Media investment optimization
Registration and sales benchmarking
Return to market analysis
Share and mix analysis",,Strategic advisory,,,,,,,,,,,,,,,,North America,North America,United States
https://www.mobilityglobal.com/en-us/automotive-insights/experts/jason-jordhamo,https://www.spglobal.com/en/research-insights/experts/jordhamo-jason,Experts,Automatic,Sales solutions,"Assess and react to the market
Find the right customers","Benchmarking and market performance
Consumer and audience intelligence
Loyalty
Sales and marketing effectiveness","Audience targeting and prospects
Campaign performance and attribution
Competitive benchmarking
Consumer insights
Customer (1PD) data cleansing and enrichment
Customer loyalty and retention analysis
Market trend and performance analysis
Marketing and advertising ROI
Media investment optimization
Registration and sales benchmarking
Return to market analysis
Share and mix analysis",,Custom reporting,,,,,,,,,,,,,,,,North America,North America,United States
https://www.mobilityglobal.com/en-us/automotive-insights/experts/manny-katakis,https://www.spglobal.com/en/research-insights/experts/katakis-manny,Experts,Automatic,Planning solutions,"Plan the vehicle
Target business opportunities",Forecasting and planning,Production forecasting,,Custom reporting,,,,,,,,,,,,,,,,North America,North America,United States
https://www.mobilityglobal.com/en-us/automotive-insights/experts/likith-koundinya,https://www.spglobal.com/en/research-insights/experts/koundinya-likith,Experts,Automatic,Planning solutions,"Assess and react to the market
Plan the market",Services and advisory,"Compliance verification
Sustainability and ESG analytics",,Strategic advisory,,,,,,,,,,,,,,,,Indian Subcontinent,South Asia,India
https://www.mobilityglobal.com/en-us/automotive-insights/experts/vinita-kumari,https://www.spglobal.com/en/research-insights/experts/kumari-vinita,Experts,Automatic,Planning solutions,"Plan the market
Target business opportunities","Forecasting and planning
Vehicle lifecycle and aftermarket intelligence","Aftermarket performance analysis
Market and sales forecasting",,"Custom reporting
Strategic advisory",,,,,,,,,,,,,,,,Indian Subcontinent,South Asia,India
https://www.mobilityglobal.com/en-us/automotive-insights/experts/tom-libby,https://www.spglobal.com/en/research-insights/experts/libby-tom,Experts,Automatic,Sales solutions,"Assess and react to the market
Find the right customers","Benchmarking and market performance
Consumer and audience intelligence
Loyalty
Services and advisory","Consumer insights
Customer loyalty and retention analysis
Market trend and performance analysis
Registration data intelligence
Return to market analysis
Share and mix analysis",,"Custom reporting
Strategic advisory",,,,,,,,,,,,,,,,North America,North America,United States
https://www.mobilityglobal.com/en-us/automotive-insights/experts/tanja-linken,https://www.spglobal.com/en/research-insights/experts/linkentanja,Experts,Automatic,Sales solutions,"Plan the market
Target business opportunities",Services and advisory,"Dealer and retail network analysis
Market demand modeling",,Strategic advisory,,,,,,,,,,,,,,,,West Europe,Europe,Germany
https://www.mobilityglobal.com/en-us/automotive-insights/experts/cassie-liu,https://www.spglobal.com/en/research-insights/experts/liu-cassie,Experts,Automatic,Planning solutions,"Plan the market
Plan the vehicle
Target business opportunities",Forecasting and planning,"Market and sales forecasting
Production forecasting",,Custom reporting,,,,,,,,,,,,,,,,Greater China,Greater China,Mainland China
https://www.mobilityglobal.com/en-us/automotive-insights/experts/daokuan-lu,https://www.spglobal.com/en/research-insights/experts/lu-daokuan,Experts,Automatic,Planning solutions,"Manage the supply chain
Plan the market","Forecasting and planning
Technology and electrification intelligence","Autonomous and connected vehicle analysis
Market and sales forecasting
Technology and feature forecasting",,Custom reporting,,,,,,,,,,,,,,,,Greater China,Greater China,Mainland China
https://www.mobilityglobal.com/en-us/automotive-insights/experts/calum-macrae,https://www.spglobal.com/en/research-insights/experts/macrae-calum,Experts,Automatic,Planning solutions,Manage the supply chain,Technology and electrification intelligence,"Autonomous and connected vehicle analysis
EV and electrification forecasting
Feature and component benchmarking
Market trend and performance analysis
Supplier and component analysis
Technology and feature forecasting",,Custom reporting,,,,,,,,,,,,,,,,West Europe,Europe,United Kingdom
https://www.mobilityglobal.com/en-us/automotive-insights/experts/mengi-shubhankar,https://www.spglobal.com/en/research-insights/experts/mengi-shubhankar,Experts,Automatic,Planning solutions,"Plan the market
Plan the vehicle",Forecasting and planning,Production forecasting,,Custom reporting,,,,,,,,,,,,,,,,Indian Subcontinent,South Asia,India
https://www.mobilityglobal.com/en-us/automotive-insights/experts/peter-nagle,https://www.spglobal.com/en/research-insights/experts/nagle-peter,Experts,Automatic,Planning solutions,"Plan the market
Plan the vehicle
Target business opportunities",Forecasting and planning,"Market and sales forecasting
Market demand modeling
Market trend and performance analysis",,"Custom reporting
Strategic advisory",,,,,,,,,,,,,,,,North America,North America,United States
https://www.mobilityglobal.com/en-us/automotive-insights/experts/nikunj-satvik,https://www.spglobal.com/en/research-insights/experts/nikunj-satvik-,Experts,Automatic,Planning solutions,"Plan the market
Plan the vehicle",Forecasting and planning,"Powertrain and propulsion forecasting
Production forecasting",,"Custom reporting
Strategic advisory",,,,,,,,,,,,,,,,Indian Subcontinent,South Asia,India
https://www.mobilityglobal.com/en-us/automotive-insights/experts/vince-palomarez,https://www.spglobal.com/en/research-insights/experts/palomarez-vince,Experts,Automatic,Sales solutions,"Assess and react to the market
Target business opportunities","Loyalty
Services and advisory",Customer loyalty and retention analysis,,"Custom reporting
Strategic advisory",,,,,,,,,,,,,,,,North America,North America,United States
https://www.mobilityglobal.com/en-us/automotive-insights/experts/nishant-parekh,https://www.spglobal.com/en/research-insights/experts/parekh-nishant,Experts,Automatic,Planning solutions,Plan the market,Vehicle lifecycle and aftermarket intelligence,"Aftermarket performance analysis
Market trend and performance analysis",,Custom reporting,,,,,,,,,,,,,,,,Indian Subcontinent,South Asia,India
https://www.mobilityglobal.com/en-us/automotive-insights/experts/darragh-punch,https://www.spglobal.com/en/research-insights/experts/punch-darragh,Experts,Automatic,Planning solutions,Plan the vehicle,Forecasting and planning,Powertrain and propulsion forecasting,,Custom reporting,,,,,,,,,,,,,,,,North America,North America,United States
https://www.mobilityglobal.com/en-us/automotive-insights/experts/brian-rhodes,https://www.spglobal.com/en/research-insights/experts/rhodes-brian,Experts,Automatic,Planning solutions,"Assess and react to the market
Target business opportunities",Technology and electrification intelligence,Autonomous and connected vehicle analysis,,Custom reporting,,,,,,,,,,,,,,,,North America,North America,United States
https://www.mobilityglobal.com/en-us/automotive-insights/experts/michele-richichi,https://www.spglobal.com/en/research-insights/experts/richichi-michele,Experts,Automatic,Planning solutions,"Plan the market
Plan the vehicle",Technology and electrification intelligence,"Autonomous and connected vehicle analysis
Technology and feature forecasting",,Custom reporting,,,,,,,,,,,,,,,,West Europe,Europe,Italy
https://www.mobilityglobal.com/en-us/automotive-insights/experts/michael-robinet,https://www.spglobal.com/en/research-insights/experts/robinet-michael,Experts,Automatic,Planning solutions,"Manage the supply chain
Plan the market
Plan the vehicle
Target business opportunities","Forecasting and planning
Services and advisory","Market and sales forecasting
Market trend and performance analysis
Production forecasting
Scenario planning",,Strategic advisory,,,,,,,,,,,,,,,,North America,North America,United States
https://www.mobilityglobal.com/en-us/automotive-insights/experts/ewa-root,https://www.spglobal.com/en/research-insights/experts/root-ewa,Experts,Automatic,Planning solutions,"Plan the market
Plan the vehicle",Forecasting and planning,Market and sales forecasting,,Custom reporting,,,,,,,,,,,,,,,,West Europe,Europe,United Kingdom
https://www.mobilityglobal.com/en-us/automotive-insights/experts/oracha-sakunbunma,https://www.spglobal.com/en/research-insights/experts/sakunbunma-oracha,Experts,Automatic,Planning solutions,"Plan the market
Plan the vehicle",Forecasting and planning,Market and sales forecasting,,Custom reporting,,,,,,,,,,,,,,,,ASEAN,South Asia,Thailand
https://www.mobilityglobal.com/en-us/automotive-insights/experts/miki-sasaki,https://www.spglobal.com/en/research-insights/experts/sasaki-miki,Experts,Automatic,Planning solutions,"Plan the market
Plan the vehicle",Forecasting and planning,Powertrain and propulsion forecasting,,Custom reporting,,,,,,,,,,,,,,,,ASEAN,Japan/Korea,South Korea
https://www.mobilityglobal.com/en-us/automotive-insights/experts/michael-southcott,https://www.spglobal.com/en/research-insights/experts/southcottmichael,Experts,Automatic,Planning solutions,"Manage the supply chain
Plan the vehicle","Forecasting and planning
Technology and electrification intelligence","Market trend and performance analysis
Supplier and component analysis",,Custom reporting,,,,,,,,,,,,,,,,North America,North America,United States
https://www.mobilityglobal.com/en-us/automotive-insights/experts/manuel-tagliavini,https://www.spglobal.com/en/research-insights/experts/tagliavini-manuel,Experts,Automatic,Planning solutions,"Manage the supply chain
Plan the vehicle","Benchmarking and market performance
Forecasting and planning
Technology and electrification intelligence","Autonomous and connected vehicle analysis
Component forecasts
Supplier and component analysis",,Custom reporting,,,,,,,,,,,,,,,,West Europe,Europe,Italy
https://www.mobilityglobal.com/en-us/automotive-insights/experts/mengyin-tao,https://www.spglobal.com/en/research-insights/experts/tao-mengyin,Experts,Automatic,Planning solutions,"Manage the supply chain
Plan the vehicle","Forecasting and planning
Technology and electrification intelligence","Component forecasts
Feature and component benchmarking
Supplier and component analysis
Technology and feature forecasting",,Custom reporting,,,,,,,,,,,,,,,,Greater China,Greater China,Mainland China
https://www.mobilityglobal.com/en-us/automotive-insights/experts/jessada-thongpak,https://www.spglobal.com/en/research-insights/experts/thongpak-jessada,Experts,Automatic,Planning solutions,Plan the vehicle,Forecasting and planning,Production forecasting,,Custom reporting,,,,,,,,,,,,,,,,ASEAN,South Asia,Thailand
https://www.mobilityglobal.com/en-us/automotive-insights/experts/matt-trommer,https://www.spglobal.com/en/research-insights/experts/trommer-matt,Experts,Automatic,Sales solutions,"Assess and react to the market
Plan the market",Benchmarking and market performance,"Inventory metrics and trends
Market trend and performance analysis
Track days supply",,Custom reporting,,,,,,,,,,,,,,,,North America,North America,United States
https://www.mobilityglobal.com/en-us/automotive-insights/experts/tim-urquhart,https://www.spglobal.com/en/research-insights/experts/urquhart-tim,Experts,Automatic,Planning solutions,Assess and react to the market,"Benchmarking and market performance
Forecasting and planning",Market trend and performance analysis,,Custom reporting,,,,,,,,,,,,,,,,West Europe,Europe,United Kingdom
https://www.mobilityglobal.com/en-us/automotive-insights/experts/gaurav-vangaal,https://www.spglobal.com/en/research-insights/experts/vangaal-gaurav,Experts,Automatic,Planning solutions,"Manage the supply chain
Plan the vehicle","Benchmarking and market performance
Forecasting and planning","Market trend and performance analysis
Production forecasting",,Custom reporting,,,,,,,,,,,,,,,,Indian Subcontinent,South Asia,India
https://www.mobilityglobal.com/en-us/automotive-insights/experts/claudio-vittori,https://www.spglobal.com/en/research-insights/experts/vittori-claudio,Experts,Automatic,Planning solutions,"Manage the supply chain
Plan the vehicle
Target business opportunities","Forecasting and planning
Technology and electrification intelligence","Component forecasts
EV and electrification forecasting
Feature and component benchmarking
Supplier and component analysis",,"Custom reporting
Strategic advisory",,,,,,,,,,,,,,,,West Europe,Europe,Italy
https://www.mobilityglobal.com/en-us/automotive-insights/experts/mike-wall,https://www.spglobal.com/en/research-insights/experts/wall-mike,Experts,Automatic,Planning solutions,"Manage the supply chain
Plan the market
Plan the vehicle
Target business opportunities","Benchmarking and market performance
Forecasting and planning
Services and advisory","Market and sales forecasting
Market trend and performance analysis
Production forecasting
Scenario planning
supp",,"Custom reporting
Strategic advisory",,,,,,,,,,,,,,,,North America,North America,United States
https://www.mobilityglobal.com/en-us/automotive-insights/experts/brock-walquist,https://www.spglobal.com/en/research-insights/experts/walquist-brock,Experts,Automatic,Planning solutions,"Manage the supply chain
Plan the vehicle
Target business opportunities","Forecasting and planning
Technology and electrification intelligence","Autonomous and connected vehicle analysis
Component forecasts
Technology and feature forecasting",,"Custom reporting
Strategic advisory",,,,,,,,,,,,,,,,North America,North America,United States
https://www.mobilityglobal.com/en-us/automotive-insights/experts/joyce-wang,https://www.spglobal.com/en/research-insights/experts/wang-joyce,Experts,Automatic,Planning solutions,"Plan the market
Target business opportunities",Vehicle lifecycle and aftermarket intelligence,"Aftermarket performance analysis
Technology and feature forecasting",,"Custom reporting
Strategic advisory",,,,,,,,,,,,,,,,Greater China,Greater China,Mainland China
https://www.mobilityglobal.com/en-us/automotive-insights/experts/jie-yang,https://www.spglobal.com/en/research-insights/experts/yang-jie,Experts,Automatic,Planning solutions,"Manage the supply chain
Plan the vehicle","Forecasting and planning
Technology and electrification intelligence","Feature and component benchmarking
Market trend and performance analysis
Powertrain and propulsion forecasting
Supplier and component analysis",,"Custom reporting
Strategic advisory",,,,,,,,,,,,,,,,Greater China,Greater China,Mainland China
https://www.mobilityglobal.com/en-us/privacy/polk-statement,https://www.spglobal.com/mobility/en/Info/polk-privacy/statement.html,Legal page,Automatic,,,,,,,,,,,,,,,,,,,,,,,,
https://www.mobilityglobal.com/en-us/planning-solutions/plan-the-vehicle,Planning Solution Need State 1 of 4 - Plan the vehicle,Need State,#N/A,Planning solutions,Plan the vehicle,,,,,,,,,,,,,,,,,,,,,,
https://www.mobilityglobal.com/en-us/planning-solutions/plan-the-market,Planning Solution Need State 2 of 4 - Plan the Market,Need State,Manual,Planning solutions,Plan the market,,,,,,,,,,,,,,,,,,,,,,
https://www.mobilityglobal.com/en-us/planning-solutions/business-opp-targeting,Planning Solution Need State 3 of 4- Business opp targeting,Need State,Manual,Planning solutions,Target business opportunities,,,,,,,,,,,,,,,,,,,,,,
https://www.mobilityglobal.com/en-us/planning-solutions/manage-the-supply-chain,Planning Solution Need State 4 of 4 - Manage the supply chain,Need State,Manual,Planning solutions,Manage the supply chain,,,,,,,,,,,,,,,,,,,,,,
https://www.mobilityglobal.com/en-us/sales-solutions/assess-and-react-to-the-market,Sales Solution Need State 1 of 5 - Assess and react to the market,Need State,Manual,Sales solutions,Assess and react to the market,,,,,,,,,,,,,,,,,,,,,,
https://www.mobilityglobal.com/en-us/sales-solutions/identify-the-right-customer,Sales Solution Need State 2 of 5 - Identify the right customer,Need State,#N/A,Sales solutions,Find the right customers,,,,,,,,,,,,,,,,,,,,,,
https://www.mobilityglobal.com/en-us/sales-solutions/inform-and-activate-right-offer,Sales Solution Need State 3 of 5 - Inform and activate the right offer,Need State,Manual,Sales solutions,Inform and activate the right offer,,,,,,,,,,,,,,,,,,,,,,
https://www.mobilityglobal.com/en-us/sales-solutions/maximize-marketing-roi,Sales Solution Need State 4 of 5 - Maximize marketing ROI,Need State,Manual,Sales solutions,Maximize marketing ROI,,,,,,,,,,,,,,,,,,,,,,
https://www.mobilityglobal.com/en-us/sales-solutions/identify-vehicle-ownership-and-recall,Sales Solution Need State 5 of 5- Identify vehicle ownership and recall,Need State,Manual,Sales solutions,Identify vehicle ownership and recall,,,,,,,,,,,,,,,,,,,,,,
https://www.mobilityglobal.com/en-us/planning-solutions,Planning Solutions overview,Overview,Manual,Planning solutions,"Manage the supply chain
Plan the market
Plan the vehicle
Target business opportunities",,,,,,,,,,,,,,,,,,,,,,
https://www.mobilityglobal.com/en-us/sales-solutions,Sales Solutions overview,Overview,Manual,Sales solutions,"Assess and react to the market
Find the right customers
Identify vehicle ownership and recall
Inform and activate the right offer
Maximize marketing ROI",,,,,,,,,,,,,,,,,,,,,,
https://www.mobilityglobal.com/en-us/automotive-insights/podcasts,https://www.spglobal.com/mobility/en/podcasts/automotive.html,Podcast,Manual,Planning solutions|Sales solutions,,,,,,/Podcasts,,,Automotive Podcast Series,,,,,,,,/Audio / podcast,,,,,,
https://www.mobilityglobal.com/en-us/products/commercial-vehicle-insights,CVI,Product,Manual,Sales solutions,Assess and react to the market,"Benchmarking and market performance
Sales and marketing effectiveness","Fleet analysis
Registration and sales benchmarking",Analytics platform,Custom reporting,,,,,Historical data,Demand shifts,,,"Automotive OEMs
Automotive dealers and retailers
Commercial vehicles
Fleet management and leasing
Leasing / financial services","Aftermarket provider
Dealer / retailer
Fleet manager
Market analyst
Supply chain analyst",Explore and understand,,,,,North America,North America,"Canada
United States"
https://www.mobilityglobal.com/en-us/products/retail-transaction,https://www.marketscan.com/mdesking-landing-page/,Product,Do not migrate,Sales solutions,Inform and activate the right offer,Pricing and offer optimization,/Pricing analytics|/Incentive optimization|/Retail payment and affordability analysis,/Dealer platform,,,,,,,/Price pressure|/Incentive changes,,/New vehicles|/Used vehicles,/Automotive dealers and retailers|/Automotive OEMs,/Dealer / retailer|/OEM strategist,/Activate and execute,,/Workflow tool,,/Market Scan,North America,North America,United States
https://www.mobilityglobal.com/en-us/products/retail-transaction,https://www.marketscan.com/mdesking-landing-page-2/,Product,Do not migrate,Sales solutions,Inform and activate the right offer,Pricing and offer optimization,/Pricing analytics|/Incentive optimization|/Retail payment and affordability analysis,/Dealer platform,,,,,,,/Price pressure|/Incentive changes,,/New vehicles|/Used vehicles,/Automotive dealers and retailers|/Automotive OEMs,/Dealer / retailer|/OEM strategist,/Activate and execute,,/Workflow tool,,/Market Scan,North America,North America,United States
https://www.mobilityglobal.com/en-us/products/retail-transaction,https://www.marketscan.com/mdesking-landing-page-fundable/,Product,Do not migrate,Sales solutions,Inform and activate the right offer,Pricing and offer optimization,/Pricing analytics|/Incentive optimization|/Retail payment and affordability analysis,/Dealer platform,,,,,,,/Price pressure|/Incentive changes,,/New vehicles|/Used vehicles,/Automotive dealers and retailers|/Automotive OEMs,/Dealer / retailer|/OEM strategist,/Activate and execute,,/Workflow tool,,/Market Scan,North America,North America,United States
https://www.mobilityglobal.com/en-us/products/retail-transaction,https://www.marketscan.com/mscanapi-landing-page/,Product,Do not migrate,Sales solutions,Inform and activate the right offer,Pricing and offer optimization,/Pricing analytics|/Incentive optimization|/Retail payment and affordability analysis,/Dealer platform,,,,,,,/Incentive changes,,/New vehicles|/Used vehicles,/Automotive dealers and retailers|/Automotive OEMs,/Dealer / retailer|/OEM strategist,/Activate and execute,,/API delivered asset,,/Market Scan,North America,North America,United States
https://www.mobilityglobal.com/en-us/products/retail-benchmarking,https://www.marketscan.com/mscope-landing-page/,Product,Do not migrate,Sales solutions,Asses and react to the market,Benchmarking and market performance,/Market trend and performance analysis|/Competitive benchmarking,/Analytics platform,,,,,,,/Demand shifts|/Price pressure,,/New vehicles|/Used vehicles,/Automotive dealers and retailers,/Dealer / retailer,/Diagnose and compare,,/Dashboard module,,/Market Scan,North America,North America,United States
https://www.mobilityglobal.com/en-us/products/retail-price-data-enrichment,New product page,Product,Manual,Sales solutions,Inform and activate the right offer,Pricing and offer optimization,/Pricing analytics|/Incentive optimization|/Retail payment and affordability analysis,,,,,,,,,,/New vehicles|/Used vehicles,/Automotive dealers and retailers|/Automotive OEMs,,"/Diagnose and compare
/Activate and execute",,,,/Market Scan,North America,North America,United States
https://www.mobilityglobal.com/en-us/industry/dealers,https://www.marketscan.com/solutions/dealers,Product,0,Sales solutions,Asses and react to the market|Find the right customers|Inform and activate the right offer,Sales and marketing effectiveness|Pricing and offer optimization|Consumer and audience intelligence,/Pricing analytics|/Incentive optimization|/Dealer and retail network analysis|/Retail payment and affordability analysis,/Dealer platform,,,,,,,/Price pressure|/Incentive changes,,/New vehicles|/Used vehicles,/Automotive dealers and retailers,/Dealer / retailer,/Activate and execute|/Monitor and optimize,,/Workflow tool,,/Market Scan,North America,North America,United States
https://www.mobilityglobal.com/en-us/campaign/automotive-scenario-planning,https://www.spglobal.com/automotive-insights/en/automotive-scenario-planning,Product,0,Planning solutions,Plan the market,Forecasting and planning,/Scenario planning,,Strategic advisory,,,,,,,,,/Automotive OEMs,/OEM strategist|/Product planner,/Plan and forecast,,/Forecast model,,/Polk Automotive Solutions,,,
https://www.mobilityglobal.com/en-us/campaign/fast-automotive-market-forecasting,https://www.spglobal.com/automotive-insights/en/fast-automotive-market-forecasting,Product,Automatic,Planning solutions,Plan the market|Target business opportunities,Forecasting and planning,/Market and sales forecasting|/Production forecasting|/Scenario planning,/Analytics platform,,,,,,,/Demand shifts,,/Light vehicles|/Commercial vehicles,/Automotive OEMs,/OEM strategist|/Product planner,/Plan and forecast,,/Dashboard module,,/Polk Automotive Solutions,,,
https://www.mobilityglobal.com/en-us/products/auto-insurance-shopper-insights,https://www.spglobal.com/mobility/en/products/auto-insurance-shopper-insights.html,Product,Manual,Sales solutions,Find the right customers,Consumer and audience intelligence,/Audience targeting and prospects|/Consumer insights,,,,,,,,,,,,/Leasing / financial services|/Insurance analyst / underwriter,/Activate and execute,,/Dataset,,/Polk Automotive Solutions,,,
https://www.mobilityglobal.com/en-us/products/commercial-vehicle-insight-analytical-prospecting-tool,https://www.spglobal.com/mobility/en/products/commercial-vehicle-insight-analytical-prospecting-tool.html,Product,Manual,Sales solutions,Find the right customers,Sales and marketing effectiveness,/Audience targeting and prospects,,Marketing services,,,,,,,,/Commercial vehicles|/Heavy-duty trucks,/Automotive dealers and retailers,/Dealer / retailer,/Activate and execute,,/Query tool,,/Polk Automotive Solutions,,,
https://www.mobilityglobal.com/en-us/products/market-scan/market-impact,Market Impact,Product,Manual,Sales solutions,Assess and react to the market,"Loyalty
Sales and marketing effectiveness","Consumer insights
Registration and sales benchmarking
Share and mix analysis",,Custom reporting,North America,North America,United States,,,,,Demand shifts,,"Automotive OEMs
Automotive dealers and retailers
Dealer / retailer
Light vehicles",Monitor and optimize,,Visualization,,Polk Automotive Solutions,,,
https://www.mobilityglobal.com/en-us/products/automotive-planning-forecasting,https://www.spglobal.com/mobility/en/products/automotive-planning-forecasting.html,Product,Automatic,Planning solutions,"Plan the market
Plan the vehicle
Target business opportunities","Forecasting and planning
Technology and electrification intelligence","Autonomous and connected vehicle analysis
Component forecasts
EV and electrification forecasting
Feature and component benchmarking
Fleet analysis
Market and sales forecasting
Market demand modeling
Powertrain and propulsion forecasting
Production forecasting
Technology and feature forecasting
Vehicle parts fitment and planning",Analytics platform,"Compliance advisory
Strategic advisory",,,,,"Automotive consumer demand
Automotive industry forecast and analysis
Automotive parts and components
Automotive supply chain risk management
Autonomous vehicles and ADAS
Connected cars and vehicles
EV adoption
Regulations and compliance
Software defined vehicles (SDV)
Vehicle production forecasts","Automotive industry forecast and analysis
Commercial vehicle market
Electric vehicle industry
Future of mobility
Scenario planning insights
Software-defined vehicles",,,"Automotive OEMs
Autonomous vehicles (AVs)
Business development
Commercial vehicles
Electric vehicles (EVs)
Fleet / rental
Fleet management and leasing
Heavy-duty trucks
Hybrid vehicles
Internal combustion engine vehicles (ICE)
Light vehicles
OEM strategist
Product planner",,Plan and forecast,,Forecast model,,,,,
https://www.mobilityglobal.com/en-us/products/automotive-light-vehicle-electric-propulsion-forecasts,https://www.spglobal.com/mobility/en/products/automotive-light-vehicle-electric-propulsion-forecasts.html,Product,Manual,Planning solutions,"Plan the market
Plan the vehicle
Target business opportunities","Benchmarking and market performance
Forecasting and planning
Technology and electrification intelligence","EV and electrification forecasting
Feature and component benchmarking
Powertrain and propulsion forecasting
Production forecasting
Supplier and component analysis
Technology and feature forecasting",Analytics platform,Custom reporting,,,,,"Automotive parts and components
Automotive supply chain disruption and resilience
Automotive supply chain risk management
Competitive landscape
Global automotive markets
Market volatility trends
Vehicle production forecasts","Automotive industry forecast and analysis
Automotive supply chain
Electric vehicle industry",,,"Automotive OEMs
Automotive aftermarket
Automotive suppliers and supply chain
Business development
Competitive intelligence
Electric vehicles (EVs)
Hybrid vehicles
Internal combustion engine vehicles (ICE)
Light vehicles
OEM strategist
Product planner
Technical specialists",,Plan and forecast,,Forecast model,,,,,
https://www.mobilityglobal.com/en-us/products/automotive-light-vehicle-engine-forecasts,https://www.spglobal.com/mobility/en/products/automotive-light-vehicle-engine-forecasts.html,Product,Manual,Planning solutions,"Plan the market
Plan the vehicle
Target business opportunities","Benchmarking and market performance
Forecasting and planning
Technology and electrification intelligence","EV and electrification forecasting
Feature and component benchmarking
Powertrain and propulsion forecasting
Production forecasting
Supplier and component analysis
Technology and feature forecasting",Analytics platform,Custom reporting,,,,,"Automotive parts and components
Automotive supply chain disruption and resilience
Automotive supply chain risk management
Competitive landscape
Global automotive markets
Market volatility trends
Vehicle production forecasts","Automotive industry forecast and analysis
Automotive supply chain
Electric vehicle industry",,,"Automotive OEMs
Automotive aftermarket
Automotive suppliers and supply chain
Business development
Competitive intelligence
Electric vehicles (EVs)
Hybrid vehicles
Internal combustion engine vehicles (ICE)
Light vehicles
OEM strategist
Product planner
Technical specialists",,Plan and forecast,,Forecast model,,,,,
https://www.mobilityglobal.com/en-us/products/automotive-loyalty-conquest-analytics,https://www.spglobal.com/mobility/en/products/automotive-loyalty-conquest-analytics.html,Product,Manual,Sales solutions,"Find the right customers
Inform and activate the right offer
Maximize marketing ROI",Loyalty,"Customer loyalty and retention analysis
Identify missed opportunities",Analytics platform,Custom reporting,,,,,"Competitive landscape
Consumer behavior insights
Dealer and retail trends
Demographic trends
Loyalty
Market segmentation insights",Automotive consumer trends,,,"Automotive OEMs
Automotive aftermarket
Automotive dealers and retailers
Dealer / retailer
Leasing / financial services
Light vehicles",,Monitor and optimize,,Dashboard module,,,North America,North America,United States
https://www.mobilityglobal.com/en-us/products/demand,https://www.spglobal.com/mobility/en/products/demand.html,Product,Manual,Planning solutions,"Manage the supply chain
Plan the market
Plan the vehicle
Target business opportunities","Benchmarking and market performance
Forecasting and planning
Vehicle lifecycle and aftermarket intelligence","Credit and lending trends
Market demand modeling
Market trend and performance analysis
Registration and sales benchmarking
Registration data intelligence",Analytics platform,Custom reporting,,,,,"Automotive consumer demand
Competitive landscape
Demographic trends
EV adoption
Global automotive markets
Market segmentation insights
Market volatility trends",Automotive industry forecast and analysis,,,"Automotive OEMs
Automotive aftermarket
Automotive financial services and investors
Automotive suppliers and supply chain
Business development
Electric vehicles (EVs)
Hybrid vehicles
Leasing / financial services
Light vehicles
New vehicles
Product planner
Used vehicles",,Explore and understand,,Dataset,,,,,
https://www.mobilityglobal.com/en-us/products/fleet-audiences,https://www.spglobal.com/mobility/en/products/fleet-audiences.html,Product,Manual,Sales solutions,"Assess and react to the market
Find the right customers","Consumer and audience intelligence
Sales and marketing effectiveness","Vehicle identification
Vehicle in use analysis",Analytics platform,Custom reporting,,,,,Consumer behavior insights,Commercial vehicle market,,,"Commercial vehicles
Fleet management and leasing",,Monitor and optimize,,Dataset,,,North America,North America,United States
https://www.mobilityglobal.com/en-us/products/light-vehicle-sales-forecasts,https://www.spglobal.com/mobility/en/products/light-vehicle-sales-forecasts.html,Product,Manual,Planning solutions,"Manage the supply chain
Plan the market
Plan the vehicle
Target business opportunities","Benchmarking and market performance
Forecasting and planning","Competitive benchmarking
Market and sales forecasting
Market demand modeling
Market trend and performance analysis
Registration and sales benchmarking
Scenario planning",Analytics platform,Custom reporting,,,,,"Automotive consumer demand
Automotive industry forecast and analysis
Competitive landscape
Consumer behavior insights
EV adoption
Global automotive markets
Market segmentation insights
Market volatility trends","Automotive industry forecast and analysis
Plan the market
Target business opportunities",,,"Automotive OEMs
Automotive aftermarket
Automotive financial services and investors
Automotive suppliers and supply chain
Business development
Competitive intelligence
Electric vehicles (EVs)
Hybrid vehicles
Internal combustion engine vehicles (ICE)
Leasing / financial services
Light vehicles
OEM strategist
Product planner
Used vehicles",,Plan and forecast,,Forecast model,,,,,
https://www.mobilityglobal.com/en-us/products/auto-credit-insight,https://www.spglobal.com/mobility/en/products/autocreditinsight.html,Product,Manual,Sales solutions,Inform and activate the right offer,Pricing and offer optimization,"Audience targeting and prospects
Credit and lending trends
Customer loyalty and retention analysis
Market trend and performance analysis
Retail payment and affordability analysis",Analytics platform,Custom reporting,,,,,Automotive consumer demand,Automotive consumer trends,,,"Automotive OEMs
Automotive dealers and retailers
Automotive financial services and investors
Leasing / financial services
Light vehicles
New vehicles
Used vehicles",,Monitor and optimize,,Query tool,,,North America,North America,United States
https://www.mobilityglobal.com/en-us/products/auto-intelligence-suite,https://www.spglobal.com/mobility/en/products/autointelligence-suite.html,Product,Manual,Planning solutions,"Plan the market
Target business opportunities","Benchmarking and market performance
Forecasting and planning
Technology and electrification intelligence","Market trend and performance analysis
Supplier and component analysis",Analytics platform,Custom reporting,,,,,"Automotive circular economy
Automotive industry forecast and analysis
Automotive parts and components
Automotive semiconductors
Automotive supply chain disruption and resilience
Automotive supply chain risk management
Automotive sustainability and ESG
Automotive tariffs and trade policy
Autonomous vehicles and ADAS
CO2 and fuel economy modeling
Competitive landscape
Connected cars and vehicles
Demographic trends
EV adoption
EV battery technology
EV charging infrastructure
Fraud and risk prevention
Global automotive markets
Market volatility trends
Mobility business models (Subscription, MaaS)
Regulations and compliance
Software defined vehicles (SDV)
Vehicle production forecasts
Vehicle recalls and safety
Vehicle residual value and lifecycle impact","Automotive consumer trends
Automotive industry forecast and analysis
Automotive supply chain
Automotive sustainability
Automotive tariffs
Commercial vehicle market
EV battery technology
Electric vehicle industry
Future of mobility
Scenario planning insights
Software-defined vehicles
Supply chain resilience",,,"Aftermarket provider
Automotive OEMs
Automotive advertising and media
Automotive aftermarket
Automotive dealers and retailers
Automotive financial services and investors
Automotive insurance and risk management
Automotive suppliers and supply chain
Autonomous vehicles (AVs)
Business development
Commercial due diligence
Commercial vehicles
Competitive intelligence
Dealer / retailer
Electric vehicles (EVs)
Energy, utilities and charging infrastructure
Fleet / rental
Fleet management and leasing
Fleet manager
Government / policy maker
Government and regulators
Heavy-duty trucks
Hybrid vehicles
Insurance analyst / underwriter
Internal combustion engine vehicles (ICE)
Leasing / financial services
Light vehicles
Market analyst
Marketing and media agencies
Motorcycles and powersports
New vehicles
OEM strategist
Other
Performance vehicles
Procurement
Product planner
Sector and company analysts
Specialty vehicles
Supply chain analyst
Technical specialists
Technology and mobility providers
Used vehicles",,Explore and understand,,Query tool,,,"ASEAN
Central Europe
East Europe
Greater China
Indian Subcontinent
Japan/Korea
Middle East/Africa
North America
Oceania
South America
West Europe","Europe
Greater China
Japan/Korea
Middle East/Africa
North America
South America
South Asia",
https://www.mobilityglobal.com/en-us/products/automotive-carbon-accounting,https://www.spglobal.com/mobility/en/products/automotive-carbon-accounting.html,Product,Manual,Planning solutions,"Manage the supply chain
Plan the market
Plan the vehicle
Target business opportunities",Benchmarking and market performance,"Compliance verification
Sustainability and ESG analytics
Vehicle in use analysis",Analytics platform,"Compliance advisory
Custom reporting",,,,,"Automotive sustainability and ESG
CO2 and fuel economy modeling",Automotive sustainability,,,"Automotive OEMs
Automotive aftermarket
Automotive financial services and investors
Automotive suppliers and supply chain
Commercial vehicles
Competitive intelligence
Electric vehicles (EVs)
Hybrid vehicles
Internal combustion engine vehicles (ICE)
Light vehicles
OEM strategist
Product planner
Used vehicles",,Explore and understand,,Dataset,,,,,
https://www.mobilityglobal.com/en-us/products/automotive-class-action-and-litigation-service,https://www.spglobal.com/mobility/en/products/automotive-class-action-and-litigation-service.html,Product,Manual,Sales solutions,Identify vehicle ownership and recall,"Consumer and audience intelligence
Risk and compliance management","Class action notification
Registration data intelligence
Vehicle in use analysis",Analytics platform,Custom reporting,,,,,"Regulations and compliance
Vehicle recalls and safety",Automotive consumer trends,,,Other,,Explore and understand,,Dataset,,,North America,North America,United States
https://www.mobilityglobal.com/en-us/products/automotive-consulting-services,https://www.spglobal.com/mobility/en/products/automotive-consulting-services.html,Product,Manual,Planning solutions,"Manage the supply chain
Plan the market
Plan the vehicle
Target business opportunities","Benchmarking and market performance
Consumer and audience intelligence
Forecasting and planning
Risk and compliance management
Technology and electrification intelligence
Vehicle lifecycle and aftermarket intelligence","Competitive benchmarking
Component forecasts
EV and electrification forecasting
Feature and component benchmarking
Market and sales forecasting
Market demand modeling
Market trend and performance analysis
Powertrain and propulsion forecasting
Production forecasting
Registration and sales benchmarking
Registration data intelligence
Scenario planning
Supplier and component analysis
Sustainability and ESG analytics
Technology and feature forecasting",Analytics platform,Custom reporting,,,,,"Automotive consumer demand
Automotive industry forecast and analysis
Automotive parts and components
Automotive semiconductors
Automotive supply chain disruption and resilience
Automotive supply chain risk management
Automotive sustainability and ESG
Automotive tariffs and trade policy
Autonomous vehicles and ADAS
CO2 and fuel economy modeling
Competitive landscape
Connected cars and vehicles
Demographic trends
EV adoption
EV battery technology
EV charging infrastructure
Global automotive markets
Market segmentation insights
Market volatility trends
Regulations and compliance
Software defined vehicles (SDV)
Vehicle production forecasts","Automotive industry forecast and analysis
Automotive supply chain
Automotive sustainability
Automotive tariffs
Commercial vehicle market
EV battery technology
Electric vehicle industry
Future of mobility
Scenario planning insights
Software-defined vehicles
Supply chain resilience",,,"Aftermarket provider
Automotive OEMs
Automotive aftermarket
Automotive financial services and investors
Automotive suppliers and supply chain
Business development
Commercial vehicles
Competitive intelligence
Electric vehicles (EVs)
Heavy-duty trucks
Hybrid vehicles
Internal combustion engine vehicles (ICE)
Light vehicles
OEM strategist
Procurement
Product planner
Supply chain analyst
Technical specialists
Technology and mobility providers
Used vehicles",,Plan and forecast,,Dataset,,,,,
https://www.mobilityglobal.com/en-us/products/automotive-consumer-insights,https://www.spglobal.com/mobility/en/products/automotive-consumer-insights.html,Product,Manual,Planning solutions,"Plan the vehicle
Target business opportunities",Consumer and audience intelligence,Consumer insights,,Strategic advisory,,,,,"Automotive consumer demand
Autonomous vehicles and ADAS
Connected cars and vehicles
Consumer behavior insights
EV adoption","Automotive consumer trends
Future of mobility",,,"Autonomous vehicles (AVs)
Electric vehicles (EVs)
Hybrid vehicles
Internal combustion engine vehicles (ICE)
Light vehicles
OEM strategist
Product planner",,Explore and understand,,,,,"ASEAN
Greater China
Indian Subcontinent
Japan/Korea
North America
South America
West Europe","Europe
Greater China
Japan/Korea
North America
South America
South Asia","Brazil
Germany
India
Japan
Mainland China
South Korea
Thailand
United Kingdom
United States"
https://www.mobilityglobal.com/en-us/products/automotive-market-data-analysis,https://www.spglobal.com/mobility/en/products/automotive-market-data-analysis.html,Product,Manual,Planning solutions,"Manage the supply chain
Plan the market
Plan the vehicle
Target business opportunities","Benchmarking and market performance
Forecasting and planning","Competitive benchmarking
Market and sales forecasting
Market demand modeling
Market trend and performance analysis
Registration and sales benchmarking
Registration data intelligence
Vehicle in use analysis",Analytics platform,Custom reporting,,,,,"Automotive consumer demand
Competitive landscape
Global automotive markets
Market volatility trends","Automotive consumer trends
Automotive industry forecast and analysis
Automotive supply chain",,,"Automotive OEMs
Automotive suppliers and supply chain
Business development
Competitive intelligence
Electric vehicles (EVs)
Hybrid vehicles
Internal combustion engine vehicles (ICE)
Light vehicles
Market analyst
OEM strategist
Product planner
Used vehicles",,Explore and understand,,Dataset,,,,,
https://www.mobilityglobal.com/en-us/products/automotive-truck-commercial-vehicle-forecasts,https://www.spglobal.com/mobility/en/products/automotive-truck-commercial-vehicle-forecasts.html,Product,Manual,Planning solutions,"Plan the market
Plan the vehicle
Target business opportunities","Benchmarking and market performance
Forecasting and planning
Technology and electrification intelligence","Competitive benchmarking
EV and electrification forecasting
Feature and component benchmarking
Market and sales forecasting
Powertrain and propulsion forecasting
Production forecasting
Supplier and component analysis
Technology and feature forecasting",Analytics platform,Custom reporting,,,,,"Automotive consumer demand
Automotive parts and components
Automotive supply chain disruption and resilience
Automotive supply chain risk management
Competitive landscape
Global automotive markets
Market volatility trends
Vehicle production forecasts","Automotive industry forecast and analysis
Automotive supply chain
Commercial vehicle market
Electric vehicle industry",,,"Automotive OEMs
Business development
Commercial vehicles
Competitive intelligence
Electric vehicles (EVs)
Heavy-duty trucks
Internal combustion engine vehicles (ICE)
OEM strategist
Product planner",,Plan and forecast,,Forecast model,,,,,
https://www.mobilityglobal.com/en-us/products/commercial-vehicle-aftermarket-parts-report,https://www.spglobal.com/mobility/en/products/commercial-vehicle-aftermarket-parts-report.html,Product,Manual,Sales solutions,Assess and react to the market,Vehicle lifecycle and aftermarket intelligence,"Aftermarket performance analysis
Market trend and performance analysis",,Custom reporting,,,,,,,,,"Aftermarket provider
Automotive aftermarket",,,,,,,North America,North America,United States
https://www.mobilityglobal.com/en-us/products/commercial-vehicle-insight-intelligence,https://www.spglobal.com/mobility/en/products/commercial-vehicle-insight-intelligence.html,Product,Manual,Sales solutions,"Assess and react to the market
Plan the market
Target business opportunities","Benchmarking and market performance
Forecasting and planning","Market trend and performance analysis
Production forecasting
Registration and sales benchmarking
Registration data intelligence
Share and mix analysis",,Custom reporting,,,,,,,,,"Automotive OEMs
Commercial vehicles
Fleet management and leasing
OEM strategist",,,,,,,"ASEAN
Central Europe
East Europe
Greater China
Indian Subcontinent
Japan/Korea
Middle East/Africa
North America
Oceania
South America
West Europe","Europe
Greater China
Japan/Korea
Middle East/Africa
North America
South America
South Asia",
https://www.mobilityglobal.com/en-us/products/light-vehicle-scenario-forecast,https://www.spglobal.com/mobility/en/products/light-vehicle-scenario-forecast.html,Product,Manual,Planning solutions,"Manage the supply chain
Plan the market
Plan the vehicle
Target business opportunities","Benchmarking and market performance
Forecasting and planning",Scenario planning,Analytics platform,Custom reporting,,,,,"Automotive industry forecast and analysis
Automotive supply chain disruption and resilience
Automotive supply chain risk management
Competitive landscape
Vehicle production forecasts",Scenario planning insights,,,"Automotive OEMs
Automotive suppliers and supply chain
Business development
Competitive intelligence
Electric vehicles (EVs)
Hybrid vehicles
Internal combustion engine vehicles (ICE)
Light vehicles
OEM strategist
Product planner
Supply chain analyst",,Plan and forecast,,Forecast model,,,,,
https://www.mobilityglobal.com/en-us/products/lv-sales-demand-simulation-tool,https://www.spglobal.com/mobility/en/products/lv-sales-demand-simulation-tool.html,Product,Manual,Planning solutions,"Manage the supply chain
Plan the market
Plan the vehicle
Target business opportunities","Benchmarking and market performance
Forecasting and planning",Scenario planning,Analytics platform,Custom reporting,,,,,"Automotive industry forecast and analysis
Automotive supply chain disruption and resilience
Automotive supply chain risk management
Competitive landscape
Vehicle production forecasts",Scenario planning insights,,,"Automotive OEMs
Automotive suppliers and supply chain
Business development
Competitive intelligence
Electric vehicles (EVs)
Hybrid vehicles
Internal combustion engine vehicles (ICE)
Light vehicles
OEM strategist
Product planner
Supply chain analyst",,Plan and forecast,,Forecast model,,,,,
https://www.mobilityglobal.com/en-us/products/market-impact-training-videos,https://www.spglobal.com/mobility/en/products/market-impact-training-videos.html,Product,Manual,Sales solutions,"Assess and react to the market
Plan the market","Benchmarking and market performance
Sales and marketing effectiveness","Market trend and performance analysis
Registration and sales benchmarking
Share and mix analysis",,,,,,,,,,,"Dealer / retailer
Light vehicles
Market analyst",,,,,,,North America,North America,United States
https://www.mobilityglobal.com/en-us/products/medium-heavy-vehicle-model,https://www.spglobal.com/mobility/en/products/medium-heavy-vehicle-model.html,Product,Manual,Planning solutions,"Manage the supply chain
Plan the market
Plan the vehicle
Target business opportunities",Forecasting and planning,Market and sales forecasting,Analytics platform,Custom reporting,,,,,"Automotive consumer demand
Automotive supply chain disruption and resilience
Automotive supply chain risk management
Automotive sustainability and ESG
Competitive landscape
Demographic trends
Global automotive markets
Market volatility trends","Automotive industry forecast and analysis
Automotive supply chain
Commercial vehicle market",,,Commercial vehicles,,Plan and forecast,,Forecast model,,,,,
https://www.mobilityglobal.com/en-us/products/mhcv-alternative-propulsion,https://www.spglobal.com/mobility/en/products/mhcv-alternative-propulsion.html,Product,Manual,Planning solutions,"Manage the supply chain
Plan the market
Plan the vehicle
Target business opportunities",Forecasting and planning,Powertrain and propulsion forecasting,Analytics platform,Custom reporting,,,,,"Automotive consumer demand
Automotive supply chain disruption and resilience
Automotive supply chain risk management
Automotive sustainability and ESG
Competitive landscape
Demographic trends
Global automotive markets
Market volatility trends","Automotive industry forecast and analysis
Automotive supply chain
Commercial vehicle market",,,Commercial vehicles,,Plan and forecast,,Forecast model,,,,,
https://www.mobilityglobal.com/en-us/products/mhcv-export-forecast,https://www.spglobal.com/mobility/en/products/mhcv-export-forecast.html,Product,Manual,Planning solutions,"Manage the supply chain
Plan the market
Plan the vehicle
Target business opportunities",Forecasting and planning,"Competitive benchmarking
Market demand modeling
Market trend and performance analysis
Production forecasting
Scenario planning",Analytics platform,Custom reporting,,,,,"Automotive consumer demand
Automotive supply chain disruption and resilience
Automotive supply chain risk management
Automotive sustainability and ESG
Competitive landscape
Demographic trends
Global automotive markets
Market volatility trends","Automotive industry forecast and analysis
Automotive supply chain
Commercial vehicle market",,,Commercial vehicles,,Plan and forecast,,Forecast model,,,,,
https://www.mobilityglobal.com/en-us/products/mhcv-plant-capacity-forecast,https://www.spglobal.com/mobility/en/products/mhcv-plant-capacity-forecast.html,Product,Manual,Planning solutions,"Plan the market
Plan the vehicle",Forecasting and planning,"Market demand modeling
Production forecasting
Scenario planning",Analytics platform,Strategic advisory,,,,,"Automotive industry forecast and analysis
Regulations and compliance","Automotive industry forecast and analysis
Commercial vehicle market",,,"Automotive OEMs
Commercial vehicles
Fleet manager",,Plan and forecast,,Forecast model,,,"ASEAN
Central Europe
East Europe
Greater China
Indian Subcontinent
Japan/Korea
Middle East/Africa
North America
Oceania
South America
West Europe",,
https://www.mobilityglobal.com/en-us/products/mobility-and-energy-service,https://www.spglobal.com/mobility/en/products/mobility-and-energy-service.html,Product,Manual,Planning solutions,"Plan the market
Target business opportunities","Forecasting and planning
Technology and electrification intelligence","Autonomous and connected vehicle analysis
Charging and infrastructure analysis
Component forecasts
EV and electrification forecasting
Market demand modeling
Powertrain and propulsion forecasting
Technology and feature forecasting",Analytics platform,Strategic advisory,,,,,"Automotive consumer demand
Consumer behavior insights
Software defined vehicles (SDV)","Automotive industry forecast and analysis
EV battery technology
Electric vehicle industry
Future of mobility
Software-defined vehicles",,,"Energy, utilities and charging infrastructure
Technology and mobility providers",,Plan and forecast,,Forecast model,,,"ASEAN
Central Europe
East Europe
Greater China
Indian Subcontinent
Japan/Korea
Middle East/Africa
North America
Oceania
South America
West Europe",,
https://www.mobilityglobal.com/en-us/products/mobility-insight,https://www.spglobal.com/mobility/en/products/mobilityinsight.html,Product,Manual,Planning solutions,"Plan the market
Plan the vehicle",Forecasting and planning,"Autonomous and connected vehicle analysis
EV and electrification forecasting
Market trend and performance analysis
Production forecasting
Scenario planning
Sustainability and ESG analytics
Technology and feature forecasting",Analytics platform,Strategic advisory,,,,,"Automotive consumer demand
Automotive industry forecast and analysis
Automotive sustainability and ESG
Autonomous vehicles and ADAS
Connected cars and vehicles
EV adoption
Mobility business models (Subscription, MaaS)
Software defined vehicles (SDV)","Automotive consumer trends
Future of mobility",,,"Business development
Electric vehicles (EVs)
Hybrid vehicles
Light vehicles
Product planner
Technical specialists
Technology and mobility providers",,Explore and understand,,Forecast model,,,"Central Europe
Greater China
Indian Subcontinent
North America",,
https://www.mobilityglobal.com/en-us/products/polk-auto-direct,https://www.spglobal.com/mobility/en/products/polk-auto-direct.html,Product,Manual,Sales solutions,Find the right customers,Consumer and audience intelligence,Audience targeting and prospects,Dealer platform,Marketing services,,,,,,,,,,,Activate and execute,,,,Polk Automotive Solutions,North America,North America,United States
https://www.mobilityglobal.com/en-us/products/polk-automotive-solutions,https://www.spglobal.com/mobility/en/products/polk-automotive-solutions.html,Product,Manual,Sales solutions,"Find the right customers
Inform and activate the right offer
Maximize marketing ROI","Consumer and audience intelligence
Sales and marketing effectiveness","Audience targeting and prospects
Campaign performance and attribution
Media investment optimization",Dealer platform,Marketing services,,,,,,,,,,,Activate and execute,,,,Polk Automotive Solutions,North America,North America,United States
https://www.mobilityglobal.com/en-us/products/powersports,https://www.spglobal.com/mobility/en/products/powersports.html,Product,Manual,Sales solutions,"Assess and react to the market
Find the right customers","Consumer and audience intelligence
Loyalty
Sales and marketing effectiveness","Audience targeting and prospects
Consumer insights
Customer loyalty and retention analysis
Return to market analysis",,"Custom reporting
Marketing services",,,,,,,,,Motorcycles and powersports,,Monitor and optimize,,Dashboard module,,,North America,North America,United States
https://www.mobilityglobal.com/en-us/products/recall-dealer-solution,https://www.spglobal.com/mobility/en/products/recall-dealer-solution.html,Product,Manual,Sales solutions,"Assess and react to the market
Find the right customers
Identify vehicle ownership and recall
Inform and activate the right offer","Consumer and audience intelligence
Loyalty
Recall, VIN and aftermarket solutions","Consumer insights
Dealer and retail network analysis
Registration and sales benchmarking
Vehicle recall identification and management",Dealer platform,Custom reporting,,,,,"Dealer and retail trends
Vehicle recalls and safety",,,,"Dealer / retailer
Light vehicles
Other",,Explore and understand,,Dataset,,,North America,,
https://www.mobilityglobal.com/en-us/products/sales-based-powertrain-forecast,https://www.spglobal.com/mobility/en/products/sales-based-powertrain-forecast.html,Product,Manual,Planning solutions,"Manage the supply chain
Plan the vehicle",Forecasting and planning,Powertrain and propulsion forecasting,Analytics platform,Custom reporting,,,,,,,,,"Automotive OEMs
Automotive suppliers and supply chain
Light vehicles
OEM strategist
Product planner",,Plan and forecast,,Dataset,,,"Central Europe
Greater China
Indian Subcontinent
North America
West Europe","Europe
Greater China
North America","Australia
Brazil
Canada
France
Germany
India
Italy
Mainland China
Netherlands
Norway
Spain
Sweden
United Kingdom
United States"
https://www.mobilityglobal.com/en-us/products/software-defined-vehicles,https://www.spglobal.com/mobility/en/products/software-defined-vehicles.html,Product,Manual,Planning solutions,"Manage the supply chain
Plan the vehicle",Technology and electrification intelligence,"Autonomous and connected vehicle analysis
Technology and feature forecasting",,Custom reporting,,,,,,,,,"Automotive OEMs
Automotive suppliers and supply chain
Light vehicles
OEM strategist
Procurement
Product planner
Supply chain analyst",,Diagnose and compare,,,,,"ASEAN
Central Europe
East Europe
Greater China
Indian Subcontinent
Japan/Korea
Middle East/Africa
North America
Oceania
South America
West Europe","Europe
Greater China
North America",
https://www.mobilityglobal.com/en-us/products/autotech-insight,https://www.spglobal.com/mobility/en/products/autotechinsight.html,Product,Manual,Planning solutions,"Manage the supply chain
Plan the vehicle",Technology and electrification intelligence,"Autonomous and connected vehicle analysis
EV and electrification forecasting
Technology and feature forecasting
ele",Analytics platform,Custom reporting,,,,,,,,,"Automotive OEMs
Automotive financial services and investors
Automotive suppliers and supply chain
Autonomous vehicles (AVs)
Competitive intelligence
Electric vehicles (EVs)
Government / policy maker
Government and regulators
Light vehicles
Market analyst
OEM strategist
Procurement
Product planner
Supply chain analyst
Technical specialists
Technology and mobility providers",,Explore and understand,,,,,"ASEAN
Central Europe
East Europe
Greater China
Indian Subcontinent
Japan/Korea
Middle East/Africa
North America
Oceania
South America
West Europe","Europe
Greater China
Japan/Korea
Middle East/Africa
North America
South America
South Asia","Algeria
Angola
Argentina
Australia
Austria
Bahamas
Bahrain
Barbados
Belarus
Belgium
Belize
Benin
Bermuda
Bolivia
Bosnia-Herzegovina
Botswana
Brazil
Bulgaria
Burkina Faso
Burundi
Cambodia
Cameroon
Canada
Cape Verde
Central African Republic
Chad
Chile
Colombia
Comoros
Costa Rica
Croatia
Cuba
Cyprus
Czech Republic
Democratic Republic of Congo
Denmark
Djibouti
Dominican Republic
Ecuador
Egypt
El Salvador
Equatorial Guinea
Eritrea
Estonia
Ethiopia
Finland
France
Gabon
Gambia
Georgia
Germany
Ghana
Greece
Guatemala
Guinea
Guinea Bissau
Haiti
Honduras
Hong Kong
Hungary
Iceland
India
Indonesia
Iran
Ireland
Israel
Italy
Ivory Coast
Jamaica
Japan
Jordan
Kazakhstan
Kenya
Kuwait
Latvia
Lebanon
Liberia
Libya
Liechtenstein
Lithuania
Luxembourg
Madagascar
Mainland China
Malawi
Malaysia
Mali
Malta
Mauritania
Mauritius
Mexico
Moldova
Morocco
Mozambique
Namibia
Netherlands
Netherlands Antilles
New Caledonia
New Zealand
Nicaragua
Niger
Nigeria
North Macedonia
Norway
Oman
Other Caribbean
Pakistan
Panama
Papua New Guinea
Paraguay
Peru
Philippines
Poland
Portugal
Puerto Rico
Qatar
Republic of Congo
Rest of World
Reunion
Romania
Russia
Rwanda
Sao Tome And Principe
Saudi Arabia
Senegal
Serbia
Seychelles
Sierra Leone
Singapore
Slovakia
Slovenia
Somalia
South Africa
South Korea
Spain
Sudan
Sweden
Switzerland
Taiwan
Tanzania
Thailand
Togo
Trinidad & Tobago
Tunisia
Turkey
Uganda
Ukraine
United Arab Emirates
United Kingdom
United States
Uruguay
Uzbekistan
Venezuela
Vietnam
Zambia
Zimbabwe"
https://www.mobilityglobal.com/en-us/products/global-auto-demand-tracker,https://www.spglobal.com/mobility/en/products/global-auto-demand-tracker.html,Product,Manual,Planning solutions,"Plan the market
Target business opportunities",Benchmarking and market performance,"Competitive benchmarking
Market demand modeling
Market trend and performance analysis
Registration and sales benchmarking",Analytics platform,Custom reporting,,,,,,,,,"Aftermarket provider
Automotive OEMs
Automotive aftermarket
Automotive financial services and investors
Automotive suppliers and supply chain
Business development
Competitive intelligence
Energy, utilities and charging infrastructure
Government / policy maker
Government and regulators
Light vehicles
Market analyst
OEM strategist
Product planner",,Explore and understand,,,,,"ASEAN
Central Europe
East Europe
Greater China
Indian Subcontinent
Japan/Korea
Middle East/Africa
North America
Oceania
South America
West Europe","Europe
Greater China
Japan/Korea
Middle East/Africa
North America
South America
South Asia","Algeria
Angola
Argentina
Australia
Austria
Bahamas
Bahrain
Barbados
Belarus
Belgium
Belize
Benin
Bermuda
Bolivia
Bosnia-Herzegovina
Botswana
Brazil
Bulgaria
Burkina Faso
Burundi
Cambodia
Cameroon
Canada
Cape Verde
Central African Republic
Chad
Chile
Colombia
Comoros
Costa Rica
Croatia
Cuba
Cyprus
Czech Republic
Democratic Republic of Congo
Denmark
Djibouti
Dominican Republic
Ecuador
Egypt
El Salvador
Equatorial Guinea
Eritrea
Estonia
Ethiopia
Finland
France
Gabon
Gambia
Georgia
Germany
Ghana
Greece
Guatemala
Guinea
Guinea Bissau
Haiti
Honduras
Hong Kong
Hungary
Iceland
India
Indonesia
Iran
Ireland
Israel
Italy
Ivory Coast
Jamaica
Japan
Jordan
Kazakhstan
Kenya
Kuwait
Latvia
Lebanon
Liberia
Libya
Liechtenstein
Lithuania
Luxembourg
Madagascar
Mainland China
Malawi
Malaysia
Mali
Malta
Mauritania
Mauritius
Mexico
Moldova
Morocco
Mozambique
Namibia
Netherlands
Netherlands Antilles
New Caledonia
New Zealand
Nicaragua
Niger
Nigeria
North Macedonia
Norway
Oman
Other Caribbean
Pakistan
Panama
Papua New Guinea
Paraguay
Peru
Philippines
Poland
Portugal
Puerto Rico
Qatar
Republic of Congo
Rest of World
Reunion
Romania
Russia
Rwanda
Sao Tome And Principe
Saudi Arabia
Senegal
Serbia
Seychelles
Sierra Leone
Singapore
Slovakia
Slovenia
Somalia
South Africa
South Korea
Spain
Sudan
Sweden
Switzerland
Taiwan
Tanzania
Thailand
Togo
Trinidad & Tobago
Tunisia
Turkey
Uganda
Ukraine
United Arab Emirates
United Kingdom
United States
Uruguay
Uzbekistan
Venezuela
Vietnam
Zambia
Zimbabwe"
https://www.mobilityglobal.com/en-us/products/polk-audiences,https://www.spglobal.com/mobility/en/products/polk-audiences.html,Product,Manual,Sales solutions,Find the right customers,Sales and marketing effectiveness,Audience targeting and prospects,,Marketing services,,,,,,,,,,,Activate and execute,,,,,North America,North America,United States
https://www.mobilityglobal.com/en-us/products/polk-data-services,https://www.spglobal.com/mobility/en/products/polk-data-services.html,Product,Manual,Sales solutions,"Find the right customers
Identify vehicle ownership and recall
Inform and activate the right offer","Sales and marketing effectiveness
Vehicle lifecycle and aftermarket intelligence","Audience targeting and prospects
Customer loyalty and retention analysis",,Marketing services,,,,,,,,,,,Activate and execute,,,,,North America,North America,United States
https://www.mobilityglobal.com/en-us/products/polk-signals,https://www.spglobal.com/mobility/en/products/polk-signals.html,Product,Manual,Sales solutions,Maximize marketing ROI,"Benchmarking and market performance
Sales and marketing effectiveness","Campaign performance and attribution
Marketing and advertising ROI
Media investment optimization",,Marketing services,,,,,,,,,,,Monitor and optimize,,,,,North America,North America,United States
https://www.mobilityglobal.com/en-us/products/digital-automotive,https://www.spglobal.com/mobility/en/products/digital-automotive.html,Product,Manual,Planning solutions,"Manage the supply chain
Plan the market
Target business opportunities","Benchmarking and market performance
Forecasting and planning
Sales and marketing effectiveness",Competitive benchmarking,,,,,,,,,,,Automotive suppliers and supply chain,,Plan and forecast,,,,,"ASEAN
Central Europe
East Europe
Greater China
Indian Subcontinent
Japan/Korea
Middle East/Africa
North America
Oceania
South America
West Europe","Europe
Greater China
Japan/Korea
Middle East/Africa
North America
South America
South Asia",
https://www.mobilityglobal.com/en-us/products/automotive-component-forecasts-analysis,https://www.spglobal.com/mobility/en/products/automotive-component-forecasts-analysis.html,Product,Manual,Planning solutions,Manage the supply chain,Forecasting and planning,Component forecasts,,Custom reporting,,,,,,,,,"Automotive suppliers and supply chain
Light vehicles
Procurement
Supply chain analyst",,Plan and forecast,,,,,"ASEAN
Central Europe
East Europe
Greater China
Indian Subcontinent
Japan/Korea
Middle East/Africa
North America
Oceania
South America
West Europe","Europe
Greater China
Japan/Korea
Middle East/Africa
North America
South America
South Asia",
https://www.mobilityglobal.com/en-us/products/reinventing-the-truck,https://www.spglobal.com/mobility/en/products/reinventing-the-truck.html,Product,Manual,Planning solutions,"Plan the market
Plan the vehicle","Forecasting and planning
Pricing and offer optimization
Risk and compliance management
Technology and electrification intelligence","Autonomous and connected vehicle analysis
EV and electrification forecasting
Market and sales forecasting
Market demand modeling
Powertrain and propulsion forecasting
Production forecasting
Scenario planning
Technology and feature forecasting",Analytics platform,Strategic advisory,,,,,"Automotive industry forecast and analysis
Automotive parts and components
Autonomous vehicles and ADAS
Competitive landscape
Connected cars and vehicles
Global automotive markets
Market volatility trends
Regulations and compliance","Automotive industry forecast and analysis
Commercial vehicle market
Future of mobility
Scenario planning insights",,,"Commercial vehicles
Electric vehicles (EVs)
Heavy-duty trucks
Internal combustion engine vehicles (ICE)
Light vehicles",,Plan and forecast,,Forecast model,,,North America,,
https://www.mobilityglobal.com/en-us/products/retail-advertised-inventory,https://www.spglobal.com/mobility/en/products/retail-advertised-inventory.html,Product,Manual,Sales solutions,"Assess and react to the market
Inform and activate the right offer","Forecasting and planning
Sales and marketing effectiveness
Services and advisory","Dealer and retail network analysis
Inventory metrics and trends
Market and sales forecasting
Market demand modeling",Dealer platform,"Custom reporting
Strategic advisory",,,,,"Automotive consumer demand
Dealer and retail trends","Automotive supply chain
Commercial vehicle market
Electric vehicle industry",,,"Automotive dealers and retailers
Dealer / retailer
Electric vehicles (EVs)
Hybrid vehicles
Light vehicles
Market analyst
New vehicles",,Monitor and optimize,,Dataset,,,North America,,
https://www.mobilityglobal.com/en-us/products/retail-network-planning,https://www.spglobal.com/mobility/en/products/retail-network-planning.html,Product,Manual,Planning solutions,"Plan the market
Target business opportunities","Forecasting and planning
Services and advisory","Dealer and retail network analysis
Market and sales forecasting
Market demand modeling",,Custom reporting,,,,,"Automotive consumer demand
Consumer behavior insights
Dealer and retail trends
Demographic trends
EV adoption
Market segmentation insights
Pricing trends",,,,"Aftermarket provider
Dealer / retailer
Electric vehicles (EVs)
Hybrid vehicles
Light vehicles
New vehicles",,Explore and understand,,,,,"North America
West Europe","Europe
North America",
https://www.mobilityglobal.com/en-us/products/technology-vio,https://www.spglobal.com/mobility/en/products/technology-vio.html,Product,Manual,Planning solutions,"Plan the market
Plan the vehicle
Target business opportunities","Benchmarking and market performance
Forecasting and planning
Technology and electrification intelligence
Vehicle lifecycle and aftermarket intelligence","Aftermarket performance analysis
Consumer insights
EV and electrification forecasting
Market and sales forecasting
Market demand modeling
Technology and feature forecasting
Vehicle in use analysis",Analytics platform,Custom reporting,,,,,"Automotive consumer demand
Automotive industry forecast and analysis
Consumer behavior insights
EV adoption","Automotive consumer trends
Automotive sustainability
Commercial vehicle market
Electric vehicle industry
Future of mobility
Scenario planning insights
Software-defined vehicles",,"Current market outlook
Demand shifts","Aftermarket provider
Electric vehicles (EVs)
Energy, utilities and charging infrastructure
Government and regulators
Hybrid vehicles
Light vehicles
Product planner
Technical specialists
Technology and mobility providers
Used vehicles",,Explore and understand,,Dataset,,,"ASEAN
Central Europe
East Europe
Greater China
Indian Subcontinent
Japan/Korea
Middle East/Africa
North America
Oceania
South America
West Europe",,
https://www.mobilityglobal.com/en-us/products/vehicle-energy-management-platform,https://www.spglobal.com/mobility/en/products/vehicle-energy-management-platform.html,Product,Manual,Planning solutions,"Plan the market
Plan the vehicle
Target business opportunities","Forecasting and planning
Services and advisory
Technology and electrification intelligence","Autonomous and connected vehicle analysis
Charging and infrastructure analysis
Component forecasts
EV and electrification forecasting
Feature and component benchmarking
Fleet analysis
Market and sales forecasting
Production forecasting
Sustainability and ESG analytics
Technology and feature forecasting
Vehicle lifecycle modeling
Vehicle parts fitment and planning",Analytics platform,"Custom reporting
Strategic advisory",,,,,"Automotive sustainability and ESG
CO2 and fuel economy modeling
EV adoption
Global automotive markets
Market segmentation insights
Regulations and compliance","Automotive sustainability
Commercial vehicle market
Scenario planning insights",,"Current market outlook
Demand shifts","Automotive OEMs
Commercial vehicles
Energy, utilities and charging infrastructure
Government / policy maker
Hybrid vehicles
Internal combustion engine vehicles (ICE)
Light vehicles
Product planner
Specialty vehicles
Technology and mobility providers",,Explore and understand,,Cloud delivery,,,"ASEAN
Central Europe
East Europe
Greater China
Indian Subcontinent
Japan/Korea
Middle East/Africa
North America
Oceania
South America
West Europe",,
https://www.mobilityglobal.com/en-us/products/vehicle-miles-traveled,https://www.spglobal.com/mobility/en/products/vehicle-miles-traveled.html,Product,Manual,Planning solutions,"Plan the market
Plan the vehicle","Consumer and audience intelligence
Forecasting and planning
Sales and marketing effectiveness
Vehicle lifecycle and aftermarket intelligence","Audience targeting and prospects
Component forecasts
Consumer insights
Depreciation and residual value modeling
Market and sales forecasting
Powertrain and propulsion forecasting
Production forecasting
Technology and feature forecasting
Vehicle in use analysis
Vehicle lifecycle modeling
Vehicle parts fitment and planning",Analytics platform,"Marketing services
Strategic advisory",,,,,"Automotive consumer demand
Automotive parts and components
Consumer behavior insights
Vehicle production forecasts","Automotive consumer trends
Automotive industry forecast and analysis
Commercial vehicle market",,"Current market outlook
Demand shifts","Automotive OEMs
Commercial due diligence
Electric vehicles (EVs)
Hybrid vehicles
Internal combustion engine vehicles (ICE)
Light vehicles
Product planner",,Diagnose and compare,,Dataset,,,"ASEAN
Central Europe
East Europe
Greater China
Indian Subcontinent
Japan/Korea
Middle East/Africa
North America
Oceania
South America
West Europe",,
https://www.mobilityglobal.com/en-us/products/vtip,https://www.spglobal.com/mobility/en/products/vtip.html,Product,Manual,Planning solutions,"Plan the market
Plan the vehicle","Benchmarking and market performance
Forecasting and planning
Risk and compliance management
Technology and electrification intelligence","EV and electrification forecasting
Market and sales forecasting
Market demand modeling
Production forecasting
Technology and feature forecasting",Analytics platform,"Compliance advisory
Strategic advisory",,,,,"Automotive industry forecast and analysis
Autonomous vehicles and ADAS
Global automotive markets
Market volatility trends
Regulations and compliance
Software defined vehicles (SDV)
Vehicle production forecasts","Commercial vehicle market
Electric vehicle industry
Software-defined vehicles",,"Current market outlook
Demand shifts
Long-term outlook
Vehicle inventory levels","Commercial due diligence
Commercial vehicles
Fleet / rental
Fleet manager
Government and regulators
Technical specialists",,Explore and understand,,Dataset,,,North America,,
https://www.mobilityglobal.com/en-us/products/worldview,https://www.spglobal.com/mobility/en/products/worldview.html,Product,Manual,Planning solutions,"Plan the market
Target business opportunities","Recall, VIN and aftermarket solutions
Sales and marketing effectiveness
Vehicle lifecycle and aftermarket intelligence","Aftermarket performance analysis
Market and sales forecasting
Production forecasting
Registration and sales benchmarking",Analytics platform,"Marketing services
Strategic advisory",,,,,"Consumer behavior insights
Global automotive markets
Vehicle production forecasts
Vehicle residual value and lifecycle impact","Automotive consumer trends
Commercial vehicle market",,"Current market outlook
Historical data
Long-term outlook
Vehicle inventory levels","Automotive aftermarket
Light vehicles
Marketing and media agencies
Product planner
Used vehicles",,Explore and understand,,Query tool,,,"ASEAN
Central Europe
East Europe
Greater China
Indian Subcontinent
Japan/Korea
Middle East/Africa
North America
Oceania
South America
West Europe",,
https://www.mobilityglobal.com/en-us/products/fast-training-videos,https://www.spglobal.com/mobility/en/products/fast-training-videos.html,Product,Manual,Planning solutions,"Manage the supply chain
Plan the market
Plan the vehicle
Target business opportunities","Consumer and audience intelligence
Forecasting and planning","Component forecasts
EV and electrification forecasting
Market and sales forecasting
Market demand modeling
Powertrain and propulsion forecasting
Production forecasting
Scenario planning
Technology and feature forecasting",Analytics platform,Strategic advisory,,,,,"Automotive consumer demand
Consumer behavior insights
Market segmentation insights
Market volatility trends","Automotive consumer trends
Commercial vehicle market
Scenario planning insights",,"Current market outlook
Demand shifts
Macroeconomic factors","Automotive OEMs
Automotive suppliers and supply chain
Autonomous vehicles (AVs)
Electric vehicles (EVs)
Heavy-duty trucks
Hybrid vehicles
Internal combustion engine vehicles (ICE)
Light vehicles
New vehicles
OEM strategist",,Plan and forecast,,Workflow tool,,,"ASEAN
Central Europe
East Europe
Greater China
Indian Subcontinent
Japan/Korea
Middle East/Africa
North America
Oceania
South America
West Europe",,
https://www.mobilityglobal.com/en-us/products/auto-private-offer-studio,https://www.spglobal.com/mobility/en/products/auto-private-offer-studio.html,Product,Manual,Sales solutions,Inform and activate the right offer,Pricing and offer optimization,Incentive optimization,,Marketing services,,,,,,,,,"Automotive dealers and retailers
Dealer / retailer
Light vehicles",,Activate and execute,,,,,North America,North America,United States
https://www.mobilityglobal.com/en-us/products/automotive-light-vehicle-production-forecasts,https://www.spglobal.com/mobility/en/products/automotive-light-vehicle-production-forecasts.html,Product,Manual,Planning solutions,"Plan the market
Plan the vehicle",Forecasting and planning,Production forecasting,Analytics platform,Custom reporting,,,,,,,,"7-years outlook
Historical data","Automotive OEMs
Automotive financial services and investors
Automotive suppliers and supply chain
Government / policy maker
Government and regulators
Insurance analyst / underwriter
Light vehicles
OEM strategist
Procurement
Product planner
Supply chain analyst
Technical specialists
Technology and mobility providers",,Plan and forecast,,,,,"ASEAN
Central Europe
East Europe
Greater China
Indian Subcontinent
Japan/Korea
Middle East/Africa
North America
Oceania
South America
West Europe","Europe
Greater China
Japan/Korea
Middle East/Africa
North America
South America
South Asia",
https://www.mobilityglobal.com/en-us/products/fast,https://www.spglobal.com/mobility/en/products/fast.html,Product,Manual,Planning solutions,"Plan the market
Plan the vehicle",Forecasting and planning,"Powertrain and propulsion forecasting
Scenario planning",,,,,,,,,,"Demand shifts
Historical data
Long-term outlook
Market volatility","Automotive OEMs
Light vehicles
OEM strategist",,Plan and forecast,,Forecast model,,,"ASEAN
Central Europe
East Europe
Greater China
Indian Subcontinent
Japan/Korea
Middle East/Africa
North America
Oceania
South America
West Europe","Europe
Greater China
Japan/Korea
Middle East/Africa
North America
South America
South Asia",
https://www.mobilityglobal.com/en-us/products/features-technology-benchmarking,https://www.spglobal.com/mobility/en/products/features-technology-benchmarking.html,Product,Manual,Planning solutions,"Manage the supply chain
Plan the market
Plan the vehicle
Target business opportunities","Benchmarking and market performance
Forecasting and planning
Technology and electrification intelligence","Competitive benchmarking
Technology and feature forecasting",,Custom reporting,,,,,,,,"5-years outlook
Market volatility
Supply chain constraints","Automotive OEMs
Automotive suppliers and supply chain
Light vehicles
Procurement
Product planner
Supply chain analyst",,Diagnose and compare,,,,,"ASEAN
Central Europe
East Europe
Greater China
Indian Subcontinent
Japan/Korea
Middle East/Africa
North America
Oceania
South America
West Europe","Europe
Greater China
Japan/Korea
Middle East/Africa
North America
South America
South Asia",
https://www.mobilityglobal.com/en-us/products/aftermarket-insight,https://www.spglobal.com/mobility/en/products/aftermarketinsight.html,Product,Manual,Sales solutions,Assess and react to the market,"Recall, VIN and aftermarket solutions",Aftermarket performance analysis,,Custom reporting,,,,,,,,"Current market outlook
Demand shifts
Historical data","Aftermarket provider
Automotive aftermarket
Light vehicles",,Explore and understand,,,,,"ASEAN
Central Europe
East Europe
Greater China
Indian Subcontinent
Japan/Korea
Middle East/Africa
North America
Oceania
South America
West Europe","Europe
Greater China
Japan/Korea
Middle East/Africa
North America
South America
South Asia",
https://www.mobilityglobal.com/en-us/products/automotive-light-vehicle-transmission-forecasts,https://www.spglobal.com/mobility/en/products/automotive-light-vehicle-transmission-forecasts.html,Product,Manual,Planning solutions,"Plan the market
Plan the vehicle
Target business opportunities","Benchmarking and market performance
Forecasting and planning","Competitive benchmarking
Powertrain and propulsion forecasting",,Custom reporting,,,,,,,,,,,,,,,,,,
https://www.mobilityglobal.com/en-us/products/aftersales-marketing-solutions,https://www.spglobal.com/mobility/en/products/aftersales-marketing-solutions.html,Product,Manual,Sales solutions,Find the right customers,"Recall, VIN and aftermarket solutions
Vehicle lifecycle and aftermarket intelligence",Aftermarket performance analysis,Dealer platform,Custom reporting,,,,,"Consumer behavior insights
Dealer and retail trends
Demographic trends
Loyalty",Automotive consumer trends,,7-years outlook,"Automotive OEMs
Automotive aftermarket
Automotive dealers and retailers
Dealer / retailer
Light vehicles
Marketing and media agencies",,Support vehicles on the road,,Dashboard module,,,North America,North America,United States
https://www.mobilityglobal.com/en-us/products/auto-diversity,https://www.spglobal.com/mobility/en/products/auto-diversity.html,Product,Manual,Sales solutions,"Find the right customers
Inform and activate the right offer","Consumer and audience intelligence
Loyalty
Sales and marketing effectiveness","Audience targeting and prospects
Consumer insights
Customer loyalty and retention analysis
Market trend and performance analysis
Return to market analysis",Analytics platform,Custom reporting,,,,,"Automotive consumer demand
Consumer behavior insights
Loyalty",Automotive consumer trends,,"Current market outlook
Historical data","Automotive OEMs
Automotive dealers and retailers
Competitive intelligence
Dealer / retailer
Light vehicles
Marketing and media agencies
Used vehicles",,Support vehicles on the road,,Dataset,,,North America,North America,United States
https://www.mobilityglobal.com/en-us/products/automotive-market-reports-data-feeds,https://www.spglobal.com/mobility/en/products/automotive-market-reports-data-feeds.html,Product,Manual,Planning solutions,Plan the vehicle,Forecasting and planning,"Consumer insights
Market trend and performance analysis
Registration and sales benchmarking",,Custom reporting,,,,,,,,,,,,,,,,North America,North America,United States
https://www.mobilityglobal.com/en-us/products/automotive-truck-commercial-vehicle-engine-forecasts,https://www.spglobal.com/mobility/en/products/automotive-truck-commercial-vehicle-engine-forecasts.html,Product,Manual,Planning solutions,"Plan the market
Plan the vehicle",Forecasting and planning,Powertrain and propulsion forecasting,,,,,,,,,,"7-years outlook
Long-term outlook","Commercial vehicles
OEM strategist
Product planner",,,,,,,"ASEAN
Central Europe
East Europe
Greater China
Indian Subcontinent
Japan/Korea
Middle East/Africa
North America
Oceania
South America
West Europe","Europe
Greater China
Japan/Korea
Middle East/Africa
North America
South America
South Asia","Algeria
Angola
Argentina
Australia
Austria
Bahamas
Bahrain
Barbados
Belarus
Belgium
Belize
Benin
Bermuda
Bolivia
Bosnia-Herzegovina
Botswana
Brazil
Bulgaria
Burkina Faso
Burundi
Cambodia
Cameroon
Canada
Cape Verde
Central African Republic
Chad
Chile
Colombia
Comoros
Costa Rica
Croatia
Cuba
Cyprus
Czech Republic
Democratic Republic of Congo
Denmark
Djibouti
Dominican Republic
Ecuador
Egypt
El Salvador
Equatorial Guinea
Eritrea
Estonia
Ethiopia
Finland
France
Gabon
Gambia
Georgia
Germany
Ghana
Greece
Guatemala
Guinea
Guinea Bissau
Haiti
Honduras
Hong Kong
Hungary
Iceland
India
Indonesia
Iran
Ireland
Israel
Italy
Ivory Coast
Jamaica
Japan
Jordan
Kazakhstan
Kenya
Kuwait
Latvia
Lebanon
Liberia
Libya
Liechtenstein
Lithuania
Luxembourg
Madagascar
Mainland China
Malawi
Malaysia
Mali
Malta
Mauritania
Mauritius
Mexico
Moldova
Morocco
Mozambique
Namibia
Netherlands
Netherlands Antilles
New Caledonia
New Zealand
Nicaragua
Niger
Nigeria
North Macedonia
Norway
Oman
Other Caribbean
Pakistan
Panama
Papua New Guinea
Paraguay
Peru
Philippines
Poland
Portugal
Puerto Rico
Qatar
Republic of Congo
Rest of World
Reunion
Romania
Russia
Rwanda
Sao Tome And Principe
Saudi Arabia
Senegal
Serbia
Seychelles
Sierra Leone
Singapore
Slovakia
Slovenia
Somalia
South Africa
South Korea
Spain
Sudan
Sweden
Switzerland
Taiwan
Tanzania
Thailand
Togo
Trinidad & Tobago
Tunisia
Turkey
Uganda
Ukraine
United Arab Emirates
United Kingdom
United States
Uruguay
Uzbekistan
Venezuela
Vietnam
Zambia
Zimbabwe"
https://www.mobilityglobal.com/en-us/products/automotive-truck-commercial-vehicle-production-forecasts,https://www.spglobal.com/mobility/en/products/automotive-truck-commercial-vehicle-production-forecasts.html,Product,Manual,Planning solutions,"Plan the market
Plan the vehicle",Forecasting and planning,Production forecasting,,,,,,,,,,"7-years outlook
Long-term outlook","Commercial vehicles
OEM strategist",,,,,,,"ASEAN
Central Europe
East Europe
Greater China
Indian Subcontinent
Japan/Korea
Middle East/Africa
North America
Oceania
South America
West Europe","Europe
Greater China
Japan/Korea
Middle East/Africa
North America
South America
South Asia","Algeria
Angola
Argentina
Australia
Austria
Bahamas
Bahrain
Barbados
Belarus
Belgium
Belize
Benin
Bermuda
Bolivia
Bosnia-Herzegovina
Botswana
Brazil
Bulgaria
Burkina Faso
Burundi
Cambodia
Cameroon
Canada
Cape Verde
Central African Republic
Chad
Chile
Colombia
Comoros
Costa Rica
Croatia
Cuba
Cyprus
Czech Republic
Democratic Republic of Congo
Denmark
Djibouti
Dominican Republic
Ecuador
Egypt
El Salvador
Equatorial Guinea
Eritrea
Estonia
Ethiopia
Finland
France
Gabon
Gambia
Georgia
Germany
Ghana
Greece
Guatemala
Guinea
Guinea Bissau
Haiti
Honduras
Hong Kong
Hungary
Iceland
India
Indonesia
Iran
Ireland
Israel
Italy
Ivory Coast
Jamaica
Japan
Jordan
Kazakhstan
Kenya
Kuwait
Latvia
Lebanon
Liberia
Libya
Liechtenstein
Lithuania
Luxembourg
Madagascar
Mainland China
Malawi
Malaysia
Mali
Malta
Mauritania
Mauritius
Mexico
Moldova
Morocco
Mozambique
Namibia
Netherlands
Netherlands Antilles
New Caledonia
New Zealand
Nicaragua
Niger
Nigeria
North Macedonia
Norway
Oman
Other Caribbean
Pakistan
Panama
Papua New Guinea
Paraguay
Peru
Philippines
Poland
Portugal
Puerto Rico
Qatar
Republic of Congo
Rest of World
Reunion
Romania
Russia
Rwanda
Sao Tome And Principe
Saudi Arabia
Senegal
Serbia
Seychelles
Sierra Leone
Singapore
Slovakia
Slovenia
Somalia
South Africa
South Korea
Spain
Sudan
Sweden
Switzerland
Taiwan
Tanzania
Thailand
Togo
Trinidad & Tobago
Tunisia
Turkey
Uganda
Ukraine
United Arab Emirates
United Kingdom
United States
Uruguay
Uzbekistan
Venezuela
Vietnam
Zambia
Zimbabwe"
https://www.mobilityglobal.com/en-us/products/automotive-vpac,https://www.spglobal.com/mobility/en/products/automotive-vpac.html,Product,Manual,Planning solutions,Plan the vehicle,,"Compliance verification
Market trend and performance analysis",,"Compliance advisory
Custom reporting",,,,,,,,Long-term outlook,"Internal combustion engine vehicles (ICE)
Light vehicles",,,,,,,"Greater China
North America
West Europe","Europe
Greater China","Austria
Belgium
Brazil
Bulgaria
Croatia
Cyprus
Czech Republic
Denmark
Estonia
Finland
France
Germany
Greece
Hungary
Ireland
Italy
Latvia
Lithuania
Luxembourg
Mainland China
Malta
Netherlands
Poland
Portugal
Romania
Slovakia
Slovenia
Spain
Sweden
Switzerland
United Kingdom
United States"
https://www.mobilityglobal.com/en-us/products/autonomy-forecasts,https://www.spglobal.com/mobility/en/products/autonomy-forecasts.html,Product,Manual,Planning solutions,"Plan the vehicle
Target business opportunities","Forecasting and planning
Technology and electrification intelligence","Autonomous and connected vehicle analysis
Component forecasts
Feature and component benchmarking
Supplier and component analysis
Technology and feature forecasting",Analytics platform,Custom reporting,,,,,Autonomous vehicles and ADAS,"Automotive industry forecast and analysis
Future of mobility",,10-years outlook,"Automotive OEMs
Automotive suppliers and supply chain
Autonomous vehicles (AVs)
Competitive intelligence
OEM strategist
Product planner",,Plan and forecast,,Dataset,,,"ASEAN
Central Europe
East Europe
Greater China
Japan/Korea
North America
South America
West Europe","Europe
North America",
https://www.mobilityglobal.com/en-us/products/carbon-accounting-upstream,https://www.spglobal.com/mobility/en/products/carbon-accounting-upstream.html,Product,Manual,Planning solutions,Manage the supply chain,Risk and compliance management,"Compliance verification
Sustainability and ESG analytics",Analytics platform,Custom reporting,,,,,"Automotive sustainability and ESG
CO2 and fuel economy modeling",Automotive sustainability,,Current market outlook,"Automotive OEMs
Automotive suppliers and supply chain
OEM strategist
Sector and company analysts",,Diagnose and compare,,Dashboard module,,,"ASEAN
Central Europe
East Europe
Greater China
Indian Subcontinent
Japan/Korea
Middle East/Africa
North America
Oceania
South America
West Europe","Europe
Greater China
Japan/Korea
Middle East/Africa
North America
South America
South Asia",
https://www.mobilityglobal.com/en-us/products/mobility-pulse-360-for-vehicle-pricing-analytics-and-performance,https://www.spglobal.com/automotive-insights/en/info/mobility-pulse-360-for-vehicle-pricing-analytics-and-performance,Product,Manual,Sales solutions,Inform and activate the right offer,,,,,,,,,,,,,,,,,,,,,,
https://www.mobilityglobal.com/en-us/products/automotive-intelligence-platform,https://www.spglobal.com/automotive-insights/en/info/automotive-intelligence-platform,Product,Manual,Planning solutions,Plan the vehicle,,,,,,,,,,,,,,,,,,,,,,
https://www.mobilityglobal.com/en-us/products/software-defined-vehicle-suite-of-solutions,https://www.spglobal.com/automotive-insights/en/info/software-defined-vehicle-suite-of-solutions,Product,Manual,Planning solutions,Plan the vehicle,,,,,,,,,,,,,,,,,,,,,,
https://www.mobilityglobal.com/en-us/products/ev-charging-infrastructure,https://www.spglobal.com/mobility/en/solutions/EV-charging-infrastructure.html,Product,Manual,Planning solutions,Target business opportunities,,,,,,,,,,,,,,,,,,,,,,
https://www.mobilityglobal.com/en-us/products/automotive-tipnet-commercial-vehicle-market-data,https://www.spglobal.com/mobility/en/products/automotive-tipnet-commercial-vehicle-market-data.html,Product,Manual,Sales solutions,Assess and react to the market,"Benchmarking and market performance
Sales and marketing effectiveness","Fleet analysis
Registration and sales benchmarking",Analytics platform,Custom reporting,,,,,Historical data,Demand shifts,,,"Automotive OEMs
Automotive dealers and retailers
Commercial vehicles
Fleet management and leasing
Leasing / financial services","Aftermarket provider
Dealer / retailer
Fleet manager
Market analyst
Supply chain analyst",Explore and understand,,,,,North America,North America,"Canada
United States"
https://www.mobilityglobal.com/en-us/industry/technology-companies,https://www.marketscan.com/solutions/tech-companies/,Product Family,0,Sales solutions,Inform and activate the right offer,Pricing and offer optimization,/Pricing analytics|/Incentive optimization,,Marketing services,,,,,,,,,/Automotive dealers and retailers,/Marketing and media agencies,/Activate and execute,,,,/Market Scan,North America,North America,United States
https://www.mobilityglobal.com/en-us/planning-solutions/manage-the-supply-chain,https://www.spglobal.com/mobility/en/products/technology.html,Product Family,0,Planning solutions,Plan the vehicle|Manage the supply chain,Technology and electrification intelligence,/Technology and feature forecasting|/EV and electrification forecasting|/Autonomous and connected vehicle analysis|/Supplier and component analysis,,,,,,,,,,/Electric vehicles (EVs)|/Autonomous vehicles (AVs),/Automotive OEMs|/Automotive suppliers and supply chain,/Product planner|/Technical specialists,/Plan and forecast,,,,/Polk Automotive Solutions,,,
https://www.mobilityglobal.com/en-us/automotive-insights/consumer-trends,https://www.spglobal.com/automotive-insights/en/theme/automotive-consumer-trends,Theme page,Automatic,,,,,,,,,Automotive consumer trends,,,,,,,,,,,,,,,
https://www.mobilityglobal.com/en-us/automotive-insights/industry-forecast,https://www.spglobal.com/automotive-insights/en/theme/automotive-industry-forecast,Theme page,Automatic,,,,,,,,,Automotive industry forecast and analysis,,,,,,,,,,,,,,,
https://www.mobilityglobal.com/en-us/automotive-insights/industry-forecast/tariffs-impact,https://www.spglobal.com/automotive-insights/en/theme/automotive-industry-forecast/automotive-tariffs-impact,Theme page,Automatic,,,,,,,,,Automotive tariffs,,,,,,,,,,,,,,,
https://www.mobilityglobal.com/en-us/automotive-insights/industry-forecast/commercial-vehicle-market-data,https://www.spglobal.com/automotive-insights/en/theme/automotive-industry-forecast/commercial-vehicle-market-data-insights,Theme page,Automatic,,,,,,,,,Commercial vehicle market,,,,,,,,,,,,,,,
https://www.mobilityglobal.com/en-us/automotive-insights/industry-forecast/scenario-planning-insights,https://www.spglobal.com/automotive-insights/en/theme/automotive-industry-forecast/scenario-planning-insights,Theme page,Automatic,,,,,,,,,Scenario planning insights,,,,,,,,,,,,,,,
https://www.mobilityglobal.com/en-us/automotive-insights/supply-chain,https://www.spglobal.com/automotive-insights/en/theme/automotive-supply-chain,Theme page,Automatic,,,,,,,,,Automotive supply chain,,,,,,,,,,,,,,,
https://www.mobilityglobal.com/en-us/automotive-insights/supply-chain/resilience,https://www.spglobal.com/automotive-insights/en/theme/automotive-supply-chain/supply-chain-resilience,Theme page,Automatic,,,,,,,,,Supply chain resilience,,,,,,,,,,,,,,,
https://www.mobilityglobal.com/en-us/automotive-insights/sustainability,https://www.spglobal.com/automotive-insights/en/theme/automotive-sustainability,Theme page,Automatic,,,,,,,,,Automotive sustainability,,,,,,,,,,,,,,,
https://www.mobilityglobal.com/en-us/automotive-insights/electric-vehicle-industry,https://www.spglobal.com/automotive-insights/en/theme/electric-vehicle-industry,Theme page,Automatic,,,,,,,,,Electric vehicle industry,,,,,,,,,,,,,,,
https://www.mobilityglobal.com/en-us/automotive-insights/future-of-mobility,https://www.spglobal.com/automotive-insights/en/theme/future-of-mobility,Theme page,Automatic,,,,,,,,,Future of mobility,,,,,,,,,,,,,,,
https://www.mobilityglobal.com/en-us/automotive-insights/future-of-mobility/software-defined-vehicles,https://www.spglobal.com/automotive-insights/en/theme/future-of-mobility/software-defined-vehicles,Theme page,Automatic,,,,,,,,,Software-defined vehicles,,,,,,,,,,,,,,,
,https://www.spglobal.com/automotive-insights/en/theme/electric-vehicle-industry/ev-battery-technology-insights,Theme page,Manual,,,,,,,,,EV battery technology,,,,,,,,,,,,,,,
https://www.mobilityglobal.com/en-us/sales-solutions,https://www.marketscan.com/lenders/,Who we serve,Manual,Sales solutions,,,,,,,,,,,,,,/Fleet management and leasing|/Automotive dealers and retailers,,,,,,,North America,North America,United States
https://www.mobilityglobal.com/en-us/industry/sales-solutions-automakers-and-oems,https://www.marketscan.com/oems/,Who we serve,Manual,Sales solutions,,,,,,,,,,,,,,/Automotive OEMs,,,,,,,North America,North America,United States
https://www.mobilityglobal.com/en-us/industry/platforms-and-publishers,https://www.spglobal.com/mobility/en/products/agencies-and-medias.html,Who we serve,Manual,Sales solutions,,,,,,,,,,,,,,,/Marketing and media agencies,,,,,/Polk Automotive Solutions,,,
https://www.mobilityglobal.com/en-us/industry/planning-solutions-automakers-and-oem,https://www.spglobal.com/mobility/en/products/auto-makers.html,Who we serve,Manual,Planning solutions|Sales solutions,,,,,,,,,,,,,,/Automotive OEMs,,,,,,/Polk Automotive Solutions,,,
https://www.mobilityglobal.com/en-us/industry/dealers,https://www.spglobal.com/mobility/en/products/marketing-sales-dealer.html,Who we serve,Manual,Sales solutions,,,,,,,,,,,,,,/Automotive dealers and retailers,,,,,,/Polk Automotive Solutions,,,
https://www.mobilityglobal.com/en-us/industry/aftermarket,https://www.spglobal.com/mobility/en/products/mobility-intelligence-for-aftermarket-companies.html,Who we serve,Manual,Planning solutions|Sales solutions,,,,,,,,,,,,,,/Automotive aftermarket,,,,,,/Polk Automotive Solutions,,,
https://www.mobilityglobal.com/en-us/industry/energy-and-infrastructure,https://www.spglobal.com/mobility/en/products/mobility-intelligence-for-energy-and-utilities.html,Who we serve,Manual,Planning solutions,,,,,,,,,,,,,,,,,,,,,,,
https://www.mobilityglobal.com/en-us/industry/financial-capital-markets,https://www.spglobal.com/mobility/en/products/mobility-intelligence-for-financials.html,Who we serve,Manual,Planning solutions|Sales solutions,,,,,,,,,,,,,,,/Leasing / financial services|/Sector and company analysts|/Insurance analyst / underwriter,,,,,,,,
https://www.mobilityglobal.com/en-us/industry/government-agencies,https://www.spglobal.com/mobility/en/products/mobility-intelligence-for-government-agencies.html,Who we serve,Manual,Planning solutions,,,,,,,,,,,,,,,/Government / policy maker,,,,,,,,
https://www.mobilityglobal.com/en-us/industry/insurance-companies,https://www.spglobal.com/mobility/en/products/mobility-intelligence-for-insurance-companies.html,Who we serve,Manual,Sales solutions,,,,,,,,,,,,,,,/Insurance analyst / underwriter,,,,,/Polk Automotive Solutions,,,
https://www.mobilityglobal.com/en-us/industry/fleet-and-logistics-operators,https://www.spglobal.com/mobility/en/products/mobility-intelligence-for-logistics-companies.html,Who we serve,Manual,Planning solutions,,,,,,,,,,,,,,/Fleet management and leasing,,,,,,,,,
https://www.mobilityglobal.com/en-us/industry/technology-companies,https://www.spglobal.com/mobility/en/products/mobility-intelligence-for-technology-companies.html,Who we serve,Manual,Planning solutions|Sales solutions,,,,,,,,,,,,,,/Automotive suppliers and supply chain,,,,,,/Polk Automotive Solutions,,,
https://www.mobilityglobal.com/en-us/industry/suppliers,https://www.spglobal.com/mobility/en/products/suppliers-aftermarket.html,Who we serve,Manual,Planning solutions|Sales solutions,,,,,,,,,,,,,,/Automotive suppliers and supply chain|/Automotive aftermarket,,,,,,/Polk Automotive Solutions,,,
https://www.mobilityglobal.com/en-us/industry/lenders-and-banking,Lenders and banking Who We Serve,Who We Serve,Manual,Sales solutions,,,,,,,,,,,,,,Automotive financial services and investors,,,,,,,,,
https://www.mobilityglobal.com/en-us/industry/sales-solutions-automakers-and-oems,New page: OEM - sales,Who we serve,Manual,Sales solutions,,,,,,,,,,,,,,,,,,,,,,,
https://www.mobilityglobal.com/en-us/forms/mobility-customer-bulletin,https://www.spglobal.com/mobility/en/forms/contactinformation.html?fid=446315,,Automatic,,,,,,,,,,,,,,,,,,,,,,,,
https://www.mobilityglobal.com/search,https://www.spglobal.com/mobility/en/search/results.html,,Manual,,,,,,,,,,,,,,,,,,,,,,,,
https://www.mobilityglobal.com/en-us/automotive-insights/blog/march-2026-new-vehicle-inventory-trends,https://www.spglobal.com/automotive-insights/en/blogs/2026/04/march-2026-new-vehicle-inventory-trends,,Automatic,Sales solutions,,,,,,,Automotive industry forecast and analysis,Automotive industry forecast and analysis,,,,,,,,,,,,,North America,North America,United States
https://www.mobilityglobal.com/en-us/automotive-insights/blog/how-the-iaa-could-rescue-the-gigafactory-pipeline,https://www.spglobal.com/automotive-insights/en/blogs/2026/04/how-the-iaa-could-rescue-the-gigafactory-pipeline,,Automatic,Planning solutiong,,,,,,,Regulations and compliance,EV battery technology|Electric vehicle industry,,,,,,,,,,,,,,Europe,
https://www.mobilityglobal.com/en-us/automotive-insights/blog/the-next-decade-of-automotive-planning,https://www.spglobal.com/automotive-insights/en/blogs/2026/04/the-next-decade-of-automotive-planning,,Automatic,Planning solutiong,,,,,,,Automotive industry forecast and analysis,Automotive industry forecast and analysis,,,,,,,,Plan and forecast,,,,,,,
https://www.mobilityglobal.com/en-us/automotive-insights/blog/automotive-semiconductor-market-trends,https://www.spglobal.com/automotive-insights/en/blogs/2026/04/automotive-semiconductor-market-trends,,Automatic,Planning solutions,,,,,,,Automotive semiconductors|Automotive supply chain disruption and resilience|Automotive supply chain risk management,Automotive supply chain|Suppy chain resilience,,,,,,,,,,,,,,,
https://www.mobilityglobal.com/en-us/automotive-insights/blog/are-insurers-and-financial-markets-ready-for-software-defined-vehicles,https://www.spglobal.com/automotive-insights/en/blogs/2026/04/are-insurers-and-financial-markets-ready-for-software-defined-vehicles,,Automatic,Sales solutions,,,,,,,Software defined vehicles (SDV),Future of mobility|Software-defined vehicles,,,,,,,,,,,,,,,
https://www.mobilityglobal.com/en-us/automotive-insights/rapid-impact-analysis/oil-supply-disruptions-usmca-deadline-auto-industry,https://www.spglobal.com/automotive-insights/en/rapid-impact-analysis/oil-supply-disruptions-usmca-deadline-auto-industry,,Automatic,Planning solutions,,,,,,,Automotive supply chain disruption and resilience|Automotive industry forecast and analysis,Supply chain resilience|Automotive industry forecast and analysis,,,,,,,,,,,,,,,
https://www.mobilityglobal.com/en-us/automotive-insights/blog/nissan-new-vehicle-product-lineup,https://www.spglobal.com/automotive-insights/en/blogs/2026/05/nissan-new-vision-product-lineup,,Automatic,Planning solutions,,,,,,,,Automotive industry forecast and analysis,,,,,,,,,,,,,,,
https://www.mobilityglobal.com/en-us/automotive-insights/blog/2026-beijing-auto-show-software-takes-the-wheel,https://www.spglobal.com/automotive-insights/en/blogs/2026/05/2026-beijing-auto-show-software-takes-the-wheel,,Automatic,Planning solutions,,,,,,,Software defined vehicles (SDV)|Connected cars and vehicles|Autonomous vehicles and ADAS,Future of mobility|Software-defined vehicles,,,,,,,,,,,,,,,China
,,,,,,,,,,,,,,,,,,,,,,,,,,,
,,,,,,,,,,,,,,,,,,,,,,,,,,,
