Full URL,Page Type,JCR Path,Page Status,Taxonomy Status,Total Tags in CSV,Tags Resolved,Tags Unresolved,Unresolved Tag Details
https://www.marketscan.com/blog/building-dealer-profitability-through-pricing-transparency/,Blog,/content/mobility-global/en-us/automotive-insights/blogs/building-dealer-profitability-through-pricing-transparency,NEW (not in AEM),PENDING (page not created),9,8,1,audienceRole: Dealer / retailer
https://www.marketscan.com/blog/data-analytics/driving-decisions-leveraging-data-for-strategic-automotive-rebates-and-incentives/,Blog,/content/mobility-global/en-us/automotive-insights/blogs/data-analytics/driving-decisions-leveraging-data-for-strategic-automotive-rebates-and-incentives,NEW (not in AEM),PENDING (page not created),11,10,1,audienceRole: Dealer / retailer
https://www.marketscan.com/blog/easy-onboarding-of-dealership-tool-brings-endless-opportunities/,Blog,/content/mobility-global/en-us/automotive-insights/blogs/easy-onboarding-of-dealership-tool-brings-endless-opportunities,NEW (not in AEM),PENDING (page not created),8,7,1,audienceRole: Dealer / retailer
https://www.marketscan.com/blog/hot-topics-transparency-and-accuracy-remain-essential-as-dealerships-face-high-inventory/,Blog,/content/mobility-global/en-us/automotive-insights/blogs/hot-topics-transparency-and-accuracy-remain-essential-as-dealerships-face-high-inventory,NEW (not in AEM),PENDING (page not created),9,8,1,audienceRole: Dealer / retailer
https://www.marketscan.com/blog/how-lenders-can-sell-down-2024-models-in-a-buyers-market/,Blog,/content/mobility-global/en-us/automotive-insights/blogs/how-lenders-can-sell-down-2024-models-in-a-buyers-market,NEW (not in AEM),PENDING (page not created),10,8,2,audienceRole: Leasing / financial services | audienceRole: Dealer / retailer
https://www.marketscan.com/blog/incentive-spending-in-a-changing-industry-with-scott-cauvel/,Blog,/content/mobility-global/en-us/automotive-insights/blogs/incentive-spending-in-a-changing-industry-with-scott-cauvel,NEW (not in AEM),PENDING (page not created),11,10,1,audienceRole: Dealer / retailer
https://www.marketscan.com/blog/incentive-strategy-best-informed-by-one-data-source/,Blog,/content/mobility-global/en-us/automotive-insights/blogs/incentive-strategy-best-informed-by-one-data-source,NEW (not in AEM),PENDING (page not created),14,13,1,audienceRole: Dealer / retailer
https://www.marketscan.com/blog/keeping-dealerships-strong-amidst-auto-industry-tariffs/,Blog,/content/mobility-global/en-us/automotive-insights/blogs/keeping-dealerships-strong-amidst-auto-industry-tariffs,NEW (not in AEM),PENDING (page not created),13,12,1,audienceRole: Dealer / retailer
https://www.marketscan.com/blog/leasing-effective-tool-address-customer-affordability-concerns/,Blog,/content/mobility-global/en-us/automotive-insights/blogs/leasing-effective-tool-address-customer-affordability-concerns,NEW (not in AEM),PENDING (page not created),14,12,2,audienceRole: Dealer / retailer | audienceRole: Leasing / financial services
https://www.marketscan.com/blog/nada-show-2025-recap-helping-dealers-accelerate-their-sales/,Blog,/content/mobility-global/en-us/automotive-insights/blogs/nada-show-2025-recap-helping-dealers-accelerate-their-sales,NEW (not in AEM),PENDING (page not created),11,10,1,audienceRole: Dealer / retailer
https://www.marketscan.com/blog/navigating-the-affordability-crisis-accelerating-industry-performance-with-precision-and-scale/,Blog,/content/mobility-global/en-us/automotive-insights/blogs/navigating-the-affordability-crisis-accelerating-industry-performance-with-precision-and-scale,NEW (not in AEM),PENDING (page not created),12,11,1,audienceRole: Dealer / retailer
https://www.marketscan.com/blog/need-for-speed-cut-transaction-times-to-grow-dealership-profit/,Blog,/content/mobility-global/en-us/automotive-insights/blogs/need-for-speed-cut-transaction-times-to-grow-dealership-profit,NEW (not in AEM),PENDING (page not created),11,10,1,audienceRole: Dealer / retailer
https://www.marketscan.com/blog/rev-up-your-sales-how-precision-data-transforms-auto-retail/,Blog,/content/mobility-global/en-us/automotive-insights/blogs/rev-up-your-sales-how-precision-data-transforms-auto-retail,NEW (not in AEM),PENDING (page not created),11,10,1,audienceRole: Dealer / retailer
https://www.marketscan.com/blog/software-providers-enable-transparent-and-effective-dealership-operations/,Blog,/content/mobility-global/en-us/automotive-insights/blogs/software-providers-enable-transparent-and-effective-dealership-operations,NEW (not in AEM),PENDING (page not created),11,10,1,audienceRole: Dealer / retailer
https://www.marketscan.com/blog/the-us-auto-market-oems-and-captive-lenders-face-new-challenges/,Blog,/content/mobility-global/en-us/automotive-insights/blogs/the-us-auto-market-oems-and-captive-lenders-face-new-challenges,NEW (not in AEM),PENDING (page not created),14,12,2,audienceRole: Dealer / retailer | audienceRole: Leasing / financial services
https://www.marketscan.com/blog/tried-and-true-data-backs-the-strongest-dealership-software/,Blog,/content/mobility-global/en-us/automotive-insights/blogs/tried-and-true-data-backs-the-strongest-dealership-software,NEW (not in AEM),PENDING (page not created),9,8,1,audienceRole: Dealer / retailer
https://www.spglobal.com/automotive-insights/en/blogs/2022/10/a-reckoning-for-ev-battery-raw-materials,Blog or Automotive Insights,/content/mobility-global/en-us/automotive-insights/blogs/2022/10/a-reckoning-for-ev-battery-raw-materials,EXISTS in AEM,APPLIED (all resolved),11,11,0,
https://www.spglobal.com/automotive-insights/en/blogs/2022/10/hyundai-motor-rises-to-3-in-us-market,Blog or Automotive Insights,/content/mobility-global/en-us/automotive-insights/blogs/2022/10/hyundai-motor-rises-to-3-in-us-market,EXISTS in AEM,APPLIED (all resolved),12,12,0,
https://www.spglobal.com/automotive-insights/en/blogs/2022/10/mhcv-medium-and-heavy-commercial-vehicles-powertrain-propulsio,Blog or Automotive Insights,/content/mobility-global/en-us/automotive-insights/blogs/2022/10/mhcv-medium-and-heavy-commercial-vehicles-powertrain-propulsio,EXISTS in AEM,APPLIED (all resolved),10,10,0,
https://www.spglobal.com/automotive-insights/en/blogs/2022/10/sp-global-mobility-predicts-strong-monthly-saar-for-october,Blog or Automotive Insights,/content/mobility-global/en-us/automotive-insights/blogs/2022/10/sp-global-mobility-predicts-strong-monthly-saar-for-october,EXISTS in AEM,APPLIED (all resolved),8,8,0,
https://www.spglobal.com/automotive-insights/en/blogs/2022/11/ethnic-share-in-us-light-vehicle-market-reaches-a-record-33,Blog or Automotive Insights,/content/mobility-global/en-us/automotive-insights/blogs/2022/11/ethnic-share-in-us-light-vehicle-market-reaches-a-record-33,EXISTS in AEM,APPLIED (all resolved),14,14,0,
https://www.spglobal.com/automotive-insights/en/blogs/2022/11/fuel-for-thought-top-5-global-automotive-aftermarket-trends,Blog or Automotive Insights,/content/mobility-global/en-us/automotive-insights/blogs/2022/11/fuel-for-thought-top-5-global-automotive-aftermarket-trends,EXISTS in AEM,APPLIED (all resolved),8,8,0,
https://www.spglobal.com/automotive-insights/en/blogs/2022/11/new-ev-entries-nibbling-away-at-tesla-ev-share,Blog or Automotive Insights,/content/mobility-global/en-us/automotive-insights/blogs/2022/11/new-ev-entries-nibbling-away-at-tesla-ev-share,EXISTS in AEM,PARTIAL (some unresolved),9,8,1,theme: Electric vehicle industry
https://www.spglobal.com/automotive-insights/en/blogs/2022/12/fuel-for-thought-sp-global-mobility-forecasts-836m-units,Blog or Automotive Insights,/content/mobility-global/en-us/automotive-insights/blogs/2022/12/fuel-for-thought-sp-global-mobility-forecasts-836m-units,EXISTS in AEM,APPLIED (all resolved),8,8,0,
https://www.spglobal.com/automotive-insights/en/blogs/2022/12/plenty-of-22-models-still-on-the-shelf,Blog or Automotive Insights,/content/mobility-global/en-us/automotive-insights/blogs/2022/12/plenty-of-22-models-still-on-the-shelf,EXISTS in AEM,PARTIAL (some unresolved),9,8,1,audienceRole: Dealer / retailer
https://www.spglobal.com/automotive-insights/en/blogs/2022/12/sp-global-mobility-expands-supplier-solutions-with-investment,Blog or Automotive Insights,/content/mobility-global/en-us/automotive-insights/blogs/2022/12/sp-global-mobility-expands-supplier-solutions-with-investment,EXISTS in AEM,APPLIED (all resolved),3,3,0,
https://www.spglobal.com/automotive-insights/en/blogs/2022/7/android-automotive-is-taking-over-but-what-about-google,Blog or Automotive Insights,/content/mobility-global/en-us/automotive-insights/blogs/2022/7/android-automotive-is-taking-over-but-what-about-google,EXISTS in AEM,APPLIED (all resolved),11,11,0,
https://www.spglobal.com/automotive-insights/en/blogs/2022/7/hyundai-motor-group-rises-to-3-in-us-retail-new-vehicle-market,Blog or Automotive Insights,/content/mobility-global/en-us/automotive-insights/blogs/2022/7/hyundai-motor-group-rises-to-3-in-us-retail-new-vehicle-market,EXISTS in AEM,APPLIED (all resolved),12,12,0,
https://www.spglobal.com/automotive-insights/en/blogs/2022/8/ev-insights-part-i,Blog or Automotive Insights,/content/mobility-global/en-us/automotive-insights/blogs/2022/8/ev-insights-part-i,EXISTS in AEM,PARTIAL (some unresolved),8,7,1,theme: Electric vehicle industry
https://www.spglobal.com/automotive-insights/en/blogs/2022/8/may-2022-tesla-brand-loyalty-more-than-doubles-yearoveryear,Blog or Automotive Insights,/content/mobility-global/en-us/automotive-insights/blogs/2022/8/may-2022-tesla-brand-loyalty-more-than-doubles-yearoveryear,EXISTS in AEM,APPLIED (all resolved),9,9,0,
https://www.spglobal.com/automotive-insights/en/blogs/2022/9/automotive-inventory,Blog or Automotive Insights,/content/mobility-global/en-us/automotive-insights/blogs/2022/9/automotive-inventory,EXISTS in AEM,PARTIAL (some unresolved),10,9,1,audienceRole: Dealer / retailer
https://www.spglobal.com/automotive-insights/en/blogs/2022/9/tesla-loyalty-and-market-share-soar-but-dominance-of-ev-segmen,Blog or Automotive Insights,/content/mobility-global/en-us/automotive-insights/blogs/2022/9/tesla-loyalty-and-market-share-soar-but-dominance-of-ev-segmen,EXISTS in AEM,PARTIAL (some unresolved),10,9,1,theme: Electric vehicle industry
https://www.spglobal.com/automotive-insights/en/blogs/2023/1/ev-chargers-how-many-do-we-need,Blog or Automotive Insights,/content/mobility-global/en-us/automotive-insights/blogs/2023/1/ev-chargers-how-many-do-we-need,EXISTS in AEM,PARTIAL (some unresolved),10,8,2,theme: Electric vehicle industry | audienceRole: Government / policy maker
https://www.spglobal.com/automotive-insights/en/blogs/2023/1/fuel-for-thought-automotive-supply-chain-and-technology-themes,Blog or Automotive Insights,/content/mobility-global/en-us/automotive-insights/blogs/2023/1/fuel-for-thought-automotive-supply-chain-and-technology-themes,EXISTS in AEM,APPLIED (all resolved),8,8,0,
https://www.spglobal.com/automotive-insights/en/blogs/2023/1/tesla-share-of-ev-market-declines-domestics-koreans-and-europe,Blog or Automotive Insights,/content/mobility-global/en-us/automotive-insights/blogs/2023/1/tesla-share-of-ev-market-declines-domestics-koreans-and-europe,EXISTS in AEM,PARTIAL (some unresolved),10,9,1,theme: Electric vehicle industry
https://www.spglobal.com/automotive-insights/en/blogs/2023/10/3cylinder-engine-installations-rising-in-us-though-4-cylinders,Blog or Automotive Insights,/content/mobility-global/en-us/automotive-insights/blogs/2023/10/3cylinder-engine-installations-rising-in-us-though-4-cylinders,EXISTS in AEM,APPLIED (all resolved),13,13,0,
https://www.spglobal.com/automotive-insights/en/blogs/2023/10/dont-count-out-hybrids-just-yet,Blog or Automotive Insights,/content/mobility-global/en-us/automotive-insights/blogs/2023/10/dont-count-out-hybrids-just-yet,EXISTS in AEM,APPLIED (all resolved),8,8,0,
https://www.spglobal.com/automotive-insights/en/blogs/2023/10/fuel-for-thought-waiting-for-autonomy,Blog or Automotive Insights,/content/mobility-global/en-us/automotive-insights/blogs/2023/10/fuel-for-thought-waiting-for-autonomy,EXISTS in AEM,APPLIED (all resolved),9,9,0,
https://www.spglobal.com/automotive-insights/en/blogs/2023/10/tesla-is-most-popular-ev-brand-for-us-fleet-companies,Blog or Automotive Insights,/content/mobility-global/en-us/automotive-insights/blogs/2023/10/tesla-is-most-popular-ev-brand-for-us-fleet-companies,EXISTS in AEM,PARTIAL (some unresolved),12,11,1,theme: Electric vehicle industry
https://www.spglobal.com/automotive-insights/en/blogs/2023/10/us-consumers-going-big-as-fullsize-suvs-gain-share,Blog or Automotive Insights,/content/mobility-global/en-us/automotive-insights/blogs/2023/10/us-consumers-going-big-as-fullsize-suvs-gain-share,EXISTS in AEM,APPLIED (all resolved),12,12,0,
https://www.spglobal.com/automotive-insights/en/blogs/2023/11/affordability-tops-charging-and-range-concerns-in-slowing-ev-d,Blog or Automotive Insights,/content/mobility-global/en-us/automotive-insights/blogs/2023/11/affordability-tops-charging-and-range-concerns-in-slowing-ev-d,EXISTS in AEM,PARTIAL (some unresolved),10,9,1,theme: Electric vehicle industry
https://www.spglobal.com/automotive-insights/en/blogs/2023/11/fuel-for-thought-the-vehicle-affordability-crunch,Blog or Automotive Insights,/content/mobility-global/en-us/automotive-insights/blogs/2023/11/fuel-for-thought-the-vehicle-affordability-crunch,EXISTS in AEM,APPLIED (all resolved),9,9,0,
https://www.spglobal.com/automotive-insights/en/blogs/2023/11/gigacasting-the-hottest-trend-in-car-manufacturing,Blog or Automotive Insights,/content/mobility-global/en-us/automotive-insights/blogs/2023/11/gigacasting-the-hottest-trend-in-car-manufacturing,EXISTS in AEM,APPLIED (all resolved),10,10,0,
https://www.spglobal.com/automotive-insights/en/blogs/2023/12/2024-ev-forecast-the-supply-chain-charging-network-and-battery,Blog or Automotive Insights,/content/mobility-global/en-us/automotive-insights/blogs/2023/12/2024-ev-forecast-the-supply-chain-charging-network-and-battery,EXISTS in AEM,PARTIAL (some unresolved),13,12,1,theme: Electric vehicle industry
https://www.spglobal.com/automotive-insights/en/blogs/2023/12/american-honda-sees-a-share-rebound,Blog or Automotive Insights,/content/mobility-global/en-us/automotive-insights/blogs/2023/12/american-honda-sees-a-share-rebound,EXISTS in AEM,APPLIED (all resolved),14,14,0,
https://www.spglobal.com/automotive-insights/en/blogs/2023/12/fuel-for-thought-connected-cars-and-the-automotive-revolution,Blog or Automotive Insights,/content/mobility-global/en-us/automotive-insights/blogs/2023/12/fuel-for-thought-connected-cars-and-the-automotive-revolution,EXISTS in AEM,APPLIED (all resolved),12,12,0,
https://www.spglobal.com/automotive-insights/en/blogs/2023/12/sp-global-mobility-forecasts-883m-auto-sales-in-2024,Blog or Automotive Insights,/content/mobility-global/en-us/automotive-insights/blogs/2023/12/sp-global-mobility-forecasts-883m-auto-sales-in-2024,EXISTS in AEM,APPLIED (all resolved),8,8,0,
https://www.spglobal.com/automotive-insights/en/blogs/2023/12/tesla-fuels-electrification-of-us-luxury-vehicles-segment-shar,Blog or Automotive Insights,/content/mobility-global/en-us/automotive-insights/blogs/2023/12/tesla-fuels-electrification-of-us-luxury-vehicles-segment-shar,EXISTS in AEM,PARTIAL (some unresolved),14,13,1,theme: Electric vehicle industry
https://www.spglobal.com/automotive-insights/en/blogs/2023/12/when-will-car-leasing-be-cool-again,Blog or Automotive Insights,/content/mobility-global/en-us/automotive-insights/blogs/2023/12/when-will-car-leasing-be-cool-again,EXISTS in AEM,PARTIAL (some unresolved),12,10,2,audienceRole: Dealer / retailer | audienceRole: Leasing / financial services
https://www.spglobal.com/automotive-insights/en/blogs/2023/2/can-carmakers-assail-teslas-lead-in-ee-architecture,Blog or Automotive Insights,/content/mobility-global/en-us/automotive-insights/blogs/2023/2/can-carmakers-assail-teslas-lead-in-ee-architecture,EXISTS in AEM,APPLIED (all resolved),9,9,0,
https://www.spglobal.com/automotive-insights/en/blogs/2023/2/car-brands-popular-with-women,Blog or Automotive Insights,/content/mobility-global/en-us/automotive-insights/blogs/2023/2/car-brands-popular-with-women,EXISTS in AEM,APPLIED (all resolved),9,9,0,
https://www.spglobal.com/automotive-insights/en/blogs/2023/2/fuel-for-thought-the-old-way-of-selling-cars-wont-work-anymore,Blog or Automotive Insights,/content/mobility-global/en-us/automotive-insights/blogs/2023/2/fuel-for-thought-the-old-way-of-selling-cars-wont-work-anymore,EXISTS in AEM,PARTIAL (some unresolved),9,8,1,audienceRole: Dealer / retailer
https://www.spglobal.com/automotive-insights/en/blogs/2023/2/the-sedan-debate,Blog or Automotive Insights,/content/mobility-global/en-us/automotive-insights/blogs/2023/2/the-sedan-debate,EXISTS in AEM,APPLIED (all resolved),10,10,0,
https://www.spglobal.com/automotive-insights/en/blogs/2023/2/women-not-buying-electric-vehicles,Blog or Automotive Insights,/content/mobility-global/en-us/automotive-insights/blogs/2023/2/women-not-buying-electric-vehicles,EXISTS in AEM,APPLIED (all resolved),10,10,0,
https://www.spglobal.com/automotive-insights/en/blogs/2023/3/america-road-tax-electric-vehicles-ceraweek,Blog or Automotive Insights,/content/mobility-global/en-us/automotive-insights/blogs/2023/3/america-road-tax-electric-vehicles-ceraweek,EXISTS in AEM,PARTIAL (some unresolved),12,10,2,theme: Electric vehicle industry | audienceRole: Government / policy maker
https://www.spglobal.com/automotive-insights/en/blogs/2023/3/the-evolution-of-the-ev-consumer,Blog or Automotive Insights,/content/mobility-global/en-us/automotive-insights/blogs/2023/3/the-evolution-of-the-ev-consumer,EXISTS in AEM,APPLIED (all resolved),10,10,0,
https://www.spglobal.com/automotive-insights/en/blogs/2023/4/be-ready-for-the-coming-shift-in-automotive-computing-power,Blog or Automotive Insights,/content/mobility-global/en-us/automotive-insights/blogs/2023/4/be-ready-for-the-coming-shift-in-automotive-computing-power,EXISTS in AEM,APPLIED (all resolved),12,12,0,
https://www.spglobal.com/automotive-insights/en/blogs/2023/5/ford-and-chevrolet-brand-loyalty-depends-on-pickups,Blog or Automotive Insights,/content/mobility-global/en-us/automotive-insights/blogs/2023/5/ford-and-chevrolet-brand-loyalty-depends-on-pickups,EXISTS in AEM,APPLIED (all resolved),9,9,0,
https://www.spglobal.com/automotive-insights/en/blogs/2023/5/fuel-for-thought-as-the-industry-goes-electric-expect-shakeout,Blog or Automotive Insights,/content/mobility-global/en-us/automotive-insights/blogs/2023/5/fuel-for-thought-as-the-industry-goes-electric-expect-shakeout,EXISTS in AEM,PARTIAL (some unresolved),9,8,1,theme: Electric vehicle industry
https://www.spglobal.com/automotive-insights/en/blogs/2023/5/fuel-for-thought-auto-safety-systems-calibration-challenges-repair-modification,Blog or Automotive Insights,/content/mobility-global/en-us/automotive-insights/blogs/2023/5/fuel-for-thought-auto-safety-systems-calibration-challenges-repair-modification,EXISTS in AEM,APPLIED (all resolved),11,11,0,
https://www.spglobal.com/automotive-insights/en/blogs/2023/5/how-general-motors-maintains-its-loyalty-lead-amid-declining-s,Blog or Automotive Insights,/content/mobility-global/en-us/automotive-insights/blogs/2023/5/how-general-motors-maintains-its-loyalty-lead-amid-declining-s,EXISTS in AEM,APPLIED (all resolved),9,9,0,
https://www.spglobal.com/automotive-insights/en/blogs/2023/5/premium-audio-enters-the-mass-market,Blog or Automotive Insights,/content/mobility-global/en-us/automotive-insights/blogs/2023/5/premium-audio-enters-the-mass-market,EXISTS in AEM,APPLIED (all resolved),11,11,0,
https://www.spglobal.com/automotive-insights/en/blogs/2023/5/tesla-minority-group-loyalty,Blog or Automotive Insights,/content/mobility-global/en-us/automotive-insights/blogs/2023/5/tesla-minority-group-loyalty,EXISTS in AEM,APPLIED (all resolved),10,10,0,
https://www.spglobal.com/automotive-insights/en/blogs/2023/5/why-vw-needs-scout,Blog or Automotive Insights,/content/mobility-global/en-us/automotive-insights/blogs/2023/5/why-vw-needs-scout,EXISTS in AEM,APPLIED (all resolved),9,9,0,
https://www.spglobal.com/automotive-insights/en/blogs/2023/6/autofinance-delinquencies-rise-past-great-recession-peak-but,Blog or Automotive Insights,/content/mobility-global/en-us/automotive-insights/blogs/2023/6/autofinance-delinquencies-rise-past-great-recession-peak-but,EXISTS in AEM,PARTIAL (some unresolved),8,7,1,audienceRole: Leasing / financial services
https://www.spglobal.com/automotive-insights/en/blogs/2023/6/china-exported-more-than-3-million-vehicles-in-22,Blog or Automotive Insights,/content/mobility-global/en-us/automotive-insights/blogs/2023/6/china-exported-more-than-3-million-vehicles-in-22,EXISTS in AEM,APPLIED (all resolved),10,10,0,
https://www.spglobal.com/automotive-insights/en/blogs/2023/6/fuel-for-thought-the-transformation-of-auto-retail,Blog or Automotive Insights,/content/mobility-global/en-us/automotive-insights/blogs/2023/6/fuel-for-thought-the-transformation-of-auto-retail,EXISTS in AEM,PARTIAL (some unresolved),8,7,1,audienceRole: Dealer / retailer
https://www.spglobal.com/automotive-insights/en/blogs/2023/6/with-mobile-phone-semiconductor-demand-cooling-automotive-chip,Blog or Automotive Insights,/content/mobility-global/en-us/automotive-insights/blogs/2023/6/with-mobile-phone-semiconductor-demand-cooling-automotive-chip,EXISTS in AEM,APPLIED (all resolved),11,11,0,
https://www.spglobal.com/automotive-insights/en/blogs/2023/7/commercial-vehicle-forecast-mdhd-truck-market-coasts,Blog or Automotive Insights,/content/mobility-global/en-us/automotive-insights/blogs/2023/7/commercial-vehicle-forecast-mdhd-truck-market-coasts,EXISTS in AEM,APPLIED (all resolved),8,8,0,
https://www.spglobal.com/automotive-insights/en/blogs/2023/7/consumer-loyalty-to-finance-companies-fell-sharply,Blog or Automotive Insights,/content/mobility-global/en-us/automotive-insights/blogs/2023/7/consumer-loyalty-to-finance-companies-fell-sharply,EXISTS in AEM,PARTIAL (some unresolved),9,8,1,audienceRole: Leasing / financial services
https://www.spglobal.com/automotive-insights/en/blogs/2023/7/fuel-for-thought-the-commercial-vehicle-fleet-accelerates,Blog or Automotive Insights,/content/mobility-global/en-us/automotive-insights/blogs/2023/7/fuel-for-thought-the-commercial-vehicle-fleet-accelerates,EXISTS in AEM,APPLIED (all resolved),8,8,0,
https://www.spglobal.com/automotive-insights/en/blogs/2023/7/july-us-auto-inventory-trends-you-should-know,Blog or Automotive Insights,/content/mobility-global/en-us/automotive-insights/blogs/2023/7/july-us-auto-inventory-trends-you-should-know,EXISTS in AEM,PARTIAL (some unresolved),11,10,1,audienceRole: Dealer / retailer
https://www.spglobal.com/automotive-insights/en/blogs/2023/7/the-semiconductor-shortage-is-mostly-over-for-the-auto-industry,Blog or Automotive Insights,/content/mobility-global/en-us/automotive-insights/blogs/2023/7/the-semiconductor-shortage-is-mostly-over-for-the-auto-industry,EXISTS in AEM,APPLIED (all resolved),11,11,0,
https://www.spglobal.com/automotive-insights/en/blogs/2023/7/what-connectedcar-services-are-consumers-willing-to-pay-for,Blog or Automotive Insights,/content/mobility-global/en-us/automotive-insights/blogs/2023/7/what-connectedcar-services-are-consumers-willing-to-pay-for,EXISTS in AEM,APPLIED (all resolved),11,11,0,
https://www.spglobal.com/automotive-insights/en/blogs/2023/8/asean-sales-production-commentary-august-2023,Blog or Automotive Insights,/content/mobility-global/en-us/automotive-insights/blogs/2023/8/asean-sales-production-commentary-august-2023,EXISTS in AEM,APPLIED (all resolved),8,8,0,
https://www.spglobal.com/automotive-insights/en/blogs/2023/8/fuel-for-thought-warning-signs-on-the-path-to-mass-ev-adoption,Blog or Automotive Insights,/content/mobility-global/en-us/automotive-insights/blogs/2023/8/fuel-for-thought-warning-signs-on-the-path-to-mass-ev-adoption,EXISTS in AEM,PARTIAL (some unresolved),9,8,1,theme: Electric vehicle industry
https://www.spglobal.com/automotive-insights/en/blogs/2023/8/incar-gaming-key-players-developments-and-outlook,Blog or Automotive Insights,/content/mobility-global/en-us/automotive-insights/blogs/2023/8/incar-gaming-key-players-developments-and-outlook,EXISTS in AEM,APPLIED (all resolved),10,10,0,
https://www.spglobal.com/automotive-insights/en/blogs/2023/9/autonomous-vehicle-reality-check-widespread-adoption,Blog or Automotive Insights,/content/mobility-global/en-us/automotive-insights/blogs/2023/9/autonomous-vehicle-reality-check-widespread-adoption,EXISTS in AEM,APPLIED (all resolved),10,10,0,
https://www.spglobal.com/automotive-insights/en/blogs/2023/9/fuel-for-thought-ev-marketing-challenges-vehicle-portfolio-grows,Blog or Automotive Insights,/content/mobility-global/en-us/automotive-insights/blogs/2023/9/fuel-for-thought-ev-marketing-challenges-vehicle-portfolio-grows,EXISTS in AEM,PARTIAL (some unresolved),11,9,2,theme: Electric vehicle industry | audienceRole: Dealer / retailer
https://www.spglobal.com/automotive-insights/en/blogs/2023/9/what-do-tesla-owners-buy-when-they-return-to-market,Blog or Automotive Insights,/content/mobility-global/en-us/automotive-insights/blogs/2023/9/what-do-tesla-owners-buy-when-they-return-to-market,EXISTS in AEM,APPLIED (all resolved),9,9,0,
https://www.spglobal.com/automotive-insights/en/blogs/2024/1/2024-us-presidential-election-and-the-auto-industry,Blog or Automotive Insights,/content/mobility-global/en-us/automotive-insights/blogs/2024/1/2024-us-presidential-election-and-the-auto-industry,EXISTS in AEM,PARTIAL (some unresolved),12,11,1,audienceRole: Government / policy maker
https://www.spglobal.com/automotive-insights/en/blogs/2024/1/ev-raw-materials-supply-crunch-battery-recycling,Blog or Automotive Insights,/content/mobility-global/en-us/automotive-insights/blogs/2024/1/ev-raw-materials-supply-crunch-battery-recycling,EXISTS in AEM,APPLIED (all resolved),12,12,0,
https://www.spglobal.com/automotive-insights/en/blogs/2024/1/january-2024-us-auto-sales-feel-the-chill,Blog or Automotive Insights,/content/mobility-global/en-us/automotive-insights/blogs/2024/1/january-2024-us-auto-sales-feel-the-chill,EXISTS in AEM,APPLIED (all resolved),11,11,0,
https://www.spglobal.com/automotive-insights/en/blogs/2024/10/bmw-hits-the-brakes-with-vehicle-recall,Blog or Automotive Insights,/content/mobility-global/en-us/automotive-insights/blogs/2024/10/bmw-hits-the-brakes-with-vehicle-recall,EXISTS in AEM,APPLIED (all resolved),8,8,0,
https://www.spglobal.com/automotive-insights/en/blogs/2024/10/briefcase-chips-on-the-table-india-seizes-opportunities-in-a-thriving-automotive-scene,Blog or Automotive Insights,/content/mobility-global/en-us/automotive-insights/blogs/2024/10/briefcase-chips-on-the-table-india-seizes-opportunities-in-a-thriving-automotive-scene,EXISTS in AEM,APPLIED (all resolved),11,11,0,
https://www.spglobal.com/automotive-insights/en/blogs/2024/10/briefcase-from-adas-to-autonomy-the-strategic-moves-shaping-automakers-future,Blog or Automotive Insights,/content/mobility-global/en-us/automotive-insights/blogs/2024/10/briefcase-from-adas-to-autonomy-the-strategic-moves-shaping-automakers-future,EXISTS in AEM,APPLIED (all resolved),8,8,0,
https://www.spglobal.com/automotive-insights/en/blogs/2024/10/briefcase-lets-torque-tech-titans-in-the-auto-space,Blog or Automotive Insights,/content/mobility-global/en-us/automotive-insights/blogs/2024/10/briefcase-lets-torque-tech-titans-in-the-auto-space,EXISTS in AEM,APPLIED (all resolved),9,9,0,
https://www.spglobal.com/automotive-insights/en/blogs/2024/10/car-model-cannibalization-analysis,Blog or Automotive Insights,/content/mobility-global/en-us/automotive-insights/blogs/2024/10/car-model-cannibalization-analysis,EXISTS in AEM,APPLIED (all resolved),11,11,0,
https://www.spglobal.com/automotive-insights/en/blogs/2024/10/fuel-for-thought-2024-presidential-election-impacts-on-the-us-auto-industry,Blog or Automotive Insights,/content/mobility-global/en-us/automotive-insights/blogs/2024/10/fuel-for-thought-2024-presidential-election-impacts-on-the-us-auto-industry,EXISTS in AEM,PARTIAL (some unresolved),13,12,1,audienceRole: Government / policy maker
https://www.spglobal.com/automotive-insights/en/blogs/2024/10/global-automotive-industry-and-the-energy-transition,Blog or Automotive Insights,/content/mobility-global/en-us/automotive-insights/blogs/2024/10/global-automotive-industry-and-the-energy-transition,EXISTS in AEM,APPLIED (all resolved),7,7,0,
https://www.spglobal.com/automotive-insights/en/blogs/2024/10/india-automotive-sector-defies-global-disruptions,Blog or Automotive Insights,/content/mobility-global/en-us/automotive-insights/blogs/2024/10/india-automotive-sector-defies-global-disruptions,EXISTS in AEM,APPLIED (all resolved),8,8,0,
https://www.spglobal.com/automotive-insights/en/blogs/2024/10/key-dmas-are-driving-supply-incentives-and-competition-for-in-market-shoppe,Blog or Automotive Insights,/content/mobility-global/en-us/automotive-insights/blogs/2024/10/key-dmas-are-driving-supply-incentives-and-competition-for-in-market-shoppe,EXISTS in AEM,PARTIAL (some unresolved),12,11,1,audienceRole: Dealer / retailer
https://www.spglobal.com/automotive-insights/en/blogs/2024/10/mainland-china-autonomous-vehicle-development-on-a-different-track,Blog or Automotive Insights,/content/mobility-global/en-us/automotive-insights/blogs/2024/10/mainland-china-autonomous-vehicle-development-on-a-different-track,EXISTS in AEM,APPLIED (all resolved),12,12,0,
https://www.spglobal.com/automotive-insights/en/blogs/2024/10/october-2024-light-vehicle-production-forecast,Blog or Automotive Insights,/content/mobility-global/en-us/automotive-insights/blogs/2024/10/october-2024-light-vehicle-production-forecast,EXISTS in AEM,APPLIED (all resolved),8,8,0,
https://www.spglobal.com/automotive-insights/en/blogs/2024/10/rise-of-chinese-brands-in-europe,Blog or Automotive Insights,/content/mobility-global/en-us/automotive-insights/blogs/2024/10/rise-of-chinese-brands-in-europe,EXISTS in AEM,APPLIED (all resolved),9,9,0,
https://www.spglobal.com/automotive-insights/en/blogs/2024/10/rising-vehicle-inventories-boost-brand-loyalty,Blog or Automotive Insights,/content/mobility-global/en-us/automotive-insights/blogs/2024/10/rising-vehicle-inventories-boost-brand-loyalty,EXISTS in AEM,PARTIAL (some unresolved),13,12,1,audienceRole: Dealer / retailer
https://www.spglobal.com/automotive-insights/en/blogs/2024/10/trucking-in-transition-potential-impacts-of-the-2024-election,Blog or Automotive Insights,/content/mobility-global/en-us/automotive-insights/blogs/2024/10/trucking-in-transition-potential-impacts-of-the-2024-election,EXISTS in AEM,PARTIAL (some unresolved),14,13,1,audienceRole: Government / policy maker
https://www.spglobal.com/automotive-insights/en/blogs/2024/11/auto-repair-marketing-for-aging-vehicles,Blog or Automotive Insights,/content/mobility-global/en-us/automotive-insights/blogs/2024/11/auto-repair-marketing-for-aging-vehicles,EXISTS in AEM,PARTIAL (some unresolved),9,8,1,topic: Aftermarket parts and components
https://www.spglobal.com/automotive-insights/en/blogs/2024/11/auto-shows-in-los-angeles-and-guangzhou,Blog or Automotive Insights,/content/mobility-global/en-us/automotive-insights/blogs/2024/11/auto-shows-in-los-angeles-and-guangzhou,EXISTS in AEM,APPLIED (all resolved),5,5,0,
https://www.spglobal.com/automotive-insights/en/blogs/2024/11/autotechinsight-interview-with-stellantis-cto-relying-solely-on-cloud-processing-is-impractical,Blog or Automotive Insights,/content/mobility-global/en-us/automotive-insights/blogs/2024/11/autotechinsight-interview-with-stellantis-cto-relying-solely-on-cloud-processing-is-impractical,EXISTS in AEM,APPLIED (all resolved),11,11,0,
https://www.spglobal.com/automotive-insights/en/blogs/2024/11/briefcase-oem-balancing-act,Blog or Automotive Insights,/content/mobility-global/en-us/automotive-insights/blogs/2024/11/briefcase-oem-balancing-act,EXISTS in AEM,APPLIED (all resolved),10,10,0,
https://www.spglobal.com/automotive-insights/en/blogs/2024/11/briefcase-on-a-lighter-note-the-automotive-industrys-weight-loss-journey,Blog or Automotive Insights,/content/mobility-global/en-us/automotive-insights/blogs/2024/11/briefcase-on-a-lighter-note-the-automotive-industrys-weight-loss-journey,EXISTS in AEM,APPLIED (all resolved),7,7,0,
https://www.spglobal.com/automotive-insights/en/blogs/2024/11/briefcase-qualcomms-automotive-business-hits-high-gears,Blog or Automotive Insights,/content/mobility-global/en-us/automotive-insights/blogs/2024/11/briefcase-qualcomms-automotive-business-hits-high-gears,EXISTS in AEM,APPLIED (all resolved),10,10,0,
https://www.spglobal.com/automotive-insights/en/blogs/2024/11/briefcase-tariff-trouble-will-mexicos-auto-investment-engine-splutter,Blog or Automotive Insights,/content/mobility-global/en-us/automotive-insights/blogs/2024/11/briefcase-tariff-trouble-will-mexicos-auto-investment-engine-splutter,EXISTS in AEM,APPLIED (all resolved),11,11,0,
https://www.spglobal.com/automotive-insights/en/blogs/2024/11/china-commercial-vehicles-production-capacity,Blog or Automotive Insights,/content/mobility-global/en-us/automotive-insights/blogs/2024/11/china-commercial-vehicles-production-capacity,EXISTS in AEM,APPLIED (all resolved),12,12,0,
https://www.spglobal.com/automotive-insights/en/blogs/2024/11/donald-trump-wins-what-to-expect-for-the-auto-industry,Blog or Automotive Insights,/content/mobility-global/en-us/automotive-insights/blogs/2024/11/donald-trump-wins-what-to-expect-for-the-auto-industry,EXISTS in AEM,PARTIAL (some unresolved),13,12,1,audienceRole: Government / policy maker
https://www.spglobal.com/automotive-insights/en/blogs/2024/11/how-eu-tariffs-will-impact-the-battery-electric-vehicle-market,Blog or Automotive Insights,/content/mobility-global/en-us/automotive-insights/blogs/2024/11/how-eu-tariffs-will-impact-the-battery-electric-vehicle-market,EXISTS in AEM,APPLIED (all resolved),10,10,0,
https://www.spglobal.com/automotive-insights/en/blogs/2024/11/november-2024-us-auto-sales-showing-signs-of-progress,Blog or Automotive Insights,/content/mobility-global/en-us/automotive-insights/blogs/2024/11/november-2024-us-auto-sales-showing-signs-of-progress,EXISTS in AEM,APPLIED (all resolved),11,11,0,
https://www.spglobal.com/automotive-insights/en/blogs/2024/11/the-evolution-of-electric-vehicle-battery-technology,Blog or Automotive Insights,/content/mobility-global/en-us/automotive-insights/blogs/2024/11/the-evolution-of-electric-vehicle-battery-technology,EXISTS in AEM,APPLIED (all resolved),10,10,0,
https://www.spglobal.com/automotive-insights/en/blogs/2024/11/under-the-radar-benefit-of-incremental-hybrid-vehicles,Blog or Automotive Insights,/content/mobility-global/en-us/automotive-insights/blogs/2024/11/under-the-radar-benefit-of-incremental-hybrid-vehicles,EXISTS in AEM,APPLIED (all resolved),8,8,0,
https://www.spglobal.com/automotive-insights/en/blogs/2024/12/automotive-industry-financed-emissions-decarbonization,Blog or Automotive Insights,/content/mobility-global/en-us/automotive-insights/blogs/2024/12/automotive-industry-financed-emissions-decarbonization,EXISTS in AEM,PARTIAL (some unresolved),8,7,1,audienceRole: Government / policy maker
https://www.spglobal.com/automotive-insights/en/blogs/2024/12/automotive-industry-forecast-2025-tariffs-evs,Blog or Automotive Insights,/content/mobility-global/en-us/automotive-insights/blogs/2024/12/automotive-industry-forecast-2025-tariffs-evs,EXISTS in AEM,PARTIAL (some unresolved),11,10,1,theme: Electric vehicle industry
https://www.spglobal.com/automotive-insights/en/blogs/2024/12/automotive-supply-chain-data-for-investors,Blog or Automotive Insights,/content/mobility-global/en-us/automotive-insights/blogs/2024/12/automotive-supply-chain-data-for-investors,EXISTS in AEM,APPLIED (all resolved),10,10,0,
https://www.spglobal.com/automotive-insights/en/blogs/2024/12/auto-sales-december-2024-us,Blog or Automotive Insights,/content/mobility-global/en-us/automotive-insights/blogs/2024/12/auto-sales-december-2024-us,EXISTS in AEM,APPLIED (all resolved),11,11,0,
https://www.spglobal.com/automotive-insights/en/blogs/2024/12/briefcase-nhtsa-ups-the-ante-on-adas-tech-evaluation,Blog or Automotive Insights,/content/mobility-global/en-us/automotive-insights/blogs/2024/12/briefcase-nhtsa-ups-the-ante-on-adas-tech-evaluation,EXISTS in AEM,PARTIAL (some unresolved),10,9,1,audienceRole: Government / policy maker
https://www.spglobal.com/automotive-insights/en/blogs/2024/12/briefcase-sibs-and-ssbs-dynamic-duo-challenge-ev-battery-market,Blog or Automotive Insights,/content/mobility-global/en-us/automotive-insights/blogs/2024/12/briefcase-sibs-and-ssbs-dynamic-duo-challenge-ev-battery-market,EXISTS in AEM,APPLIED (all resolved),10,10,0,
https://www.spglobal.com/automotive-insights/en/blogs/2024/12/briefcase-the-2024-year-end-review,Blog or Automotive Insights,/content/mobility-global/en-us/automotive-insights/blogs/2024/12/briefcase-the-2024-year-end-review,EXISTS in AEM,APPLIED (all resolved),9,9,0,
https://www.spglobal.com/automotive-insights/en/blogs/2024/12/car-dealerships-inventory-management-strategies,Blog or Automotive Insights,/content/mobility-global/en-us/automotive-insights/blogs/2024/12/car-dealerships-inventory-management-strategies,EXISTS in AEM,PARTIAL (some unresolved),8,7,1,audienceRole: Dealer / retailer
https://www.spglobal.com/automotive-insights/en/blogs/2024/12/china-commercial-vehicles-trucks-forecast,Blog or Automotive Insights,/content/mobility-global/en-us/automotive-insights/blogs/2024/12/china-commercial-vehicles-trucks-forecast,EXISTS in AEM,APPLIED (all resolved),11,11,0,
https://www.spglobal.com/automotive-insights/en/blogs/2024/12/december-2024-vehicle-production-forecast,Blog or Automotive Insights,/content/mobility-global/en-us/automotive-insights/blogs/2024/12/december-2024-vehicle-production-forecast,EXISTS in AEM,APPLIED (all resolved),8,8,0,
https://www.spglobal.com/automotive-insights/en/blogs/2024/12/european-union-carbon-emissions-regulations-vehicles,Blog or Automotive Insights,/content/mobility-global/en-us/automotive-insights/blogs/2024/12/european-union-carbon-emissions-regulations-vehicles,EXISTS in AEM,PARTIAL (some unresolved),9,8,1,audienceRole: Government / policy maker
https://www.spglobal.com/automotive-insights/en/blogs/2024/12/ev-sales-slowdown-cost-cuts-job-losses,Blog or Automotive Insights,/content/mobility-global/en-us/automotive-insights/blogs/2024/12/ev-sales-slowdown-cost-cuts-job-losses,EXISTS in AEM,PARTIAL (some unresolved),9,8,1,theme: Electric vehicle industry
https://www.spglobal.com/automotive-insights/en/blogs/2024/12/federal-rate-cuts-automotive-lender-business,Blog or Automotive Insights,/content/mobility-global/en-us/automotive-insights/blogs/2024/12/federal-rate-cuts-automotive-lender-business,EXISTS in AEM,PARTIAL (some unresolved),8,7,1,audienceRole: Leasing / financial services
https://www.spglobal.com/automotive-insights/en/blogs/2024/12/hybrids-thrive-as-electric-vehicle-growth-momentum-slows,Blog or Automotive Insights,/content/mobility-global/en-us/automotive-insights/blogs/2024/12/hybrids-thrive-as-electric-vehicle-growth-momentum-slows,EXISTS in AEM,PARTIAL (some unresolved),9,8,1,theme: Electric vehicle industry
https://www.spglobal.com/automotive-insights/en/blogs/2024/12/risks-and-rewards-of-automakers-on-software-defined-vehicles,Blog or Automotive Insights,/content/mobility-global/en-us/automotive-insights/blogs/2024/12/risks-and-rewards-of-automakers-on-software-defined-vehicles,EXISTS in AEM,APPLIED (all resolved),11,11,0,
https://www.spglobal.com/automotive-insights/en/blogs/2024/12/what-oems-dealers-lenders-need-know-about-auto-lease-returns-2025,Blog or Automotive Insights,/content/mobility-global/en-us/automotive-insights/blogs/2024/12/what-oems-dealers-lenders-need-know-about-auto-lease-returns-2025,EXISTS in AEM,PARTIAL (some unresolved),13,11,2,audienceRole: Dealer / retailer | audienceRole: Leasing / financial services
https://www.spglobal.com/automotive-insights/en/blogs/2024/2/briefcase-navigating-the-red-sea-crisis,Blog or Automotive Insights,/content/mobility-global/en-us/automotive-insights/blogs/2024/2/briefcase-navigating-the-red-sea-crisis,EXISTS in AEM,APPLIED (all resolved),9,9,0,
https://www.spglobal.com/automotive-insights/en/blogs/2024/2/sp-global-mobility-28th-annual-automotive-loyalty-awards,Blog or Automotive Insights,/content/mobility-global/en-us/automotive-insights/blogs/2024/2/sp-global-mobility-28th-annual-automotive-loyalty-awards,EXISTS in AEM,APPLIED (all resolved),9,9,0,
https://www.spglobal.com/automotive-insights/en/blogs/2024/2/sp-global-mobility-expands-partnership-with-automotive-news,Blog or Automotive Insights,/content/mobility-global/en-us/automotive-insights/blogs/2024/2/sp-global-mobility-expands-partnership-with-automotive-news,EXISTS in AEM,APPLIED (all resolved),4,4,0,
https://www.spglobal.com/automotive-insights/en/blogs/2024/2/us-commercial-vehicle-market-grew-14-percent-in-2023,Blog or Automotive Insights,/content/mobility-global/en-us/automotive-insights/blogs/2024/2/us-commercial-vehicle-market-grew-14-percent-in-2023,EXISTS in AEM,APPLIED (all resolved),12,12,0,
https://www.spglobal.com/automotive-insights/en/blogs/2024/3/briefcase-climate-politics-frances-carbon-footprint-incentive,Blog or Automotive Insights,/content/mobility-global/en-us/automotive-insights/blogs/2024/3/briefcase-climate-politics-frances-carbon-footprint-incentive,EXISTS in AEM,PARTIAL (some unresolved),14,13,1,audienceRole: Government / policy maker
https://www.spglobal.com/automotive-insights/en/blogs/2024/3/briefcase-indias-road-to-adas-adoption,Blog or Automotive Insights,/content/mobility-global/en-us/automotive-insights/blogs/2024/3/briefcase-indias-road-to-adas-adoption,EXISTS in AEM,APPLIED (all resolved),9,9,0,
https://www.spglobal.com/automotive-insights/en/blogs/2024/3/briefcase-sodium-ion-batteries-to-unseat-lithium,Blog or Automotive Insights,/content/mobility-global/en-us/automotive-insights/blogs/2024/3/briefcase-sodium-ion-batteries-to-unseat-lithium,EXISTS in AEM,APPLIED (all resolved),10,10,0,
https://www.spglobal.com/automotive-insights/en/blogs/2024/3/february-2024-us-auto-sales-to-bounce-mildly,Blog or Automotive Insights,/content/mobility-global/en-us/automotive-insights/blogs/2024/3/february-2024-us-auto-sales-to-bounce-mildly,EXISTS in AEM,APPLIED (all resolved),11,11,0,
https://www.spglobal.com/automotive-insights/en/blogs/2024/3/fuel-for-thought-the-road-to-transformation-charting-the-cours,Blog or Automotive Insights,/content/mobility-global/en-us/automotive-insights/blogs/2024/3/fuel-for-thought-the-road-to-transformation-charting-the-cours,EXISTS in AEM,APPLIED (all resolved),7,7,0,
https://www.spglobal.com/automotive-insights/en/blogs/2024/3/march-2024-us-auto-sales-reflect-uneasy-progress,Blog or Automotive Insights,/content/mobility-global/en-us/automotive-insights/blogs/2024/3/march-2024-us-auto-sales-reflect-uneasy-progress,EXISTS in AEM,APPLIED (all resolved),11,11,0,
https://www.spglobal.com/automotive-insights/en/blogs/2024/3/us-commercial-truck-market-beats-growth-expectations-new-insights,Blog or Automotive Insights,/content/mobility-global/en-us/automotive-insights/blogs/2024/3/us-commercial-truck-market-beats-growth-expectations-new-insights,EXISTS in AEM,APPLIED (all resolved),10,10,0,
https://www.spglobal.com/automotive-insights/en/blogs/2024/3/us-ev-sales-grew-nearly-52-in-2023,Blog or Automotive Insights,/content/mobility-global/en-us/automotive-insights/blogs/2024/3/us-ev-sales-grew-nearly-52-in-2023,EXISTS in AEM,PARTIAL (some unresolved),12,11,1,theme: Electric vehicle industry
https://www.spglobal.com/automotive-insights/en/blogs/2024/3/us-graphite-supply-chain-expansion-dimming-import-needs,Blog or Automotive Insights,/content/mobility-global/en-us/automotive-insights/blogs/2024/3/us-graphite-supply-chain-expansion-dimming-import-needs,EXISTS in AEM,APPLIED (all resolved),12,12,0,
https://www.spglobal.com/automotive-insights/en/blogs/2024/4/april-2024-us-auto-sales,Blog or Automotive Insights,/content/mobility-global/en-us/automotive-insights/blogs/2024/4/april-2024-us-auto-sales,EXISTS in AEM,APPLIED (all resolved),11,11,0,
https://www.spglobal.com/automotive-insights/en/blogs/2024/4/briefcase-taiwan-earthquake-puts-spotlight-back-on-chip-supply,Blog or Automotive Insights,/content/mobility-global/en-us/automotive-insights/blogs/2024/4/briefcase-taiwan-earthquake-puts-spotlight-back-on-chip-supply,EXISTS in AEM,APPLIED (all resolved),12,12,0,
https://www.spglobal.com/automotive-insights/en/blogs/2024/4/electric-vehicles-battery-production-india,Blog or Automotive Insights,/content/mobility-global/en-us/automotive-insights/blogs/2024/4/electric-vehicles-battery-production-india,EXISTS in AEM,APPLIED (all resolved),9,9,0,
https://www.spglobal.com/automotive-insights/en/blogs/2024/5/automotive-marketing-electric-vehicles,Blog or Automotive Insights,/content/mobility-global/en-us/automotive-insights/blogs/2024/5/automotive-marketing-electric-vehicles,EXISTS in AEM,PARTIAL (some unresolved),12,10,2,theme: Electric vehicle industry | audienceRole: Dealer / retailer
https://www.spglobal.com/automotive-insights/en/blogs/2024/5/average-age-vehicles-united-states-2024,Blog or Automotive Insights,/content/mobility-global/en-us/automotive-insights/blogs/2024/5/average-age-vehicles-united-states-2024,EXISTS in AEM,APPLIED (all resolved),11,11,0,
https://www.spglobal.com/automotive-insights/en/blogs/2024/5/briefcase-can-data-privacy-concerns-spoil-connected-car-party,Blog or Automotive Insights,/content/mobility-global/en-us/automotive-insights/blogs/2024/5/briefcase-can-data-privacy-concerns-spoil-connected-car-party,EXISTS in AEM,PARTIAL (some unresolved),10,9,1,audienceRole: Government / policy maker
https://www.spglobal.com/automotive-insights/en/blogs/2024/5/briefcase-eu-regulations-to-spark-surge-ev-charging-convenience,Blog or Automotive Insights,/content/mobility-global/en-us/automotive-insights/blogs/2024/5/briefcase-eu-regulations-to-spark-surge-ev-charging-convenience,EXISTS in AEM,PARTIAL (some unresolved),10,8,2,theme: Electric vehicle industry | audienceRole: Government / policy maker
https://www.spglobal.com/automotive-insights/en/blogs/2024/5/briefcase-india-new-electric-vehicle-policy,Blog or Automotive Insights,/content/mobility-global/en-us/automotive-insights/blogs/2024/5/briefcase-india-new-electric-vehicle-policy,EXISTS in AEM,PARTIAL (some unresolved),10,8,2,theme: Electric vehicle industry | audienceRole: Government / policy maker
https://www.spglobal.com/automotive-insights/en/blogs/2024/5/briefcase-software-defined-vehicles-identity-crisis-for-auto,Blog or Automotive Insights,/content/mobility-global/en-us/automotive-insights/blogs/2024/5/briefcase-software-defined-vehicles-identity-crisis-for-auto,EXISTS in AEM,APPLIED (all resolved),8,8,0,
https://www.spglobal.com/automotive-insights/en/blogs/2024/5/briefcase-the-game-of-tariffs-ev-battery-imports,Blog or Automotive Insights,/content/mobility-global/en-us/automotive-insights/blogs/2024/5/briefcase-the-game-of-tariffs-ev-battery-imports,EXISTS in AEM,PARTIAL (some unresolved),12,11,1,audienceRole: Government / policy maker
https://www.spglobal.com/automotive-insights/en/blogs/2024/5/electric-motors-eaxles-growth-trends,Blog or Automotive Insights,/content/mobility-global/en-us/automotive-insights/blogs/2024/5/electric-motors-eaxles-growth-trends,EXISTS in AEM,APPLIED (all resolved),10,10,0,
https://www.spglobal.com/automotive-insights/en/blogs/2024/5/fuel-for-thought-average-age-vehicles-2024,Blog or Automotive Insights,/content/mobility-global/en-us/automotive-insights/blogs/2024/5/fuel-for-thought-average-age-vehicles-2024,EXISTS in AEM,APPLIED (all resolved),8,8,0,
https://www.spglobal.com/automotive-insights/en/blogs/2024/5/global-ev-demand-raises-concerns-about-battery-cell,Blog or Automotive Insights,/content/mobility-global/en-us/automotive-insights/blogs/2024/5/global-ev-demand-raises-concerns-about-battery-cell,EXISTS in AEM,PARTIAL (some unresolved),13,12,1,theme: Electric vehicle industry
https://www.spglobal.com/automotive-insights/en/blogs/2024/5/may-2024-automotive-sales-united-states,Blog or Automotive Insights,/content/mobility-global/en-us/automotive-insights/blogs/2024/5/may-2024-automotive-sales-united-states,EXISTS in AEM,APPLIED (all resolved),11,11,0,
https://www.spglobal.com/automotive-insights/en/blogs/2024/6/9-highlights-survey-autonomous-vehicles,Blog or Automotive Insights,/content/mobility-global/en-us/automotive-insights/blogs/2024/6/9-highlights-survey-autonomous-vehicles,EXISTS in AEM,APPLIED (all resolved),7,7,0,
https://www.spglobal.com/automotive-insights/en/blogs/2024/6/automotive-insights-q1-2024-canadian-ev-information-and-analys,Blog or Automotive Insights,/content/mobility-global/en-us/automotive-insights/blogs/2024/6/automotive-insights-q1-2024-canadian-ev-information-and-analys,EXISTS in AEM,PARTIAL (some unresolved),11,10,1,theme: Electric vehicle industry
https://www.spglobal.com/automotive-insights/en/blogs/2024/6/briefcase-automotive-semiconductor-industry-positive-outlook,Blog or Automotive Insights,/content/mobility-global/en-us/automotive-insights/blogs/2024/6/briefcase-automotive-semiconductor-industry-positive-outlook,EXISTS in AEM,APPLIED (all resolved),11,11,0,
https://www.spglobal.com/automotive-insights/en/blogs/2024/6/briefcase-chinese-suppliers-gain-strong-foothold-lidar-market,Blog or Automotive Insights,/content/mobility-global/en-us/automotive-insights/blogs/2024/6/briefcase-chinese-suppliers-gain-strong-foothold-lidar-market,EXISTS in AEM,APPLIED (all resolved),15,15,0,
https://www.spglobal.com/automotive-insights/en/blogs/2024/6/briefcase-ev-manufacturing-in-thailand-chinese-automakers,Blog or Automotive Insights,/content/mobility-global/en-us/automotive-insights/blogs/2024/6/briefcase-ev-manufacturing-in-thailand-chinese-automakers,EXISTS in AEM,PARTIAL (some unresolved),11,10,1,theme: Electric vehicle industry
https://www.spglobal.com/automotive-insights/en/blogs/2024/6/connectivity-and-ota-updates,Blog or Automotive Insights,/content/mobility-global/en-us/automotive-insights/blogs/2024/6/connectivity-and-ota-updates,EXISTS in AEM,APPLIED (all resolved),10,10,0,
https://www.spglobal.com/automotive-insights/en/blogs/2024/6/demographic-marketing-automotive-industry,Blog or Automotive Insights,/content/mobility-global/en-us/automotive-insights/blogs/2024/6/demographic-marketing-automotive-industry,EXISTS in AEM,APPLIED (all resolved),8,8,0,
https://www.spglobal.com/automotive-insights/en/blogs/2024/6/electric-vehicle-growth-canada-usa,Blog or Automotive Insights,/content/mobility-global/en-us/automotive-insights/blogs/2024/6/electric-vehicle-growth-canada-usa,EXISTS in AEM,PARTIAL (some unresolved),9,8,1,theme: Electric vehicle industry
https://www.spglobal.com/automotive-insights/en/blogs/2024/6/powertrain-and-investments-propel-americas-electrification,Blog or Automotive Insights,/content/mobility-global/en-us/automotive-insights/blogs/2024/6/powertrain-and-investments-propel-americas-electrification,EXISTS in AEM,APPLIED (all resolved),8,8,0,
https://www.spglobal.com/automotive-insights/en/blogs/2024/6/surprising-trends-us-electric-vehicle-market,Blog or Automotive Insights,/content/mobility-global/en-us/automotive-insights/blogs/2024/6/surprising-trends-us-electric-vehicle-market,EXISTS in AEM,PARTIAL (some unresolved),12,11,1,theme: Electric vehicle industry
https://www.spglobal.com/automotive-insights/en/blogs/2024/6/us-auto-sales-june-2024,Blog or Automotive Insights,/content/mobility-global/en-us/automotive-insights/blogs/2024/6/us-auto-sales-june-2024,EXISTS in AEM,APPLIED (all resolved),11,11,0,
https://www.spglobal.com/automotive-insights/en/blogs/2024/7/a-breakdown-on-europe-chinese-ev-tariffs,Blog or Automotive Insights,/content/mobility-global/en-us/automotive-insights/blogs/2024/7/a-breakdown-on-europe-chinese-ev-tariffs,EXISTS in AEM,PARTIAL (some unresolved),12,10,2,theme: Electric vehicle industry | audienceRole: Government / policy maker
https://www.spglobal.com/automotive-insights/en/blogs/2024/7/auto-industry-responds-to-eu-tariffs-on-china-evs,Blog or Automotive Insights,/content/mobility-global/en-us/automotive-insights/blogs/2024/7/auto-industry-responds-to-eu-tariffs-on-china-evs,EXISTS in AEM,PARTIAL (some unresolved),12,10,2,theme: Electric vehicle industry | audienceRole: Government / policy maker
https://www.spglobal.com/automotive-insights/en/blogs/2024/7/briefcase-how-rivian-deal-propels-volkswagen-forward-sdv-race,Blog or Automotive Insights,/content/mobility-global/en-us/automotive-insights/blogs/2024/7/briefcase-how-rivian-deal-propels-volkswagen-forward-sdv-race,EXISTS in AEM,APPLIED (all resolved),11,11,0,
https://www.spglobal.com/automotive-insights/en/blogs/2024/7/briefcase-oems-battery-sourcing-conundrum,Blog or Automotive Insights,/content/mobility-global/en-us/automotive-insights/blogs/2024/7/briefcase-oems-battery-sourcing-conundrum,EXISTS in AEM,APPLIED (all resolved),11,11,0,
https://www.spglobal.com/automotive-insights/en/blogs/2024/7/fuel-for-thought-ev-battery-energy-demand-forecast,Blog or Automotive Insights,/content/mobility-global/en-us/automotive-insights/blogs/2024/7/fuel-for-thought-ev-battery-energy-demand-forecast,EXISTS in AEM,APPLIED (all resolved),11,11,0,
https://www.spglobal.com/automotive-insights/en/blogs/2024/7/july-light-vehicle-production-forecast,Blog or Automotive Insights,/content/mobility-global/en-us/automotive-insights/blogs/2024/7/july-light-vehicle-production-forecast,EXISTS in AEM,APPLIED (all resolved),8,8,0,
https://www.spglobal.com/automotive-insights/en/blogs/2024/7/july-us-auto-sales-to-realize-bounce-from-june-impacts,Blog or Automotive Insights,/content/mobility-global/en-us/automotive-insights/blogs/2024/7/july-us-auto-sales-to-realize-bounce-from-june-impacts,EXISTS in AEM,APPLIED (all resolved),11,11,0,
https://www.spglobal.com/automotive-insights/en/blogs/2024/7/toyota-tundra-represents-growing-competition-in-pickup-segment,Blog or Automotive Insights,/content/mobility-global/en-us/automotive-insights/blogs/2024/7/toyota-tundra-represents-growing-competition-in-pickup-segment,EXISTS in AEM,APPLIED (all resolved),10,10,0,
https://www.spglobal.com/automotive-insights/en/blogs/2024/8/august-2024-auto-sales-united-states,Blog or Automotive Insights,/content/mobility-global/en-us/automotive-insights/blogs/2024/8/august-2024-auto-sales-united-states,EXISTS in AEM,APPLIED (all resolved),11,11,0,
https://www.spglobal.com/automotive-insights/en/blogs/2024/8/automakers-struggle-to-sustain-profit-margins,Blog or Automotive Insights,/content/mobility-global/en-us/automotive-insights/blogs/2024/8/automakers-struggle-to-sustain-profit-margins,EXISTS in AEM,APPLIED (all resolved),8,8,0,
https://www.spglobal.com/automotive-insights/en/blogs/2024/8/automotive-loyalty-hybrid-electric-vehicle-buyers,Blog or Automotive Insights,/content/mobility-global/en-us/automotive-insights/blogs/2024/8/automotive-loyalty-hybrid-electric-vehicle-buyers,EXISTS in AEM,APPLIED (all resolved),8,8,0,
https://www.spglobal.com/automotive-insights/en/blogs/2024/8/briefcase-another-semiconductor-shortage-may-be-coming,Blog or Automotive Insights,/content/mobility-global/en-us/automotive-insights/blogs/2024/8/briefcase-another-semiconductor-shortage-may-be-coming,EXISTS in AEM,APPLIED (all resolved),11,11,0,
https://www.spglobal.com/automotive-insights/en/blogs/2024/8/briefcase-ev-software-challenges-lessons-from-volvo-and-volksw,Blog or Automotive Insights,/content/mobility-global/en-us/automotive-insights/blogs/2024/8/briefcase-ev-software-challenges-lessons-from-volvo-and-volksw,EXISTS in AEM,APPLIED (all resolved),9,9,0,
https://www.spglobal.com/automotive-insights/en/blogs/2024/8/briefcase-south-korean-companies-eye-low-cost-lfp-battery-mkt,Blog or Automotive Insights,/content/mobility-global/en-us/automotive-insights/blogs/2024/8/briefcase-south-korean-companies-eye-low-cost-lfp-battery-mkt,EXISTS in AEM,PARTIAL (some unresolved),14,12,2,marketSalesRegion: Japan/Korea | marketRegion: Japan/Korea
https://www.spglobal.com/automotive-insights/en/blogs/2024/8/briefcase-steering-into-the-future-telematics-is-the-wheel-deal,Blog or Automotive Insights,/content/mobility-global/en-us/automotive-insights/blogs/2024/8/briefcase-steering-into-the-future-telematics-is-the-wheel-deal,EXISTS in AEM,APPLIED (all resolved),8,8,0,
https://www.spglobal.com/automotive-insights/en/blogs/2024/8/electric-vehicle-adoption-trends-its-not-all-grim,Blog or Automotive Insights,/content/mobility-global/en-us/automotive-insights/blogs/2024/8/electric-vehicle-adoption-trends-its-not-all-grim,EXISTS in AEM,APPLIED (all resolved),9,9,0,
https://www.spglobal.com/automotive-insights/en/blogs/2024/8/fuel-for-thought-electric-vehicle-adoption-trends-china,Blog or Automotive Insights,/content/mobility-global/en-us/automotive-insights/blogs/2024/8/fuel-for-thought-electric-vehicle-adoption-trends-china,EXISTS in AEM,PARTIAL (some unresolved),13,12,1,topic: Electric vehicle industry
https://www.spglobal.com/automotive-insights/en/blogs/2024/8/light-vehicle-production-forecast-august-2024,Blog or Automotive Insights,/content/mobility-global/en-us/automotive-insights/blogs/2024/8/light-vehicle-production-forecast-august-2024,EXISTS in AEM,APPLIED (all resolved),8,8,0,
https://www.spglobal.com/automotive-insights/en/blogs/2024/8/motor-shows-where-are-they-now,Blog or Automotive Insights,/content/mobility-global/en-us/automotive-insights/blogs/2024/8/motor-shows-where-are-they-now,EXISTS in AEM,APPLIED (all resolved),6,6,0,
https://www.spglobal.com/automotive-insights/en/blogs/2024/8/the-growing-popularity-of-ev-leasing,Blog or Automotive Insights,/content/mobility-global/en-us/automotive-insights/blogs/2024/8/the-growing-popularity-of-ev-leasing,EXISTS in AEM,PARTIAL (some unresolved),12,9,3,theme: Electric vehicle industry | audienceRole: Leasing / financial services | audienceRole: Dealer / retailer
https://www.spglobal.com/automotive-insights/en/blogs/2024/8/us-automotive-brand-loyalty-rates,Blog or Automotive Insights,/content/mobility-global/en-us/automotive-insights/blogs/2024/8/us-automotive-brand-loyalty-rates,EXISTS in AEM,APPLIED (all resolved),11,11,0,
https://www.spglobal.com/automotive-insights/en/blogs/2024/9/briefcase-india-ev-infrastructure-growth-nearly-fully-charged,Blog or Automotive Insights,/content/mobility-global/en-us/automotive-insights/blogs/2024/9/briefcase-india-ev-infrastructure-growth-nearly-fully-charged,EXISTS in AEM,PARTIAL (some unresolved),9,7,2,theme: Electric vehicle industry | audienceRole: Government / policy maker
https://www.spglobal.com/automotive-insights/en/blogs/2024/9/canada-tariffs-chinese-products-electric-vehicles,Blog or Automotive Insights,/content/mobility-global/en-us/automotive-insights/blogs/2024/9/canada-tariffs-chinese-products-electric-vehicles,EXISTS in AEM,PARTIAL (some unresolved),10,9,1,audienceRole: Government / policy maker
https://www.spglobal.com/automotive-insights/en/blogs/2024/9/canadian-automotive-insights-q2-2024,Blog or Automotive Insights,/content/mobility-global/en-us/automotive-insights/blogs/2024/9/canadian-automotive-insights-q2-2024,EXISTS in AEM,PARTIAL (some unresolved),10,9,1,theme: Electric vehicle industry
https://www.spglobal.com/automotive-insights/en/blogs/2024/9/challenges-of-phantom-braking,Blog or Automotive Insights,/content/mobility-global/en-us/automotive-insights/blogs/2024/9/challenges-of-phantom-braking,EXISTS in AEM,PARTIAL (some unresolved),11,10,1,audienceRole: Government / policy maker
https://www.spglobal.com/automotive-insights/en/blogs/2024/9/emissions-regulations-drive-electric-vehicles-europe,Blog or Automotive Insights,/content/mobility-global/en-us/automotive-insights/blogs/2024/9/emissions-regulations-drive-electric-vehicles-europe,EXISTS in AEM,PARTIAL (some unresolved),9,7,2,theme: Electric vehicle industry | audienceRole: Government / policy maker
https://www.spglobal.com/automotive-insights/en/blogs/2024/9/fault-lines-in-the-connected-car-data-landscape,Blog or Automotive Insights,/content/mobility-global/en-us/automotive-insights/blogs/2024/9/fault-lines-in-the-connected-car-data-landscape,EXISTS in AEM,PARTIAL (some unresolved),11,10,1,audienceRole: Government / policy maker
https://www.spglobal.com/automotive-insights/en/blogs/2024/9/how-stellantis-is-embracing-software-defined-vehicles,Blog or Automotive Insights,/content/mobility-global/en-us/automotive-insights/blogs/2024/9/how-stellantis-is-embracing-software-defined-vehicles,EXISTS in AEM,APPLIED (all resolved),8,8,0,
https://www.spglobal.com/automotive-insights/en/blogs/2024/9/navigating-the-future-of-automotive-retail,Blog or Automotive Insights,/content/mobility-global/en-us/automotive-insights/blogs/2024/9/navigating-the-future-of-automotive-retail,EXISTS in AEM,PARTIAL (some unresolved),7,6,1,audienceRole: Dealer / retailer
https://www.spglobal.com/automotive-insights/en/blogs/2024/9/oems-gently-braking-on-ev-investment,Blog or Automotive Insights,/content/mobility-global/en-us/automotive-insights/blogs/2024/9/oems-gently-braking-on-ev-investment,EXISTS in AEM,PARTIAL (some unresolved),9,8,1,theme: Electric vehicle industry
https://www.spglobal.com/automotive-insights/en/blogs/2024/9/self-driving-cars-gain-momentum-in-us,Blog or Automotive Insights,/content/mobility-global/en-us/automotive-insights/blogs/2024/9/self-driving-cars-gain-momentum-in-us,EXISTS in AEM,APPLIED (all resolved),11,11,0,
https://www.spglobal.com/automotive-insights/en/blogs/2024/9/semiconductor-supply-chain-disruption-us-china-trade-conflict,Blog or Automotive Insights,/content/mobility-global/en-us/automotive-insights/blogs/2024/9/semiconductor-supply-chain-disruption-us-china-trade-conflict,EXISTS in AEM,APPLIED (all resolved),14,14,0,
https://www.spglobal.com/automotive-insights/en/blogs/2024/9/september-2024-us-auto-sales-preview,Blog or Automotive Insights,/content/mobility-global/en-us/automotive-insights/blogs/2024/9/september-2024-us-auto-sales-preview,EXISTS in AEM,APPLIED (all resolved),11,11,0,
https://www.spglobal.com/automotive-insights/en/blogs/2024/9/september-light-vehicle-production-forecast,Blog or Automotive Insights,/content/mobility-global/en-us/automotive-insights/blogs/2024/9/september-light-vehicle-production-forecast,EXISTS in AEM,APPLIED (all resolved),9,9,0,
https://www.spglobal.com/automotive-insights/en/blogs/2024/9/understanding-global-automotive-demand-in-2024,Blog or Automotive Insights,/content/mobility-global/en-us/automotive-insights/blogs/2024/9/understanding-global-automotive-demand-in-2024,EXISTS in AEM,APPLIED (all resolved),8,8,0,
https://www.spglobal.com/automotive-insights/en/blogs/2024/9/us-auto-market-oems-captive-lenders-challenges,Blog or Automotive Insights,/content/mobility-global/en-us/automotive-insights/blogs/2024/9/us-auto-market-oems-captive-lenders-challenges,EXISTS in AEM,PARTIAL (some unresolved),16,14,2,audienceRole: Leasing / financial services | audienceRole: Dealer / retailer
https://www.spglobal.com/automotive-insights/en/blogs/2024/9/us-medium-heavy-commercial-vehicle-forecast,Blog or Automotive Insights,/content/mobility-global/en-us/automotive-insights/blogs/2024/9/us-medium-heavy-commercial-vehicle-forecast,EXISTS in AEM,APPLIED (all resolved),11,11,0,
https://www.spglobal.com/automotive-insights/en/blogs/2025/01/ai-automotive-trends-ces-2025-recap,Blog or Automotive Insights,/content/mobility-global/en-us/automotive-insights/blogs/2025/01/ai-automotive-trends-ces-2025-recap,EXISTS in AEM,APPLIED (all resolved),9,9,0,
https://www.spglobal.com/automotive-insights/en/blogs/2025/01/automotive-suppliers-outlook-2025-trends-and-challenges,Blog or Automotive Insights,/content/mobility-global/en-us/automotive-insights/blogs/2025/01/automotive-suppliers-outlook-2025-trends-and-challenges,EXISTS in AEM,APPLIED (all resolved),10,10,0,
https://www.spglobal.com/automotive-insights/en/blogs/2025/01/briefcase-honda-nissan-merger-a-potential-game-changer,Blog or Automotive Insights,/content/mobility-global/en-us/automotive-insights/blogs/2025/01/briefcase-honda-nissan-merger-a-potential-game-changer,EXISTS in AEM,PARTIAL (some unresolved),13,11,2,marketSalesRegion: Japan/Korea | marketRegion: Japan/Korea
https://www.spglobal.com/automotive-insights/en/blogs/2025/01/january-auto-sales-2025-begin-year-on-positive-note,Blog or Automotive Insights,/content/mobility-global/en-us/automotive-insights/blogs/2025/01/january-auto-sales-2025-begin-year-on-positive-note,EXISTS in AEM,APPLIED (all resolved),8,8,0,
https://www.spglobal.com/automotive-insights/en/blogs/2025/01/luxury-car-market-lexus-outperforms-rivals,Blog or Automotive Insights,/content/mobility-global/en-us/automotive-insights/blogs/2025/01/luxury-car-market-lexus-outperforms-rivals,EXISTS in AEM,APPLIED (all resolved),10,10,0,
https://www.spglobal.com/automotive-insights/en/blogs/2025/01/nada-show-2025-accelerate-your-sales-cycle,Blog or Automotive Insights,/content/mobility-global/en-us/automotive-insights/blogs/2025/01/nada-show-2025-accelerate-your-sales-cycle,EXISTS in AEM,APPLIED (all resolved),6,6,0,
https://www.spglobal.com/automotive-insights/en/blogs/2025/01/trucking-industry-forecast-for-the-next-decade-and-beyond,Blog or Automotive Insights,/content/mobility-global/en-us/automotive-insights/blogs/2025/01/trucking-industry-forecast-for-the-next-decade-and-beyond,EXISTS in AEM,APPLIED (all resolved),8,8,0,
https://www.spglobal.com/automotive-insights/en/blogs/2025/01/us-automotive-inventory-levels-2024,Blog or Automotive Insights,/content/mobility-global/en-us/automotive-insights/blogs/2025/01/us-automotive-inventory-levels-2024,EXISTS in AEM,APPLIED (all resolved),11,11,0,
https://www.spglobal.com/automotive-insights/en/blogs/2025/01/volkswagen-union-negotiations-deal-germany,Blog or Automotive Insights,/content/mobility-global/en-us/automotive-insights/blogs/2025/01/volkswagen-union-negotiations-deal-germany,EXISTS in AEM,APPLIED (all resolved),10,10,0,
https://www.spglobal.com/automotive-insights/en/blogs/2025/01/where-are-ev-battery-prices-headed-in-2025-and-beyond,Blog or Automotive Insights,/content/mobility-global/en-us/automotive-insights/blogs/2025/01/where-are-ev-battery-prices-headed-in-2025-and-beyond,EXISTS in AEM,APPLIED (all resolved),10,10,0,
https://www.spglobal.com/automotive-insights/en/blogs/2025/02/2025-commercial-vehicle-industry-forecast-europe,Blog or Automotive Insights,/content/mobility-global/en-us/automotive-insights/blogs/2025/02/2025-commercial-vehicle-industry-forecast-europe,EXISTS in AEM,APPLIED (all resolved),8,8,0,
https://www.spglobal.com/automotive-insights/en/blogs/2025/02/29th-annual-automotive-loyalty-awards,Blog or Automotive Insights,/content/mobility-global/en-us/automotive-insights/blogs/2025/02/29th-annual-automotive-loyalty-awards,EXISTS in AEM,APPLIED (all resolved),9,9,0,
https://www.spglobal.com/automotive-insights/en/blogs/2025/02/beyond-the-buzz-ai-in-the-automotive-industry,Blog or Automotive Insights,/content/mobility-global/en-us/automotive-insights/blogs/2025/02/beyond-the-buzz-ai-in-the-automotive-industry,EXISTS in AEM,APPLIED (all resolved),6,6,0,
https://www.spglobal.com/automotive-insights/en/blogs/2025/02/bridging-gaps-carbon-reporting-automotive-industry,Blog or Automotive Insights,/content/mobility-global/en-us/automotive-insights/blogs/2025/02/bridging-gaps-carbon-reporting-automotive-industry,EXISTS in AEM,PARTIAL (some unresolved),9,8,1,audienceRole: Government / policy maker
https://www.spglobal.com/automotive-insights/en/blogs/2025/02/byd-in-europe-expansion,Blog or Automotive Insights,/content/mobility-global/en-us/automotive-insights/blogs/2025/02/byd-in-europe-expansion,EXISTS in AEM,APPLIED (all resolved),11,11,0,
https://www.spglobal.com/automotive-insights/en/blogs/2025/02/electric-vehicle-industry-in-india-shows-promising-growth,Blog or Automotive Insights,/content/mobility-global/en-us/automotive-insights/blogs/2025/02/electric-vehicle-industry-in-india-shows-promising-growth,EXISTS in AEM,PARTIAL (some unresolved),10,9,1,theme: Electric vehicle industry
https://www.spglobal.com/automotive-insights/en/blogs/2025/02/electric-vehicle-market-trends-conquest-insights,Blog or Automotive Insights,/content/mobility-global/en-us/automotive-insights/blogs/2025/02/electric-vehicle-market-trends-conquest-insights,EXISTS in AEM,PARTIAL (some unresolved),10,9,1,theme: Electric vehicle industry
https://www.spglobal.com/automotive-insights/en/blogs/2025/02/geopolitics-ai-level-4-autonomy,Blog or Automotive Insights,/content/mobility-global/en-us/automotive-insights/blogs/2025/02/geopolitics-ai-level-4-autonomy,EXISTS in AEM,PARTIAL (some unresolved),7,6,1,audienceRole: Government / policy maker
https://www.spglobal.com/automotive-insights/en/blogs/2025/02/incentives-affordability-vehicle-marketing,Blog or Automotive Insights,/content/mobility-global/en-us/automotive-insights/blogs/2025/02/incentives-affordability-vehicle-marketing,EXISTS in AEM,PARTIAL (some unresolved),10,9,1,audienceRole: Dealer / retailer
https://www.spglobal.com/automotive-insights/en/blogs/2025/02/semiconductor-tariffs-impact-automotive-costs,Blog or Automotive Insights,/content/mobility-global/en-us/automotive-insights/blogs/2025/02/semiconductor-tariffs-impact-automotive-costs,EXISTS in AEM,APPLIED (all resolved),13,13,0,
https://www.spglobal.com/automotive-insights/en/blogs/2025/02/strategies-to-grow-customer-loyalty-automotive-industry,Blog or Automotive Insights,/content/mobility-global/en-us/automotive-insights/blogs/2025/02/strategies-to-grow-customer-loyalty-automotive-industry,EXISTS in AEM,PARTIAL (some unresolved),10,9,1,audienceRole: Dealer / retailer
https://www.spglobal.com/automotive-insights/en/blogs/2025/03/2024-us-commercial-vehicle-market-stability-ev-growth,Blog or Automotive Insights,/content/mobility-global/en-us/automotive-insights/blogs/2025/03/2024-us-commercial-vehicle-market-stability-ev-growth,EXISTS in AEM,APPLIED (all resolved),10,10,0,
https://www.spglobal.com/automotive-insights/en/blogs/2025/03/canada-electric-vehicle-industry-insights,Blog or Automotive Insights,/content/mobility-global/en-us/automotive-insights/blogs/2025/03/canada-electric-vehicle-industry-insights,EXISTS in AEM,PARTIAL (some unresolved),11,10,1,theme: Electric vehicle industry
https://www.spglobal.com/automotive-insights/en/blogs/2025/03/electrification-electric-vehicle-trends-united-states,Blog or Automotive Insights,/content/mobility-global/en-us/automotive-insights/blogs/2025/03/electrification-electric-vehicle-trends-united-states,EXISTS in AEM,PARTIAL (some unresolved),11,10,1,theme: Electric vehicle industry
https://www.spglobal.com/automotive-insights/en/blogs/2025/03/hydrogen-trucks-in-india-green-hydrogen-potential,Blog or Automotive Insights,/content/mobility-global/en-us/automotive-insights/blogs/2025/03/hydrogen-trucks-in-india-green-hydrogen-potential,EXISTS in AEM,APPLIED (all resolved),9,9,0,
https://www.spglobal.com/automotive-insights/en/blogs/2025/03/hyundai-investment-us-localization-efforts,Blog or Automotive Insights,/content/mobility-global/en-us/automotive-insights/blogs/2025/03/hyundai-investment-us-localization-efforts,EXISTS in AEM,APPLIED (all resolved),8,8,0,
https://www.spglobal.com/automotive-insights/en/blogs/2025/03/india-ev-market-trends-future,Blog or Automotive Insights,/content/mobility-global/en-us/automotive-insights/blogs/2025/03/india-ev-market-trends-future,EXISTS in AEM,PARTIAL (some unresolved),8,7,1,theme: Electric vehicle industry
https://www.spglobal.com/automotive-insights/en/blogs/2025/03/metal-tariffs-automotive-industry-impact,Blog or Automotive Insights,/content/mobility-global/en-us/automotive-insights/blogs/2025/03/metal-tariffs-automotive-industry-impact,EXISTS in AEM,APPLIED (all resolved),11,11,0,
https://www.spglobal.com/automotive-insights/en/blogs/2025/03/more-oems-expected-to-push-level-3-autonomy,Blog or Automotive Insights,/content/mobility-global/en-us/automotive-insights/blogs/2025/03/more-oems-expected-to-push-level-3-autonomy,EXISTS in AEM,APPLIED (all resolved),8,8,0,
https://www.spglobal.com/automotive-insights/en/blogs/2025/03/tesla-robotaxi-bold-vision-significant-roadblocks,Blog or Automotive Insights,/content/mobility-global/en-us/automotive-insights/blogs/2025/03/tesla-robotaxi-bold-vision-significant-roadblocks,EXISTS in AEM,APPLIED (all resolved),8,8,0,
https://www.spglobal.com/automotive-insights/en/blogs/2025/04/auto-supply-chain-suppliers-mergers,Blog or Automotive Insights,/content/mobility-global/en-us/automotive-insights/blogs/2025/04/auto-supply-chain-suppliers-mergers,EXISTS in AEM,APPLIED (all resolved),11,11,0,
https://www.spglobal.com/automotive-insights/en/blogs/2025/04/byd-charges-ahead-super-e-platform,Blog or Automotive Insights,/content/mobility-global/en-us/automotive-insights/blogs/2025/04/byd-charges-ahead-super-e-platform,EXISTS in AEM,PARTIAL (some unresolved),8,7,1,theme: Electric vehicle industry
https://www.spglobal.com/automotive-insights/en/blogs/2025/04/catl-byd-battery-tech-news,Blog or Automotive Insights,/content/mobility-global/en-us/automotive-insights/blogs/2025/04/catl-byd-battery-tech-news,EXISTS in AEM,APPLIED (all resolved),12,12,0,
https://www.spglobal.com/automotive-insights/en/blogs/2025/04/future-of-automotive-procurement-key-trends,Blog or Automotive Insights,/content/mobility-global/en-us/automotive-insights/blogs/2025/04/future-of-automotive-procurement-key-trends,EXISTS in AEM,APPLIED (all resolved),11,11,0,
https://www.spglobal.com/automotive-insights/en/blogs/2025/04/hyundai-pleos-software-launch-shifts-mobility-game,Blog or Automotive Insights,/content/mobility-global/en-us/automotive-insights/blogs/2025/04/hyundai-pleos-software-launch-shifts-mobility-game,EXISTS in AEM,APPLIED (all resolved),8,8,0,
https://www.spglobal.com/automotive-insights/en/blogs/2025/04/lexus-german-cars-luxury-car-buyers-behavior,Blog or Automotive Insights,/content/mobility-global/en-us/automotive-insights/blogs/2025/04/lexus-german-cars-luxury-car-buyers-behavior,EXISTS in AEM,APPLIED (all resolved),7,7,0,
https://www.spglobal.com/automotive-insights/en/blogs/2025/04/suppliers-outpace-automaker-profits-q4-2024,Blog or Automotive Insights,/content/mobility-global/en-us/automotive-insights/blogs/2025/04/suppliers-outpace-automaker-profits-q4-2024,EXISTS in AEM,APPLIED (all resolved),9,9,0,
https://www.spglobal.com/automotive-insights/en/blogs/2025/05/autonomous-vehicles-and-rising-consumer-trust,Blog or Automotive Insights,/content/mobility-global/en-us/automotive-insights/blogs/2025/05/autonomous-vehicles-and-rising-consumer-trust,EXISTS in AEM,APPLIED (all resolved),8,8,0,
https://www.spglobal.com/automotive-insights/en/blogs/2025/05/average-age-of-vehicle-in-us,Blog or Automotive Insights,/content/mobility-global/en-us/automotive-insights/blogs/2025/05/average-age-of-vehicle-in-us,EXISTS in AEM,APPLIED (all resolved),7,7,0,
https://www.spglobal.com/automotive-insights/en/blogs/2025/05/benchmarking-guide-software-defined-vehicles,Blog or Automotive Insights,/content/mobility-global/en-us/automotive-insights/blogs/2025/05/benchmarking-guide-software-defined-vehicles,EXISTS in AEM,APPLIED (all resolved),7,7,0,
https://www.spglobal.com/automotive-insights/en/blogs/2025/05/california-advanced-clean-cars-zev-rules,Blog or Automotive Insights,/content/mobility-global/en-us/automotive-insights/blogs/2025/05/california-advanced-clean-cars-zev-rules,EXISTS in AEM,PARTIAL (some unresolved),14,13,1,audienceRole: Government / policy maker
https://www.spglobal.com/automotive-insights/en/blogs/2025/05/commercial-vehicle-forecast-cut-2025-tariffs-economy,Blog or Automotive Insights,/content/mobility-global/en-us/automotive-insights/blogs/2025/05/commercial-vehicle-forecast-cut-2025-tariffs-economy,EXISTS in AEM,APPLIED (all resolved),11,11,0,
https://www.spglobal.com/automotive-insights/en/blogs/2025/05/critical-minerals-shortages-looming-threat-ev-industry,Blog or Automotive Insights,/content/mobility-global/en-us/automotive-insights/blogs/2025/05/critical-minerals-shortages-looming-threat-ev-industry,EXISTS in AEM,APPLIED (all resolved),10,10,0,
https://www.spglobal.com/automotive-insights/en/blogs/2025/05/how-oems-can-navigate-end-of-life-vehicles-directive,Blog or Automotive Insights,/content/mobility-global/en-us/automotive-insights/blogs/2025/05/how-oems-can-navigate-end-of-life-vehicles-directive,EXISTS in AEM,PARTIAL (some unresolved),9,8,1,audienceRole: Government / policy maker
https://www.spglobal.com/automotive-insights/en/blogs/2025/05/motorcycle-powersports-industry-loyalty-hits-five-year-high,Blog or Automotive Insights,/content/mobility-global/en-us/automotive-insights/blogs/2025/05/motorcycle-powersports-industry-loyalty-hits-five-year-high,EXISTS in AEM,APPLIED (all resolved),6,6,0,
https://www.spglobal.com/automotive-insights/en/blogs/2025/05/nevi-program-freeze-shakes-ev-charging-industry,Blog or Automotive Insights,/content/mobility-global/en-us/automotive-insights/blogs/2025/05/nevi-program-freeze-shakes-ev-charging-industry,EXISTS in AEM,PARTIAL (some unresolved),14,12,2,theme: Electric vehicle industry | audienceRole: Government / policy maker
https://www.spglobal.com/automotive-insights/en/blogs/2025/05/revamping-automotive-sourcing-electric-vehicle-market,Blog or Automotive Insights,/content/mobility-global/en-us/automotive-insights/blogs/2025/05/revamping-automotive-sourcing-electric-vehicle-market,EXISTS in AEM,APPLIED (all resolved),10,10,0,
https://www.spglobal.com/automotive-insights/en/blogs/2025/05/shanghai-auto-show-2025-highlights,Blog or Automotive Insights,/content/mobility-global/en-us/automotive-insights/blogs/2025/05/shanghai-auto-show-2025-highlights,EXISTS in AEM,APPLIED (all resolved),8,8,0,
https://www.spglobal.com/automotive-insights/en/blogs/2025/05/shanghai-auto-show-2025-highlights-reevs,Blog or Automotive Insights,/content/mobility-global/en-us/automotive-insights/blogs/2025/05/shanghai-auto-show-2025-highlights-reevs,EXISTS in AEM,APPLIED (all resolved),10,10,0,
https://www.spglobal.com/automotive-insights/en/blogs/2025/05/superfast-ev-charging-china,Blog or Automotive Insights,/content/mobility-global/en-us/automotive-insights/blogs/2025/05/superfast-ev-charging-china,EXISTS in AEM,PARTIAL (some unresolved),12,11,1,theme: Electric vehicle industry
https://www.spglobal.com/automotive-insights/en/blogs/2025/06/automotive-computing-the-new-competitive-advantage-for-oems,Blog or Automotive Insights,/content/mobility-global/en-us/automotive-insights/blogs/2025/06/automotive-computing-the-new-competitive-advantage-for-oems,EXISTS in AEM,APPLIED (all resolved),9,9,0,
https://www.spglobal.com/automotive-insights/en/blogs/2025/06/automotive-industry-segments-brand-performance,Blog or Automotive Insights,/content/mobility-global/en-us/automotive-insights/blogs/2025/06/automotive-industry-segments-brand-performance,EXISTS in AEM,APPLIED (all resolved),12,12,0,
https://www.spglobal.com/automotive-insights/en/blogs/2025/06/fisita-2025-how-megatrends-are-transforming-vehicle-planning,Blog or Automotive Insights,/content/mobility-global/en-us/automotive-insights/blogs/2025/06/fisita-2025-how-megatrends-are-transforming-vehicle-planning,EXISTS in AEM,APPLIED (all resolved),7,7,0,
https://www.spglobal.com/automotive-insights/en/blogs/2025/06/innovative-strategies-for-automotive-supply-chain-resilience,Blog or Automotive Insights,/content/mobility-global/en-us/automotive-insights/blogs/2025/06/innovative-strategies-for-automotive-supply-chain-resilience,EXISTS in AEM,APPLIED (all resolved),10,10,0,
https://www.spglobal.com/automotive-insights/en/blogs/2025/06/making-the-small-passenger-car-affordable,Blog or Automotive Insights,/content/mobility-global/en-us/automotive-insights/blogs/2025/06/making-the-small-passenger-car-affordable,EXISTS in AEM,APPLIED (all resolved),9,9,0,
https://www.spglobal.com/automotive-insights/en/blogs/2025/06/new-vehicle-registrations-drop-for-18-34-year-olds,Blog or Automotive Insights,/content/mobility-global/en-us/automotive-insights/blogs/2025/06/new-vehicle-registrations-drop-for-18-34-year-olds,EXISTS in AEM,APPLIED (all resolved),8,8,0,
https://www.spglobal.com/automotive-insights/en/blogs/2025/06/qualcomm-automotive-technology-automotive-value-chain,Blog or Automotive Insights,/content/mobility-global/en-us/automotive-insights/blogs/2025/06/qualcomm-automotive-technology-automotive-value-chain,EXISTS in AEM,APPLIED (all resolved),9,9,0,
https://www.spglobal.com/automotive-insights/en/blogs/2025/06/russia-automotive-market-challenges-foreign-automakers,Blog or Automotive Insights,/content/mobility-global/en-us/automotive-insights/blogs/2025/06/russia-automotive-market-challenges-foreign-automakers,EXISTS in AEM,APPLIED (all resolved),11,11,0,
https://www.spglobal.com/automotive-insights/en/blogs/2025/06/sodium-ion-battery-technology,Blog or Automotive Insights,/content/mobility-global/en-us/automotive-insights/blogs/2025/06/sodium-ion-battery-technology,EXISTS in AEM,APPLIED (all resolved),9,9,0,
https://www.spglobal.com/automotive-insights/en/blogs/2025/06/your-automotive-marketing-guide-to-new-vehicle-launches,Blog or Automotive Insights,/content/mobility-global/en-us/automotive-insights/blogs/2025/06/your-automotive-marketing-guide-to-new-vehicle-launches,EXISTS in AEM,APPLIED (all resolved),5,5,0,
https://www.spglobal.com/automotive-insights/en/blogs/2025/07/ai-in-automotive-industry,Blog or Automotive Insights,/content/mobility-global/en-us/automotive-insights/blogs/2025/07/ai-in-automotive-industry,EXISTS in AEM,APPLIED (all resolved),7,7,0,
https://www.spglobal.com/automotive-insights/en/blogs/2025/07/chinas-xiaomi-yu7-launch-shakes-up-ev-landscape,Blog or Automotive Insights,/content/mobility-global/en-us/automotive-insights/blogs/2025/07/chinas-xiaomi-yu7-launch-shakes-up-ev-landscape,EXISTS in AEM,PARTIAL (some unresolved),11,10,1,theme: Electric vehicle industry
https://www.spglobal.com/automotive-insights/en/blogs/2025/07/chinese-robotaxi-companies-dominating-middle-east,Blog or Automotive Insights,/content/mobility-global/en-us/automotive-insights/blogs/2025/07/chinese-robotaxi-companies-dominating-middle-east,EXISTS in AEM,APPLIED (all resolved),8,8,0,
https://www.spglobal.com/automotive-insights/en/blogs/2025/07/connected-car-study-consumer-priorities-on-connected-services,Blog or Automotive Insights,/content/mobility-global/en-us/automotive-insights/blogs/2025/07/connected-car-study-consumer-priorities-on-connected-services,EXISTS in AEM,APPLIED (all resolved),9,9,0,
https://www.spglobal.com/automotive-insights/en/blogs/2025/07/decoding-vin-numbers-what-insurers-need-to-know,Blog or Automotive Insights,/content/mobility-global/en-us/automotive-insights/blogs/2025/07/decoding-vin-numbers-what-insurers-need-to-know,EXISTS in AEM,PARTIAL (some unresolved),7,6,1,audienceRole: Insurance analyst / underwriter
https://www.spglobal.com/automotive-insights/en/blogs/2025/07/electric-vehicle-prices-match-or-beat-gas-cars,Blog or Automotive Insights,/content/mobility-global/en-us/automotive-insights/blogs/2025/07/electric-vehicle-prices-match-or-beat-gas-cars,EXISTS in AEM,PARTIAL (some unresolved),7,6,1,theme: Electric vehicle industry
https://www.spglobal.com/automotive-insights/en/blogs/2025/07/electric-vehicle-range-explained,Blog or Automotive Insights,/content/mobility-global/en-us/automotive-insights/blogs/2025/07/electric-vehicle-range-explained,EXISTS in AEM,PARTIAL (some unresolved),6,5,1,theme: Electric vehicle industry
https://www.spglobal.com/automotive-insights/en/blogs/2025/07/ev-sales-stall-new-share-dynamics-grow,Blog or Automotive Insights,/content/mobility-global/en-us/automotive-insights/blogs/2025/07/ev-sales-stall-new-share-dynamics-grow,EXISTS in AEM,PARTIAL (some unresolved),10,9,1,theme: Electric vehicle industry
https://www.spglobal.com/automotive-insights/en/blogs/2025/07/five-things-auto-pricing-teams-need-to-consider,Blog or Automotive Insights,/content/mobility-global/en-us/automotive-insights/blogs/2025/07/five-things-auto-pricing-teams-need-to-consider,EXISTS in AEM,PARTIAL (some unresolved),10,9,1,audienceRole: Dealer / retailer
https://www.spglobal.com/automotive-insights/en/blogs/2025/07/four-segments-drive-over-half-of-us-new-vehicle-sales,Blog or Automotive Insights,/content/mobility-global/en-us/automotive-insights/blogs/2025/07/four-segments-drive-over-half-of-us-new-vehicle-sales,EXISTS in AEM,APPLIED (all resolved),11,11,0,
https://www.spglobal.com/automotive-insights/en/blogs/2025/07/germany-leads-open-source-automotive-software,Blog or Automotive Insights,/content/mobility-global/en-us/automotive-insights/blogs/2025/07/germany-leads-open-source-automotive-software,EXISTS in AEM,APPLIED (all resolved),12,12,0,
https://www.spglobal.com/automotive-insights/en/blogs/2025/07/global-electric-vehicles-race-europe,Blog or Automotive Insights,/content/mobility-global/en-us/automotive-insights/blogs/2025/07/global-electric-vehicles-race-europe,EXISTS in AEM,PARTIAL (some unresolved),10,9,1,theme: Electric vehicle industry
https://www.spglobal.com/automotive-insights/en/blogs/2025/07/improving-charging-for-next-gen-plug-in-electric-vehicles,Blog or Automotive Insights,/content/mobility-global/en-us/automotive-insights/blogs/2025/07/improving-charging-for-next-gen-plug-in-electric-vehicles,EXISTS in AEM,PARTIAL (some unresolved),7,6,1,theme: Electric vehicle industry
https://www.spglobal.com/automotive-insights/en/blogs/2025/07/lmr-battery-technology-the-next-rival-to-lfp,Blog or Automotive Insights,/content/mobility-global/en-us/automotive-insights/blogs/2025/07/lmr-battery-technology-the-next-rival-to-lfp,EXISTS in AEM,APPLIED (all resolved),9,9,0,
https://www.spglobal.com/automotive-insights/en/blogs/2025/07/rare-earth-elements-auto-industry-china,Blog or Automotive Insights,/content/mobility-global/en-us/automotive-insights/blogs/2025/07/rare-earth-elements-auto-industry-china,EXISTS in AEM,APPLIED (all resolved),13,13,0,
https://www.spglobal.com/automotive-insights/en/blogs/2025/07/us-japan-trade-talks-american-cars-japan,Blog or Automotive Insights,/content/mobility-global/en-us/automotive-insights/blogs/2025/07/us-japan-trade-talks-american-cars-japan,EXISTS in AEM,PARTIAL (some unresolved),9,8,1,audienceRole: Government / policy maker
https://www.spglobal.com/automotive-insights/en/blogs/2025/08/adas-vehicles-influencing-collision-frequency,Blog or Automotive Insights,/content/mobility-global/en-us/automotive-insights/blogs/2025/08/adas-vehicles-influencing-collision-frequency,EXISTS in AEM,PARTIAL (some unresolved),8,7,1,audienceRole: Insurance analyst / underwriter
https://www.spglobal.com/automotive-insights/en/blogs/2025/08/autonomous-vehicles-future-of-car-insurance,Blog or Automotive Insights,/content/mobility-global/en-us/automotive-insights/blogs/2025/08/autonomous-vehicles-future-of-car-insurance,EXISTS in AEM,PARTIAL (some unresolved),8,7,1,audienceRole: Insurance analyst / underwriter
https://www.spglobal.com/automotive-insights/en/blogs/2025/08/china-drives-system-on-chip-innovation-in-auto-industry,Blog or Automotive Insights,/content/mobility-global/en-us/automotive-insights/blogs/2025/08/china-drives-system-on-chip-innovation-in-auto-industry,EXISTS in AEM,APPLIED (all resolved),12,12,0,
https://www.spglobal.com/automotive-insights/en/blogs/2025/08/digital-twins-in-the-automotive-industry-explained,Blog or Automotive Insights,/content/mobility-global/en-us/automotive-insights/blogs/2025/08/digital-twins-in-the-automotive-industry-explained,EXISTS in AEM,APPLIED (all resolved),7,7,0,
https://www.spglobal.com/automotive-insights/en/blogs/2025/08/fords-all-in-bet-on-automotive-innovations,Blog or Automotive Insights,/content/mobility-global/en-us/automotive-insights/blogs/2025/08/fords-all-in-bet-on-automotive-innovations,EXISTS in AEM,APPLIED (all resolved),8,8,0,
https://www.spglobal.com/automotive-insights/en/blogs/2025/08/new-car-inventory-trends,Blog or Automotive Insights,/content/mobility-global/en-us/automotive-insights/blogs/2025/08/new-car-inventory-trends,EXISTS in AEM,APPLIED (all resolved),5,5,0,
https://www.spglobal.com/automotive-insights/en/blogs/2025/08/spglobal-invests-in-optimizing-automotive-sales,Blog or Automotive Insights,/content/mobility-global/en-us/automotive-insights/blogs/2025/08/spglobal-invests-in-optimizing-automotive-sales,EXISTS in AEM,APPLIED (all resolved),4,4,0,
https://www.spglobal.com/automotive-insights/en/blogs/2025/08/the-journey-towards-efficient-ev-charging,Blog or Automotive Insights,/content/mobility-global/en-us/automotive-insights/blogs/2025/08/the-journey-towards-efficient-ev-charging,EXISTS in AEM,PARTIAL (some unresolved),9,8,1,theme: Electric vehicle industry
https://www.spglobal.com/automotive-insights/en/blogs/2025/08/turkish-electric-car-market-analysis,Blog or Automotive Insights,/content/mobility-global/en-us/automotive-insights/blogs/2025/08/turkish-electric-car-market-analysis,EXISTS in AEM,PARTIAL (some unresolved),10,9,1,theme: Electric vehicle industry
https://www.spglobal.com/automotive-insights/en/blogs/2025/08/why-europe-is-losing-the-gigafactory-race-to-china,Blog or Automotive Insights,/content/mobility-global/en-us/automotive-insights/blogs/2025/08/why-europe-is-losing-the-gigafactory-race-to-china,EXISTS in AEM,APPLIED (all resolved),12,12,0,
https://www.spglobal.com/automotive-insights/en/blogs/2025/09/auto-finance-trends-data-driven-agility-for-lenders,Blog or Automotive Insights,/content/mobility-global/en-us/automotive-insights/blogs/2025/09/auto-finance-trends-data-driven-agility-for-lenders,EXISTS in AEM,PARTIAL (some unresolved),8,7,1,audienceRole: Leasing / financial services
https://www.spglobal.com/automotive-insights/en/blogs/2025/09/automotive-startups-shaping-the-future-of-mobility,Blog or Automotive Insights,/content/mobility-global/en-us/automotive-insights/blogs/2025/09/automotive-startups-shaping-the-future-of-mobility,EXISTS in AEM,APPLIED (all resolved),7,7,0,
https://www.spglobal.com/automotive-insights/en/blogs/2025/09/autonomous-driving-expands-to-europe-and-middle-east,Blog or Automotive Insights,/content/mobility-global/en-us/automotive-insights/blogs/2025/09/autonomous-driving-expands-to-europe-and-middle-east,EXISTS in AEM,APPLIED (all resolved),9,9,0,
https://www.spglobal.com/automotive-insights/en/blogs/2025/09/china-automotive-industry-semiconductor-supply-chain,Blog or Automotive Insights,/content/mobility-global/en-us/automotive-insights/blogs/2025/09/china-automotive-industry-semiconductor-supply-chain,EXISTS in AEM,APPLIED (all resolved),13,13,0,
https://www.spglobal.com/automotive-insights/en/blogs/2025/09/iaa-mobility-2025-chinese-evs-in-europe,Blog or Automotive Insights,/content/mobility-global/en-us/automotive-insights/blogs/2025/09/iaa-mobility-2025-chinese-evs-in-europe,EXISTS in AEM,PARTIAL (some unresolved),10,9,1,theme: Electric vehicle industry
https://www.spglobal.com/automotive-insights/en/blogs/2025/09/india-vehicle-scrappage-policy-insights,Blog or Automotive Insights,/content/mobility-global/en-us/automotive-insights/blogs/2025/09/india-vehicle-scrappage-policy-insights,EXISTS in AEM,PARTIAL (some unresolved),10,9,1,audienceRole: Government / policy maker
https://www.spglobal.com/automotive-insights/en/blogs/2025/09/oem-pricing-strategy-evolves-tariff-effects,Blog or Automotive Insights,/content/mobility-global/en-us/automotive-insights/blogs/2025/09/oem-pricing-strategy-evolves-tariff-effects,EXISTS in AEM,APPLIED (all resolved),8,8,0,
https://www.spglobal.com/automotive-insights/en/blogs/2025/09/powertrain-and-brand-loyalty-trends-us,Blog or Automotive Insights,/content/mobility-global/en-us/automotive-insights/blogs/2025/09/powertrain-and-brand-loyalty-trends-us,EXISTS in AEM,APPLIED (all resolved),11,11,0,
https://www.spglobal.com/automotive-insights/en/blogs/2025/09/regenerative-braking-powers-bev-performance-gains,Blog or Automotive Insights,/content/mobility-global/en-us/automotive-insights/blogs/2025/09/regenerative-braking-powers-bev-performance-gains,EXISTS in AEM,PARTIAL (some unresolved),6,5,1,theme: Electric vehicle industry
https://www.spglobal.com/automotive-insights/en/blogs/2025/09/tesla-brand-loyalty-evolving-ev-market,Blog or Automotive Insights,/content/mobility-global/en-us/automotive-insights/blogs/2025/09/tesla-brand-loyalty-evolving-ev-market,EXISTS in AEM,APPLIED (all resolved),8,8,0,
https://www.spglobal.com/automotive-insights/en/blogs/2025/09/the-software-defined-market-is-taking-off,Blog or Automotive Insights,/content/mobility-global/en-us/automotive-insights/blogs/2025/09/the-software-defined-market-is-taking-off,EXISTS in AEM,APPLIED (all resolved),9,9,0,
https://www.spglobal.com/automotive-insights/en/blogs/2025/09/zero-emission-buses-reshape-eu-bus-production,Blog or Automotive Insights,/content/mobility-global/en-us/automotive-insights/blogs/2025/09/zero-emission-buses-reshape-eu-bus-production,EXISTS in AEM,PARTIAL (some unresolved),12,11,1,audienceRole: Government / policy maker
https://www.spglobal.com/automotive-insights/en/blogs/2025/10/auto-insurance-trends-and-emerging-risks,Blog or Automotive Insights,/content/mobility-global/en-us/automotive-insights/blogs/2025/10/auto-insurance-trends-and-emerging-risks,EXISTS in AEM,PARTIAL (some unresolved),8,6,2,theme: Electric vehicle industry | audienceRole: Insurance analyst / underwriter
https://www.spglobal.com/automotive-insights/en/blogs/2025/10/automotive-industry-glossary-and-metrics,Blog or Automotive Insights,/content/mobility-global/en-us/automotive-insights/blogs/2025/10/automotive-industry-glossary-and-metrics,EXISTS in AEM,APPLIED (all resolved),2,2,0,
https://www.spglobal.com/automotive-insights/en/blogs/2025/10/dutch-takeover-of-chinese-owned-nexperia,Blog or Automotive Insights,/content/mobility-global/en-us/automotive-insights/blogs/2025/10/dutch-takeover-of-chinese-owned-nexperia,EXISTS in AEM,APPLIED (all resolved),10,10,0,
https://www.spglobal.com/automotive-insights/en/blogs/2025/10/electric-vehicle-towing-closing-the-gap-with-ice-trucks,Blog or Automotive Insights,/content/mobility-global/en-us/automotive-insights/blogs/2025/10/electric-vehicle-towing-closing-the-gap-with-ice-trucks,EXISTS in AEM,PARTIAL (some unresolved),6,5,1,theme: Electric vehicle industry
https://www.spglobal.com/automotive-insights/en/blogs/2025/10/ev-adoption-rates-how-us-and-other-markets-compare-2025,Blog or Automotive Insights,/content/mobility-global/en-us/automotive-insights/blogs/2025/10/ev-adoption-rates-how-us-and-other-markets-compare-2025,EXISTS in AEM,PARTIAL (some unresolved),12,11,1,theme: Electric vehicle industry
https://www.spglobal.com/automotive-insights/en/blogs/2025/10/forecasting-car-price-trends-volatile-markets,Blog or Automotive Insights,/content/mobility-global/en-us/automotive-insights/blogs/2025/10/forecasting-car-price-trends-volatile-markets,EXISTS in AEM,PARTIAL (some unresolved),10,9,1,audienceRole: Dealer / retailer
https://www.spglobal.com/automotive-insights/en/blogs/2025/10/how-upfitters-can-prepare-2026-construction-demand,Blog or Automotive Insights,/content/mobility-global/en-us/automotive-insights/blogs/2025/10/how-upfitters-can-prepare-2026-construction-demand,EXISTS in AEM,APPLIED (all resolved),9,9,0,
https://www.spglobal.com/automotive-insights/en/blogs/2025/10/huawei-powers-chinese-automakers-smart-ev-ambitions,Blog or Automotive Insights,/content/mobility-global/en-us/automotive-insights/blogs/2025/10/huawei-powers-chinese-automakers-smart-ev-ambitions,EXISTS in AEM,PARTIAL (some unresolved),11,10,1,theme: Electric vehicle industry
https://www.spglobal.com/automotive-insights/en/blogs/2025/10/hydrogen-powered-vehicles-face-rough-road,Blog or Automotive Insights,/content/mobility-global/en-us/automotive-insights/blogs/2025/10/hydrogen-powered-vehicles-face-rough-road,EXISTS in AEM,APPLIED (all resolved),6,6,0,
https://www.spglobal.com/automotive-insights/en/blogs/2025/10/leading-car-manufacturers-market-share,Blog or Automotive Insights,/content/mobility-global/en-us/automotive-insights/blogs/2025/10/leading-car-manufacturers-market-share,EXISTS in AEM,APPLIED (all resolved),9,9,0,
https://www.spglobal.com/automotive-insights/en/blogs/2025/10/lgbt-consumer-automotive-market-growing-opportunity,Blog or Automotive Insights,/content/mobility-global/en-us/automotive-insights/blogs/2025/10/lgbt-consumer-automotive-market-growing-opportunity,EXISTS in AEM,APPLIED (all resolved),8,8,0,
https://www.spglobal.com/automotive-insights/en/blogs/2025/10/national-auto-trends-in-top-markets,Blog or Automotive Insights,/content/mobility-global/en-us/automotive-insights/blogs/2025/10/national-auto-trends-in-top-markets,EXISTS in AEM,APPLIED (all resolved),7,7,0,
https://www.spglobal.com/automotive-insights/en/blogs/2025/10/powertrain-system-trends-in-flux,Blog or Automotive Insights,/content/mobility-global/en-us/automotive-insights/blogs/2025/10/powertrain-system-trends-in-flux,EXISTS in AEM,APPLIED (all resolved),8,8,0,
https://www.spglobal.com/automotive-insights/en/blogs/2025/10/reviving-the-european-car-market,Blog or Automotive Insights,/content/mobility-global/en-us/automotive-insights/blogs/2025/10/reviving-the-european-car-market,EXISTS in AEM,APPLIED (all resolved),9,9,0,
https://www.spglobal.com/automotive-insights/en/blogs/2025/10/semiconductor-tug-of-war-ai-data-centers-automakers,Blog or Automotive Insights,/content/mobility-global/en-us/automotive-insights/blogs/2025/10/semiconductor-tug-of-war-ai-data-centers-automakers,EXISTS in AEM,APPLIED (all resolved),11,11,0,
https://www.spglobal.com/automotive-insights/en/blogs/2025/10/useful-trends-used-car-market,Blog or Automotive Insights,/content/mobility-global/en-us/automotive-insights/blogs/2025/10/useful-trends-used-car-market,EXISTS in AEM,APPLIED (all resolved),5,5,0,
https://www.spglobal.com/automotive-insights/en/blogs/2025/10/vin-matching-what-australian-parts-providers-should-know,Blog or Automotive Insights,/content/mobility-global/en-us/automotive-insights/blogs/2025/10/vin-matching-what-australian-parts-providers-should-know,EXISTS in AEM,APPLIED (all resolved),6,6,0,
https://www.spglobal.com/automotive-insights/en/blogs/2025/11/chinese-oems-advance-overseas-vehicle-manufacturing,Blog or Automotive Insights,/content/mobility-global/en-us/automotive-insights/blogs/2025/11/chinese-oems-advance-overseas-vehicle-manufacturing,EXISTS in AEM,APPLIED (all resolved),13,13,0,
https://www.spglobal.com/automotive-insights/en/blogs/2025/11/connected-services-an-increasingly-important-slice-of-automakers-revenue-pie,Blog or Automotive Insights,/content/mobility-global/en-us/automotive-insights/blogs/2025/11/connected-services-an-increasingly-important-slice-of-automakers-revenue-pie,EXISTS in AEM,APPLIED (all resolved),8,8,0,
https://www.spglobal.com/automotive-insights/en/blogs/2025/11/eliminating-rare-earth-elements-from-ev-motor-supply-chain,Blog or Automotive Insights,/content/mobility-global/en-us/automotive-insights/blogs/2025/11/eliminating-rare-earth-elements-from-ev-motor-supply-chain,EXISTS in AEM,APPLIED (all resolved),10,10,0,
https://www.spglobal.com/automotive-insights/en/blogs/2025/11/ev-battery-supply-chain-under-pressure,Blog or Automotive Insights,/content/mobility-global/en-us/automotive-insights/blogs/2025/11/ev-battery-supply-chain-under-pressure,EXISTS in AEM,APPLIED (all resolved),10,10,0,
https://www.spglobal.com/automotive-insights/en/blogs/2025/11/expansion-of-ev-charging-infrastructure-slows,Blog or Automotive Insights,/content/mobility-global/en-us/automotive-insights/blogs/2025/11/expansion-of-ev-charging-infrastructure-slows,EXISTS in AEM,PARTIAL (some unresolved),11,9,2,theme: Electric vehicle industry | audienceRole: Government / policy maker
https://www.spglobal.com/automotive-insights/en/blogs/2025/11/full-size-half-ton-pickups-us-auto-market,Blog or Automotive Insights,/content/mobility-global/en-us/automotive-insights/blogs/2025/11/full-size-half-ton-pickups-us-auto-market,EXISTS in AEM,APPLIED (all resolved),11,11,0,
https://www.spglobal.com/automotive-insights/en/blogs/2025/11/indias-multifuel-path-to-automotive-sustainability,Blog or Automotive Insights,/content/mobility-global/en-us/automotive-insights/blogs/2025/11/indias-multifuel-path-to-automotive-sustainability,EXISTS in AEM,PARTIAL (some unresolved),11,10,1,audienceRole: Government / policy maker
https://www.spglobal.com/automotive-insights/en/blogs/2025/11/japan-mobility-show-2025,Blog or Automotive Insights,/content/mobility-global/en-us/automotive-insights/blogs/2025/11/japan-mobility-show-2025,EXISTS in AEM,PARTIAL (some unresolved),9,7,2,marketSalesRegion: Japan/Korea | marketRegion: Japan/Korea
https://www.spglobal.com/automotive-insights/en/blogs/2025/11/mastering-scenario-planning-for-resilience,Blog or Automotive Insights,/content/mobility-global/en-us/automotive-insights/blogs/2025/11/mastering-scenario-planning-for-resilience,EXISTS in AEM,APPLIED (all resolved),10,10,0,
https://www.spglobal.com/automotive-insights/en/blogs/2025/11/new-leaders-at-european-automakers,Blog or Automotive Insights,/content/mobility-global/en-us/automotive-insights/blogs/2025/11/new-leaders-at-european-automakers,EXISTS in AEM,APPLIED (all resolved),2,2,0,
https://www.spglobal.com/automotive-insights/en/blogs/2025/11/repositioning-ice-vehicles-with-engine-decarbonization,Blog or Automotive Insights,/content/mobility-global/en-us/automotive-insights/blogs/2025/11/repositioning-ice-vehicles-with-engine-decarbonization,EXISTS in AEM,APPLIED (all resolved),8,8,0,
https://www.spglobal.com/automotive-insights/en/blogs/2025/11/what-is-fueling-consumer-interest-in-hybrid-vehicles,Blog or Automotive Insights,/content/mobility-global/en-us/automotive-insights/blogs/2025/11/what-is-fueling-consumer-interest-in-hybrid-vehicles,EXISTS in AEM,APPLIED (all resolved),8,8,0,
https://www.spglobal.com/automotive-insights/en/blogs/2025/12/2025-chevrolet-equinox-industry-performance,Blog or Automotive Insights,/content/mobility-global/en-us/automotive-insights/blogs/2025/12/2025-chevrolet-equinox-industry-performance,EXISTS in AEM,APPLIED (all resolved),8,8,0,
https://www.spglobal.com/automotive-insights/en/blogs/2025/12/automotive-lending-strategies-2026,Blog or Automotive Insights,/content/mobility-global/en-us/automotive-insights/blogs/2025/12/automotive-lending-strategies-2026,EXISTS in AEM,PARTIAL (some unresolved),8,7,1,audienceRole: Leasing / financial services
https://www.spglobal.com/automotive-insights/en/blogs/2025/12/automotive-suppliers-sustain-margins-amid-slower-growth-in-2025,Blog or Automotive Insights,/content/mobility-global/en-us/automotive-insights/blogs/2025/12/automotive-suppliers-sustain-margins-amid-slower-growth-in-2025,EXISTS in AEM,APPLIED (all resolved),8,8,0,
https://www.spglobal.com/automotive-insights/en/blogs/2025/12/autonomous-ride-hailing-grows-key-us-markets,Blog or Automotive Insights,/content/mobility-global/en-us/automotive-insights/blogs/2025/12/autonomous-ride-hailing-grows-key-us-markets,EXISTS in AEM,APPLIED (all resolved),13,13,0,
https://www.spglobal.com/automotive-insights/en/blogs/2025/12/beyond-brand-loyalty-modern-auto-buyer,Blog or Automotive Insights,/content/mobility-global/en-us/automotive-insights/blogs/2025/12/beyond-brand-loyalty-modern-auto-buyer,EXISTS in AEM,APPLIED (all resolved),8,8,0,
https://www.spglobal.com/automotive-insights/en/blogs/2025/12/dram-makers-ai-data-centers-semiconductor-shortage,Blog or Automotive Insights,/content/mobility-global/en-us/automotive-insights/blogs/2025/12/dram-makers-ai-data-centers-semiconductor-shortage,EXISTS in AEM,PARTIAL (some unresolved),13,11,2,topic: Supply chain disruption and resilience | topic: Supply chain risk management
https://www.spglobal.com/automotive-insights/en/blogs/2025/12/europe-shifts-into-reverse-on-eu-2035-ice-ban,Blog or Automotive Insights,/content/mobility-global/en-us/automotive-insights/blogs/2025/12/europe-shifts-into-reverse-on-eu-2035-ice-ban,EXISTS in AEM,PARTIAL (some unresolved),10,9,1,audienceRole: Government / policy maker
https://www.spglobal.com/automotive-insights/en/blogs/2025/12/hybrid-buses-trucks-europe-forecast,Blog or Automotive Insights,/content/mobility-global/en-us/automotive-insights/blogs/2025/12/hybrid-buses-trucks-europe-forecast,EXISTS in AEM,APPLIED (all resolved),11,11,0,
https://www.spglobal.com/automotive-insights/en/blogs/2025/12/the-global-rise-of-autonomous-trucks-and-last-mile-delivery,Blog or Automotive Insights,/content/mobility-global/en-us/automotive-insights/blogs/2025/12/the-global-rise-of-autonomous-trucks-and-last-mile-delivery,EXISTS in AEM,APPLIED (all resolved),11,11,0,
https://www.spglobal.com/automotive-insights/en/blogs/2025-auto-sales-forecast-global,Blog or Automotive Insights,/content/mobility-global/en-us/automotive-insights/blogs/2025-auto-sales-forecast-global,EXISTS in AEM,APPLIED (all resolved),8,8,0,
https://www.spglobal.com/automotive-insights/en/blogs/2025-light-vehicle-production-forecast,Blog or Automotive Insights,/content/mobility-global/en-us/automotive-insights/blogs/2025-light-vehicle-production-forecast,EXISTS in AEM,APPLIED (all resolved),8,8,0,
https://www.spglobal.com/automotive-insights/en/blogs/2025-playbook-top-automotive-suppliers,Blog or Automotive Insights,/content/mobility-global/en-us/automotive-insights/blogs/2025-playbook-top-automotive-suppliers,EXISTS in AEM,APPLIED (all resolved),9,9,0,
https://www.spglobal.com/automotive-insights/en/blogs/2026/01/2025-automotive-loyalty-awards-winners,Blog or Automotive Insights,/content/mobility-global/en-us/automotive-insights/blogs/2026/01/2025-automotive-loyalty-awards-winners,EXISTS in AEM,APPLIED (all resolved),9,9,0,
https://www.spglobal.com/automotive-insights/en/blogs/2026/01/2025-automotive-sales-data-global-trends,Blog or Automotive Insights,/content/mobility-global/en-us/automotive-insights/blogs/2026/01/2025-automotive-sales-data-global-trends,EXISTS in AEM,APPLIED (all resolved),9,9,0,
https://www.spglobal.com/automotive-insights/en/blogs/2026/01/2026-automotive-supplier-outlook,Blog or Automotive Insights,/content/mobility-global/en-us/automotive-insights/blogs/2026/01/2026-automotive-supplier-outlook,EXISTS in AEM,APPLIED (all resolved),8,8,0,
https://www.spglobal.com/automotive-insights/en/blogs/2026/01/automotive-market-trends-2026,Blog or Automotive Insights,/content/mobility-global/en-us/automotive-insights/blogs/2026/01/automotive-market-trends-2026,EXISTS in AEM,APPLIED (all resolved),7,7,0,
https://www.spglobal.com/automotive-insights/en/blogs/2026/01/cam-international-market-navigates-shifting-ev-supply-and-demand,Blog or Automotive Insights,/content/mobility-global/en-us/automotive-insights/blogs/2026/01/cam-international-market-navigates-shifting-ev-supply-and-demand,EXISTS in AEM,APPLIED (all resolved),8,8,0,
https://www.spglobal.com/automotive-insights/en/blogs/2026/01/ces-2026-spotlights-automotive-technology,Blog or Automotive Insights,/content/mobility-global/en-us/automotive-insights/blogs/2026/01/ces-2026-spotlights-automotive-technology,EXISTS in AEM,APPLIED (all resolved),8,8,0,
https://www.spglobal.com/automotive-insights/en/blogs/2026/01/five-predictions-2026-automotive-industry-outlook,Blog or Automotive Insights,/content/mobility-global/en-us/automotive-insights/blogs/2026/01/five-predictions-2026-automotive-industry-outlook,EXISTS in AEM,APPLIED (all resolved),13,13,0,
https://www.spglobal.com/automotive-insights/en/blogs/2026/01/mobility-pulse-360-launch-announcement,Blog or Automotive Insights,/content/mobility-global/en-us/automotive-insights/blogs/2026/01/mobility-pulse-360-launch-announcement,EXISTS in AEM,APPLIED (all resolved),6,6,0,
https://www.spglobal.com/automotive-insights/en/blogs/2026/01/nada-show-2026-preview-transforming-macro-trends-local-market-intelligence,Blog or Automotive Insights,/content/mobility-global/en-us/automotive-insights/blogs/2026/01/nada-show-2026-preview-transforming-macro-trends-local-market-intelligence,EXISTS in AEM,PARTIAL (some unresolved),7,6,1,audienceRole: Dealer / retailer
https://www.spglobal.com/automotive-insights/en/blogs/2026/01/reinventing-the-truck-energy-transition-in-trucking,Blog or Automotive Insights,/content/mobility-global/en-us/automotive-insights/blogs/2026/01/reinventing-the-truck-energy-transition-in-trucking,EXISTS in AEM,APPLIED (all resolved),14,14,0,
https://www.spglobal.com/automotive-insights/en/blogs/2026/01/renault-group-global-sales-rise,Blog or Automotive Insights,/content/mobility-global/en-us/automotive-insights/blogs/2026/01/renault-group-global-sales-rise,EXISTS in AEM,APPLIED (all resolved),9,9,0,
https://www.spglobal.com/automotive-insights/en/blogs/2026/01/scaling-software-defined-vehicles,Blog or Automotive Insights,/content/mobility-global/en-us/automotive-insights/blogs/2026/01/scaling-software-defined-vehicles,EXISTS in AEM,APPLIED (all resolved),9,9,0,
https://www.spglobal.com/automotive-insights/en/blogs/2026/01/where-automotive-data-meets-human-expertise,Blog or Automotive Insights,/content/mobility-global/en-us/automotive-insights/blogs/2026/01/where-automotive-data-meets-human-expertise,EXISTS in AEM,PARTIAL (some unresolved),7,6,1,topic: Supply chain disruption and resilience
https://www.spglobal.com/automotive-insights/en/blogs/2026/02/commercial-vehicle-market-outlook-sees-steady-gains,Blog or Automotive Insights,/content/mobility-global/en-us/automotive-insights/blogs/2026/02/commercial-vehicle-market-outlook-sees-steady-gains,NEW (not in AEM),PENDING (page not created),14,14,0,
https://www.spglobal.com/automotive-insights/en/blogs/2026/02/formula-1-2026-regulations-and-growth-in-popularity,Blog or Automotive Insights,/content/mobility-global/en-us/automotive-insights/blogs/2026/02/formula-1-2026-regulations-and-growth-in-popularity,NEW (not in AEM),PENDING (page not created),12,12,0,
https://www.spglobal.com/automotive-insights/en/blogs/2026/02/light-vehicle-powertrain-outlook-2026,Blog or Automotive Insights,/content/mobility-global/en-us/automotive-insights/blogs/2026/02/light-vehicle-powertrain-outlook-2026,NEW (not in AEM),PENDING (page not created),16,15,1,theme: Electric vehicle industry
https://www.spglobal.com/automotive-insights/en/blogs/2026/02/loyalty-of-full-size-pickup-households,Blog or Automotive Insights,/content/mobility-global/en-us/automotive-insights/blogs/2026/02/loyalty-of-full-size-pickup-households,NEW (not in AEM),PENDING (page not created),15,15,0,
https://www.spglobal.com/automotive-insights/en/blogs/2026/02/mainland-china-dram-push,Blog or Automotive Insights,/content/mobility-global/en-us/automotive-insights/blogs/2026/02/mainland-china-dram-push,NEW (not in AEM),PENDING (page not created),13,13,0,
https://www.spglobal.com/automotive-insights/en/blogs/2026/02/mobility-global-announces-new-name,Blog or Automotive Insights,/content/mobility-global/en-us/automotive-insights/blogs/2026/02/mobility-global-announces-new-name,NEW (not in AEM),PENDING (page not created),3,2,1,campaignType: Brand / awareness campaign
https://www.spglobal.com/automotive-insights/en/blogs/2026/02/pricing-analytics-vehicle-affordability-1000-payment,Blog or Automotive Insights,/content/mobility-global/en-us/automotive-insights/blogs/2026/02/pricing-analytics-vehicle-affordability-1000-payment,NEW (not in AEM),PENDING (page not created),15,13,2,audienceRole: Dealer / retailer | audienceRole: Leasing / financial services
https://www.spglobal.com/automotive-insights/en/blogs/2026/02/redefining-oem-strategy,Blog or Automotive Insights,/content/mobility-global/en-us/automotive-insights/blogs/2026/02/redefining-oem-strategy,NEW (not in AEM),PENDING (page not created),9,9,0,
https://www.spglobal.com/automotive-insights/en/blogs/2026/02/us-automakers-optimistic-about-improving-auto-sales,Blog or Automotive Insights,/content/mobility-global/en-us/automotive-insights/blogs/2026/02/us-automakers-optimistic-about-improving-auto-sales,NEW (not in AEM),PENDING (page not created),13,13,0,
https://www.spglobal.com/automotive-insights/en/blogs/2026/02/what-auto-marketers-and-dealers-need-to-know-about-the-dram-shortage,Blog or Automotive Insights,/content/mobility-global/en-us/automotive-insights/blogs/2026/02/what-auto-marketers-and-dealers-need-to-know-about-the-dram-shortage,NEW (not in AEM),PENDING (page not created),13,12,1,audienceRole: Dealer / retailer
https://www.spglobal.com/automotive-insights/en/blogs/2026/02/what-consumers-value-in-human-machine-interface-technologies,Blog or Automotive Insights,/content/mobility-global/en-us/automotive-insights/blogs/2026/02/what-consumers-value-in-human-machine-interface-technologies,NEW (not in AEM),PENDING (page not created),10,10,0,
https://www.spglobal.com/automotive-insights/en/blogs/2026/02/what-is-driving-vehicle-lightweighting,Blog or Automotive Insights,/content/mobility-global/en-us/automotive-insights/blogs/2026/02/what-is-driving-vehicle-lightweighting,NEW (not in AEM),PENDING (page not created),12,12,0,
https://www.spglobal.com/automotive-insights/en/blogs/2026/03/automotive-cybersecurity-for-software-defined-vehicles,Blog or Automotive Insights,/content/mobility-global/en-us/automotive-insights/blogs/2026/03/automotive-cybersecurity-for-software-defined-vehicles,NEW (not in AEM),PENDING (page not created),13,13,0,
https://www.spglobal.com/automotive-insights/en/blogs/2026/03/capacity-pivot-to-energy-storage-systems,Blog or Automotive Insights,/content/mobility-global/en-us/automotive-insights/blogs/2026/03/capacity-pivot-to-energy-storage-systems,NEW (not in AEM),PENDING (page not created),14,14,0,
https://www.spglobal.com/automotive-insights/en/blogs/2026/03/chinese-cars-in-europe-vehicle-fleet-aftermarket,Blog or Automotive Insights,/content/mobility-global/en-us/automotive-insights/blogs/2026/03/chinese-cars-in-europe-vehicle-fleet-aftermarket,NEW (not in AEM),PENDING (page not created),14,14,0,
https://www.spglobal.com/automotive-insights/en/blogs/2026/03/euro-7-emission-standards-auto-brakes-market,Blog or Automotive Insights,/content/mobility-global/en-us/automotive-insights/blogs/2026/03/euro-7-emission-standards-auto-brakes-market,NEW (not in AEM),PENDING (page not created),13,12,1,audienceRole: Government / policy maker
https://www.spglobal.com/automotive-insights/en/blogs/2026/03/ev-charging-readiness-and-consumer-insights,Blog or Automotive Insights,/content/mobility-global/en-us/automotive-insights/blogs/2026/03/ev-charging-readiness-and-consumer-insights,NEW (not in AEM),PENDING (page not created),13,11,2,theme: Electric vehicle industry | audienceRole: Government / policy maker
https://www.spglobal.com/automotive-insights/en/blogs/2026/03/ev-lease-returns-impact,Blog or Automotive Insights,/content/mobility-global/en-us/automotive-insights/blogs/2026/03/ev-lease-returns-impact,NEW (not in AEM),PENDING (page not created),15,11,4,theme: Electric vehicle industry | vehicleTypeSegment: Fleet / rental | audienceRole: Dealer / retailer | audienceRole: Leasing / financial services
https://www.spglobal.com/automotive-insights/en/blogs/2026/03/ev-plans-us-cancellations-launches,Blog or Automotive Insights,/content/mobility-global/en-us/automotive-insights/blogs/2026/03/ev-plans-us-cancellations-launches,NEW (not in AEM),PENDING (page not created),13,12,1,theme: Electric vehicle industry
https://www.spglobal.com/automotive-insights/en/blogs/2026/03/february-2026-new-vehicle-inventory-trends,Blog or Automotive Insights,/content/mobility-global/en-us/automotive-insights/blogs/2026/03/february-2026-new-vehicle-inventory-trends,NEW (not in AEM),PENDING (page not created),15,14,1,audienceRole: Dealer / retailer
https://www.spglobal.com/automotive-insights/en/blogs/2026/03/india-ups-the-ante-on-the-rare-earth-value-chain,Blog or Automotive Insights,/content/mobility-global/en-us/automotive-insights/blogs/2026/03/india-ups-the-ante-on-the-rare-earth-value-chain,NEW (not in AEM),PENDING (page not created),13,12,1,audienceRole: Government / policy maker
https://www.spglobal.com/automotive-insights/en/blogs/2026/03/lamborghini-scraps-bev-launch-plans,Blog or Automotive Insights,/content/mobility-global/en-us/automotive-insights/blogs/2026/03/lamborghini-scraps-bev-launch-plans,NEW (not in AEM),PENDING (page not created),13,12,1,theme: Electric vehicle industry
https://www.spglobal.com/automotive-insights/en/blogs/2026/03/luxury-and-mainstream-vehicle-migration,Blog or Automotive Insights,/content/mobility-global/en-us/automotive-insights/blogs/2026/03/luxury-and-mainstream-vehicle-migration,NEW (not in AEM),PENDING (page not created),11,11,0,
https://www.spglobal.com/automotive-insights/en/blogs/2026/03/the-price-premium-of-hybrid-electric-vehicles,Blog or Automotive Insights,/content/mobility-global/en-us/automotive-insights/blogs/2026/03/the-price-premium-of-hybrid-electric-vehicles,NEW (not in AEM),PENDING (page not created),10,10,0,
https://www.spglobal.com/automotive-insights/en/blogs/2026/03/us-commercial-vehicle-registration-trends-2026,Blog or Automotive Insights,/content/mobility-global/en-us/automotive-insights/blogs/2026/03/us-commercial-vehicle-registration-trends-2026,NEW (not in AEM),PENDING (page not created),16,16,0,
https://www.spglobal.com/automotive-insights/en/blogs/2026/03/whats-changing-for-north-american-automakers-2026,Blog or Automotive Insights,/content/mobility-global/en-us/automotive-insights/blogs/2026/03/whats-changing-for-north-american-automakers-2026,NEW (not in AEM),PENDING (page not created),10,10,0,
https://www.spglobal.com/automotive-insights/en/blogs/2026/04/automotive-aftermarket-industry-trends,Blog or Automotive Insights,/content/mobility-global/en-us/automotive-insights/blogs/2026/04/automotive-aftermarket-industry-trends,NEW (not in AEM),PENDING (page not created),9,8,1,topic: Aftermarket parts and components
https://www.spglobal.com/automotive-insights/en/blogs/2026/04/automotive-analytics-affordability-loyalty,Blog or Automotive Insights,/content/mobility-global/en-us/automotive-insights/blogs/2026/04/automotive-analytics-affordability-loyalty,NEW (not in AEM),PENDING (page not created),14,12,2,audienceRole: Dealer / retailer | audienceRole: Leasing / financial services
https://www.spglobal.com/automotive-insights/en/blogs/2026/04/electrification-tests-porsches-brand-identity,Blog or Automotive Insights,/content/mobility-global/en-us/automotive-insights/blogs/2026/04/electrification-tests-porsches-brand-identity,NEW (not in AEM),PENDING (page not created),13,12,1,theme: Electric vehicle industry
https://www.spglobal.com/automotive-insights/en/blogs/2026/04/intelligent-automotive-lighting,Blog or Automotive Insights,/content/mobility-global/en-us/automotive-insights/blogs/2026/04/intelligent-automotive-lighting,NEW (not in AEM),PENDING (page not created),10,10,0,
https://www.spglobal.com/automotive-insights/en/blogs/2026/04/mapping-uber-robotaxi-technology-advancements,Blog or Automotive Insights,/content/mobility-global/en-us/automotive-insights/blogs/2026/04/mapping-uber-robotaxi-technology-advancements,NEW (not in AEM),PENDING (page not created),9,9,0,
https://www.spglobal.com/automotive-insights/en/blogs/2026/04/north-america-commercial-vehicle-market,Blog or Automotive Insights,/content/mobility-global/en-us/automotive-insights/blogs/2026/04/north-america-commercial-vehicle-market,NEW (not in AEM),PENDING (page not created),14,14,0,
https://www.spglobal.com/automotive-insights/en/blogs/2026/04/the-future-of-automotive-refrigerants,Blog or Automotive Insights,/content/mobility-global/en-us/automotive-insights/blogs/2026/04/the-future-of-automotive-refrigerants,NEW (not in AEM),PENDING (page not created),11,10,1,audienceRole: Government / policy maker
https://www.spglobal.com/automotive-insights/en/blogs/2026/04/use-scenario-planning-to-navigate-uncertainty,Blog or Automotive Insights,/content/mobility-global/en-us/automotive-insights/blogs/2026/04/use-scenario-planning-to-navigate-uncertainty,NEW (not in AEM),PENDING (page not created),9,8,1,campaignType: Customer education / enablement
https://www.spglobal.com/automotive-insights/en/blogs/2026/04/why-level-2-plus-is-outpacing-level-3-autonomous-driving,Blog or Automotive Insights,/content/mobility-global/en-us/automotive-insights/blogs/2026/04/why-level-2-plus-is-outpacing-level-3-autonomous-driving,NEW (not in AEM),PENDING (page not created),11,11,0,
https://www.spglobal.com/automotive-insights/en/blogs/2026-light-vehicle-production-forecast,Blog or Automotive Insights,/content/mobility-global/en-us/automotive-insights/blogs/2026-light-vehicle-production-forecast,EXISTS in AEM,APPLIED (all resolved),13,13,0,
https://www.spglobal.com/automotive-insights/en/blogs/automotive-aftermarket-industry-trends-2025,Blog or Automotive Insights,/content/mobility-global/en-us/automotive-insights/blogs/automotive-aftermarket-industry-trends-2025,EXISTS in AEM,PARTIAL (some unresolved),7,6,1,topic: Aftermarket parts and components
https://www.spglobal.com/automotive-insights/en/blogs/automotive-loyalty-trends-2025,Blog or Automotive Insights,/content/mobility-global/en-us/automotive-insights/blogs/automotive-loyalty-trends-2025,EXISTS in AEM,APPLIED (all resolved),11,11,0,
https://www.spglobal.com/automotive-insights/en/blogs/commercial-vehicle-industry-analysis-mixed-recovery-ahead,Blog or Automotive Insights,/content/mobility-global/en-us/automotive-insights/blogs/commercial-vehicle-industry-analysis-mixed-recovery-ahead,EXISTS in AEM,APPLIED (all resolved),11,11,0,
https://www.spglobal.com/automotive-insights/en/blogs/fuel-for-thought-a-more-practical-future-for-autonomous-vehicles,Blog or Automotive Insights,/content/mobility-global/en-us/automotive-insights/blogs/fuel-for-thought-a-more-practical-future-for-autonomous-vehicles,EXISTS in AEM,APPLIED (all resolved),8,8,0,
https://www.spglobal.com/automotive-insights/en/blogs/strategies-to-grow-customer-loyalty-automotive-industry,Blog or Automotive Insights,/content/mobility-global/en-us/automotive-insights/blogs/strategies-to-grow-customer-loyalty-automotive-industry,EXISTS in AEM,PARTIAL (some unresolved),12,11,1,audienceRole: Dealer / retailer
https://www.spglobal.com/automotive-insights/en/blogs/us-auto-inventory-levels,Blog or Automotive Insights,/content/mobility-global/en-us/automotive-insights/blogs/us-auto-inventory-levels,EXISTS in AEM,PARTIAL (some unresolved),19,14,5,theme: Automotive industry inventory inventory analysis | theme: Dealer / retailer blogs resilience | theme: Electric vehicle industry | theme: Automotive supply blogs | audienceRole: Dealer / retailer
https://www.spglobal.com/automotive-insights/en/blogs/us-auto-sales,Blog or Automotive Insights,/content/mobility-global/en-us/automotive-insights/blogs/us-auto-sales,EXISTS in AEM,APPLIED (all resolved),12,12,0,
https://www.spglobal.com/automotive-insights/en/rapid-impact-analysis/auto-industry-tariffs-risk-substantial-disruptions,Blog or Automotive Insights,/content/mobility-global/en-us/automotive-insights/rapid-impact-analysis/auto-industry-tariffs-risk-substantial-disruptions,NEW (not in AEM),PENDING (page not created),12,11,1,audienceRole: Government / policy maker
https://www.spglobal.com/automotive-insights/en/rapid-impact-analysis/automakers-respond-to-25-percent-us-import-tariff,Blog or Automotive Insights,/content/mobility-global/en-us/automotive-insights/rapid-impact-analysis/automakers-respond-to-25-percent-us-import-tariff,NEW (not in AEM),PENDING (page not created),14,13,1,audienceRole: Government / policy maker
https://www.spglobal.com/automotive-insights/en/rapid-impact-analysis/auto-tariffs-lead-to-forecast-downgrades,Blog or Automotive Insights,/content/mobility-global/en-us/automotive-insights/rapid-impact-analysis/auto-tariffs-lead-to-forecast-downgrades,NEW (not in AEM),PENDING (page not created),11,11,0,
https://www.spglobal.com/automotive-insights/en/rapid-impact-analysis/auto-tariffs-update-relief-complexity-automakers,Blog or Automotive Insights,/content/mobility-global/en-us/automotive-insights/rapid-impact-analysis/auto-tariffs-update-relief-complexity-automakers,NEW (not in AEM),PENDING (page not created),11,10,1,audienceRole: Government / policy maker
https://www.spglobal.com/automotive-insights/en/rapid-impact-analysis/economic-implications-of-war-automotive-industry,Blog or Automotive Insights,/content/mobility-global/en-us/automotive-insights/rapid-impact-analysis/economic-implications-of-war-automotive-industry,NEW (not in AEM),PENDING (page not created),13,13,0,
https://www.spglobal.com/automotive-insights/en/rapid-impact-analysis/fluid-tariff-situation-drives-updates-vehicle-forecasts,Blog or Automotive Insights,/content/mobility-global/en-us/automotive-insights/rapid-impact-analysis/fluid-tariff-situation-drives-updates-vehicle-forecasts,NEW (not in AEM),PENDING (page not created),11,11,0,
https://www.spglobal.com/automotive-insights/en/rapid-impact-analysis/future-of-uk-china-tariffs-negotiations,Blog or Automotive Insights,/content/mobility-global/en-us/automotive-insights/rapid-impact-analysis/future-of-uk-china-tariffs-negotiations,NEW (not in AEM),PENDING (page not created),11,10,1,audienceRole: Government / policy maker
https://www.spglobal.com/automotive-insights/en/rapid-impact-analysis/new-section-232-tariffs-target-truck-bus-imports,Blog or Automotive Insights,/content/mobility-global/en-us/automotive-insights/rapid-impact-analysis/new-section-232-tariffs-target-truck-bus-imports,NEW (not in AEM),PENDING (page not created),14,13,1,audienceRole: Government / policy maker
https://www.spglobal.com/automotive-insights/en/rapid-impact-analysis/reciprocal-tariffs-automotive-industry-update,Blog or Automotive Insights,/content/mobility-global/en-us/automotive-insights/rapid-impact-analysis/reciprocal-tariffs-automotive-industry-update,NEW (not in AEM),PENDING (page not created),11,10,1,audienceRole: Government / policy maker
https://www.spglobal.com/automotive-insights/en/rapid-impact-analysis/supreme-court-ieepa-tariffs-ruling-implications-automakers,Blog or Automotive Insights,/content/mobility-global/en-us/automotive-insights/rapid-impact-analysis/supreme-court-ieepa-tariffs-ruling-implications-automakers,NEW (not in AEM),PENDING (page not created),14,13,1,audienceRole: Government / policy maker
https://www.spglobal.com/automotive-insights/en/rapid-impact-analysis/tariff-negotiations-obba-auto-industry-impact,Blog or Automotive Insights,/content/mobility-global/en-us/automotive-insights/rapid-impact-analysis/tariff-negotiations-obba-auto-industry-impact,NEW (not in AEM),PENDING (page not created),11,10,1,audienceRole: Government / policy maker
https://www.spglobal.com/automotive-insights/en/rapid-impact-analysis/tariffs-on-auto-industry-extended-disruption-likely,Blog or Automotive Insights,/content/mobility-global/en-us/automotive-insights/rapid-impact-analysis/tariffs-on-auto-industry-extended-disruption-likely,NEW (not in AEM),PENDING (page not created),11,10,1,audienceRole: Government / policy maker
https://www.spglobal.com/automotive-insights/en/rapid-impact-analysis/trade-agreements-outside-united-states-come-to-forefront,Blog or Automotive Insights,/content/mobility-global/en-us/automotive-insights/rapid-impact-analysis/trade-agreements-outside-united-states-come-to-forefront,NEW (not in AEM),PENDING (page not created),11,10,1,audienceRole: Government / policy maker
https://www.spglobal.com/automotive-insights/en/rapid-impact-analysis/trumps-automotive-tariffs-would-impact-nearly-all-oems,Blog or Automotive Insights,/content/mobility-global/en-us/automotive-insights/rapid-impact-analysis/trumps-automotive-tariffs-would-impact-nearly-all-oems,NEW (not in AEM),PENDING (page not created),14,13,1,audienceRole: Government / policy maker
https://www.spglobal.com/automotive-insights/en/rapid-impact-analysis/trumps-first-day-auto-industry-news,Blog or Automotive Insights,/content/mobility-global/en-us/automotive-insights/rapid-impact-analysis/trumps-first-day-auto-industry-news,NEW (not in AEM),PENDING (page not created),14,13,1,audienceRole: Government / policy maker
https://www.spglobal.com/automotive-insights/en/rapid-impact-analysis/trump-tariffs-whats-next-for-automakers,Blog or Automotive Insights,/content/mobility-global/en-us/automotive-insights/rapid-impact-analysis/trump-tariffs-whats-next-for-automakers,NEW (not in AEM),PENDING (page not created),14,13,1,audienceRole: Government / policy maker
https://www.spglobal.com/automotive-insights/en/rapid-impact-analysis/trump-trade-update-japan-eu-auto-tariffs,Blog or Automotive Insights,/content/mobility-global/en-us/automotive-insights/rapid-impact-analysis/trump-trade-update-japan-eu-auto-tariffs,NEW (not in AEM),PENDING (page not created),11,10,1,audienceRole: Government / policy maker
https://www.spglobal.com/automotive-insights/en/rapid-impact-analysis/us-auto-tariffs-disruption-hits-north-american-industry,Blog or Automotive Insights,/content/mobility-global/en-us/automotive-insights/rapid-impact-analysis/us-auto-tariffs-disruption-hits-north-american-industry,NEW (not in AEM),PENDING (page not created),11,10,1,audienceRole: Government / policy maker
https://www.spglobal.com/automotive-insights/en/rapid-impact-analysis/us-auto-tariffs-impact-on-auto-industry,Blog or Automotive Insights,/content/mobility-global/en-us/automotive-insights/rapid-impact-analysis/us-auto-tariffs-impact-on-auto-industry,NEW (not in AEM),PENDING (page not created),14,13,1,audienceRole: Government / policy maker
https://www.spglobal.com/automotive-insights/en/rapid-impact-analysis/us-fuel-economy-changes-impact-automakers-consumers,Blog or Automotive Insights,/content/mobility-global/en-us/automotive-insights/rapid-impact-analysis/us-fuel-economy-changes-impact-automakers-consumers,NEW (not in AEM),PENDING (page not created),16,15,1,audienceRole: Government / policy maker
https://www.spglobal.com/automotive-insights/en/rapid-impact-analysis/us-import-tariffs-will-reset-automotive-value-chain,Blog or Automotive Insights,/content/mobility-global/en-us/automotive-insights/rapid-impact-analysis/us-import-tariffs-will-reset-automotive-value-chain,NEW (not in AEM),PENDING (page not created),15,14,1,audienceRole: Government / policy maker
https://www.spglobal.com/automotive-insights/en/rapid-impact-analysis/us-iran-war-global-auto-industry-impact,Blog or Automotive Insights,/content/mobility-global/en-us/automotive-insights/rapid-impact-analysis/us-iran-war-global-auto-industry-impact,NEW (not in AEM),PENDING (page not created),14,14,0,
https://www.spglobal.com/automotive-insights/en/rapid-impact-analysis/us-plans-new-truck-tariffs-commercial-vehicles,Blog or Automotive Insights,/content/mobility-global/en-us/automotive-insights/rapid-impact-analysis/us-plans-new-truck-tariffs-commercial-vehicles,NEW (not in AEM),PENDING (page not created),14,13,1,audienceRole: Government / policy maker
https://www.spglobal.com/automotive-insights/en/rapid-impact-analysis/us-tariff-changes-and-forecast-implications-2025-assumptions,Blog or Automotive Insights,/content/mobility-global/en-us/automotive-insights/rapid-impact-analysis/us-tariff-changes-and-forecast-implications-2025-assumptions,NEW (not in AEM),PENDING (page not created),14,13,1,audienceRole: Government / policy maker
https://www.spglobal.com/automotive-insights/en/rapid-impact-analysis/us-tariffs-impact-trucking-industry,Blog or Automotive Insights,/content/mobility-global/en-us/automotive-insights/rapid-impact-analysis/us-tariffs-impact-trucking-industry,NEW (not in AEM),PENDING (page not created),15,14,1,audienceRole: Government / policy maker
https://www.spglobal.com/automotive-insights/en/rapid-impact-analysis/us-trade-agreements-korea-tariffs,Blog or Automotive Insights,/content/mobility-global/en-us/automotive-insights/rapid-impact-analysis/us-trade-agreements-korea-tariffs,NEW (not in AEM),PENDING (page not created),11,10,1,audienceRole: Government / policy maker
https://www.spglobal.com/automotive-insights/en/rapid-impact-analysis/us-trade-deals-global-auto-impact,Blog or Automotive Insights,/content/mobility-global/en-us/automotive-insights/rapid-impact-analysis/us-trade-deals-global-auto-impact,NEW (not in AEM),PENDING (page not created),14,13,1,audienceRole: Government / policy maker
https://www.spglobal.com/mobility/en/Info/0425/the-mobility-paper-technology-evolution-02.html,Blog or Automotive Insights,/content/mobility-global/en-us/Info/0425/the-mobility-paper-technology-evolution-02,EXISTS in AEM,APPLIED (all resolved),7,7,0,
https://www.spglobal.com/mobility/en/research-analysis/connectivity-and-ota-updates.html,Blog or Automotive Insights,/content/mobility-global/en-us/research-analysis/connectivity-and-ota-updates,EXISTS in AEM,APPLIED (all resolved),9,9,0,
https://www.spglobal.com/mobility/en/research-analysis/global-ev-demand-raises-concerns-about-battery-cell.html,Blog or Automotive Insights,/content/mobility-global/en-us/research-analysis/global-ev-demand-raises-concerns-about-battery-cell,EXISTS in AEM,PARTIAL (some unresolved),11,10,1,theme: Electric vehicle industry
https://www.spglobal.com/mobility/en/research-analysis/wealthy-americans-top-car-brands.html,Blog or Automotive Insights,/content/mobility-global/en-us/research-analysis/wealthy-americans-top-car-brands,EXISTS in AEM,APPLIED (all resolved),15,15,0,
https://www.marketscan.com/ebooks/four-essential-topics-to-cover-in-your-saturday-sales-meeting/,Campaign page,N/A,NO PATH (cannot map URL),SKIPPED (no path),19,17,2,audienceRole: Dealer / retailer | campaignType: Customer education / enablement
https://www.marketscan.com/whitepaper-leveraging-data-for-a-competitive-edge-in-automotive-finance/,Campaign page,N/A,NO PATH (cannot map URL),SKIPPED (no path),20,15,5,needStates: Find the right customers | audienceRole: Dealer / retailer | audienceRole: Leasing / financial services | contentFormat: Report / whitepaper (PDF) | campaignType: Customer education / enablement
https://www.marketscan.com/whitepapers/3-step-guide-competing-dynamic-sales-environment/,Campaign page,N/A,NO PATH (cannot map URL),SKIPPED (no path),16,13,3,audienceRole: Dealer / retailer | contentFormat: Report / whitepaper (PDF) | campaignType: Customer education / enablement
https://www.marketscan.com/whitepapers/3-steps-simplify-amplify-complex-auto-retail-data-gain-most-value/,Campaign page,N/A,NO PATH (cannot map URL),SKIPPED (no path),16,13,3,audienceRole: Dealer / retailer | contentFormat: Report / whitepaper (PDF) | campaignType: Customer education / enablement
https://www.marketscan.com/whitepapers/3-strategies-for-automotive-lending-in-a-challenging-selling-environment/,Campaign page,N/A,NO PATH (cannot map URL),SKIPPED (no path),19,14,5,needStates: Find the right customers | audienceRole: Dealer / retailer | audienceRole: Leasing / financial services | contentFormat: Report / whitepaper (PDF) | campaignType: Customer education / enablement
https://www.marketscan.com/whitepapers/3-tips-using-most-current-data-inform-automotive-rebate-incentive-initiatives/,Campaign page,N/A,NO PATH (cannot map URL),SKIPPED (no path),21,18,3,audienceRole: Dealer / retailer | contentFormat: Report / whitepaper (PDF) | campaignType: Customer education / enablement
https://www.marketscan.com/whitepapers/3-ways-to-increase-market-share-as-a-non-captive-lender/,Campaign page,N/A,NO PATH (cannot map URL),SKIPPED (no path),18,14,4,needStates: Find the right customers | audienceRole: Leasing / financial services | contentFormat: Report / whitepaper (PDF) | campaignType: Customer education / enablement
https://www.marketscan.com/whitepapers/5-tips-to-improve-customer-experience-through-precise-transparent-pricing/,Campaign page,N/A,NO PATH (cannot map URL),SKIPPED (no path),18,15,3,audienceRole: Dealer / retailer | contentFormat: Report / whitepaper (PDF) | campaignType: Customer education / enablement
https://www.marketscan.com/whitepapers/driving-growth-in-automotive-lending-under-pressure-a-practical-guide/,Campaign page,N/A,NO PATH (cannot map URL),SKIPPED (no path),17,13,4,needStates: Find the right customers | audienceRole: Leasing / financial services | contentFormat: Report / whitepaper (PDF) | campaignType: Customer education / enablement
https://www.marketscan.com/whitepapers/four-questions-oems-should-consider-before-adjusting-ev-pricing/,Campaign page,N/A,NO PATH (cannot map URL),SKIPPED (no path),22,19,3,theme: Electric vehicle industry | contentFormat: Report / whitepaper (PDF) | campaignType: Customer education / enablement
https://www.marketscan.com/whitepapers/four-strategies-for-dealerships-facing-low-lease-returns/,Campaign page,N/A,NO PATH (cannot map URL),SKIPPED (no path),17,14,3,audienceRole: Dealer / retailer | contentFormat: Report / whitepaper (PDF) | campaignType: Customer education / enablement
https://www.marketscan.com/whitepapers/using-a-single-data-partner-to-strengthen-incentive-strategy/,Campaign page,N/A,NO PATH (cannot map URL),SKIPPED (no path),21,18,3,audienceRole: Dealer / retailer | contentFormat: Report / whitepaper (PDF) | campaignType: Customer education / enablement
https://www.spglobal.com/automotive-insights/en/forms/sdv-readiness-forecast-data-sample,Campaign page,/content/mobility-global/en-us/automotive-insights/forms/sdv-readiness-forecast-data-sample,EXISTS in AEM,PARTIAL (some unresolved),13,12,1,needStates: Plan the vehicle
https://www.spglobal.com/automotive-insights/en/forms/whitepaper-forms/2026-automotive-supplier-outlook-whitepaper,Campaign page,/content/mobility-global/en-us/automotive-insights/forms/whitepaper-forms/2026-automotive-supplier-outlook-whitepaper,NEW (not in AEM),PENDING (page not created),15,14,1,contentFormat: Report / whitepaper (PDF)
https://www.spglobal.com/automotive-insights/en/forms/whitepaper-forms/construction-upfitters-hotspots-2026,Campaign page,/content/mobility-global/en-us/automotive-insights/forms/whitepaper-forms/construction-upfitters-hotspots-2026,NEW (not in AEM),PENDING (page not created),19,18,1,contentFormat: Report / whitepaper (PDF)
https://www.spglobal.com/automotive-insights/en/forms/whitepaper-forms/end-of-life-vehicles-directive-guidance-for-oems,Campaign page,/content/mobility-global/en-us/automotive-insights/forms/whitepaper-forms/end-of-life-vehicles-directive-guidance-for-oems,NEW (not in AEM),PENDING (page not created),20,18,2,audienceRole: Government / policy maker | contentFormat: Report / whitepaper (PDF)
https://www.spglobal.com/automotive-insights/en/forms/whitepaper-forms/ev-revolution-europe-automotive-industry,Campaign page,/content/mobility-global/en-us/automotive-insights/forms/whitepaper-forms/ev-revolution-europe-automotive-industry,NEW (not in AEM),PENDING (page not created),21,17,4,needStates: Plan the vehicle | theme: Electric vehicle industry | contentFormat: Report / whitepaper (PDF) | campaignType: Industry trend / thematic campaign
https://www.spglobal.com/automotive-insights/en/forms/whitepaper-forms/how-electric-vehicles-are-reshaping-component-sourcing,Campaign page,/content/mobility-global/en-us/automotive-insights/forms/whitepaper-forms/how-electric-vehicles-are-reshaping-component-sourcing,NEW (not in AEM),PENDING (page not created),18,15,3,theme: Electric vehicle industry | contentFormat: Report / whitepaper (PDF) | campaignType: Industry trend / thematic campaign
https://www.spglobal.com/automotive-insights/en/forms/whitepaper-forms/how-oems-are-responding-tariff-effects-us-market,Campaign page,/content/mobility-global/en-us/automotive-insights/forms/whitepaper-forms/how-oems-are-responding-tariff-effects-us-market,NEW (not in AEM),PENDING (page not created),24,22,2,audienceRole: Government / policy maker | contentFormat: Report / whitepaper (PDF)
https://www.spglobal.com/automotive-insights/en/forms/whitepaper-forms/leveraging-data-analytics-automotive-finance,Campaign page,/content/mobility-global/en-us/automotive-insights/forms/whitepaper-forms/leveraging-data-analytics-automotive-finance,NEW (not in AEM),PENDING (page not created),14,10,4,needStates: Find the right customers | audienceRole: Leasing / financial services | contentFormat: Report / whitepaper (PDF) | campaignType: Customer education / enablement
https://www.spglobal.com/automotive-insights/en/forms/whitepaper-forms/light-vehicle-demand-outlook-2026,Campaign page,/content/mobility-global/en-us/automotive-insights/forms/whitepaper-forms/light-vehicle-demand-outlook-2026,NEW (not in AEM),PENDING (page not created),20,19,1,contentFormat: Report / whitepaper (PDF)
https://www.spglobal.com/automotive-insights/en/forms/whitepaper-forms/light-vehicle-production-outlook-2026,Campaign page,/content/mobility-global/en-us/automotive-insights/forms/whitepaper-forms/light-vehicle-production-outlook-2026,NEW (not in AEM),PENDING (page not created),22,20,2,needStates: Plan the vehicle | contentFormat: Report / whitepaper (PDF)
https://www.spglobal.com/automotive-insights/en/forms/whitepaper-forms/megatrends-for-north-american-automakers-to-watch-in-2026,Campaign page,/content/mobility-global/en-us/automotive-insights/forms/whitepaper-forms/megatrends-for-north-american-automakers-to-watch-in-2026,NEW (not in AEM),PENDING (page not created),23,21,2,contentFormat: Report / whitepaper (PDF) | campaignType: Industry trend / thematic campaign
https://www.spglobal.com/automotive-insights/en/forms/whitepaper-forms/real-world-scenario-planning-for-oem-agility,Campaign page,/content/mobility-global/en-us/automotive-insights/forms/whitepaper-forms/real-world-scenario-planning-for-oem-agility,NEW (not in AEM),PENDING (page not created),17,14,3,needStates: Plan the vehicle | contentFormat: Report / whitepaper (PDF) | campaignType: Customer education / enablement
https://www.spglobal.com/automotive-insights/en/forms/whitepaper-forms/reinventing-the-truck-report,Campaign page,/content/mobility-global/en-us/automotive-insights/forms/whitepaper-forms/reinventing-the-truck-report,NEW (not in AEM),PENDING (page not created),18,16,2,needStates: Plan the vehicle | contentFormat: Report / whitepaper (PDF)
https://www.spglobal.com/automotive-insights/en/forms/whitepaper-forms/whitepaper-automotive-supply-chain-resilience,Campaign page,/content/mobility-global/en-us/automotive-insights/forms/whitepaper-forms/whitepaper-automotive-supply-chain-resilience,NEW (not in AEM),PENDING (page not created),17,15,2,contentFormat: Report / whitepaper (PDF) | campaignType: Industry trend / thematic campaign
https://www.spglobal.com/automotive-insights/en/forms/whitepaper-forms/whitepaper-driving-transparency-scope-3-category-11-emissions-disclosures,Campaign page,/content/mobility-global/en-us/automotive-insights/forms/whitepaper-forms/whitepaper-driving-transparency-scope-3-category-11-emissions-disclosures,NEW (not in AEM),PENDING (page not created),21,19,2,audienceRole: Government / policy maker | contentFormat: Report / whitepaper (PDF)
https://www.spglobal.com/automotive-insights/en/forms/whitepaper-forms/whitepaper-future-of-carmarkers-procurement,Campaign page,/content/mobility-global/en-us/automotive-insights/forms/whitepaper-forms/whitepaper-future-of-carmarkers-procurement,NEW (not in AEM),PENDING (page not created),19,17,2,contentFormat: Report / whitepaper (PDF) | campaignType: Industry trend / thematic campaign
https://www.spglobal.com/automotive-insights/en/navigate-tariffs-winning-automotive-strategies,Campaign page,/content/mobility-global/en-us/automotive-insights/navigate-tariffs-winning-automotive-strategies,NEW (not in AEM),PENDING (page not created),21,19,2,audienceRole: Government / policy maker | contentFormat: Report / whitepaper (PDF)
https://www.spglobal.com/automotive-insights/en/data/automotive-carbon-accounting-downstream,Data sample,/content/mobility-global/en-us/automotive-insights/data/automotive-carbon-accounting-downstream,EXISTS in AEM,PARTIAL (some unresolved),15,14,1,audienceRole: Government / policy maker
https://www.spglobal.com/automotive-insights/en/data/automotive-customer-loyalty-and-conquest-analytics,Data sample,/content/mobility-global/en-us/automotive-insights/data/automotive-customer-loyalty-and-conquest-analytics,EXISTS in AEM,PARTIAL (some unresolved),14,13,1,needStates: Find the right customers
https://www.spglobal.com/automotive-insights/en/data/e-mobility-technology-module,Data sample,/content/mobility-global/en-us/automotive-insights/data/e-mobility-technology-module,EXISTS in AEM,PARTIAL (some unresolved),13,12,1,needStates: Plan the vehicle
https://www.spglobal.com/automotive-insights/en/data/hybrid-and-ev-market-trends-dashboard,Data sample,/content/mobility-global/en-us/automotive-insights/data/hybrid-and-ev-market-trends-dashboard,EXISTS in AEM,APPLIED (all resolved),11,11,0,
https://www.spglobal.com/automotive-insights/en/data/light-vehicle-electric-propulsion-system-forecast,Data sample,/content/mobility-global/en-us/automotive-insights/data/light-vehicle-electric-propulsion-system-forecast,EXISTS in AEM,PARTIAL (some unresolved),13,12,1,needStates: Plan the vehicle
https://www.spglobal.com/automotive-insights/en/data/light-vehicle-production-forecast,Data sample,/content/mobility-global/en-us/automotive-insights/data/light-vehicle-production-forecast,EXISTS in AEM,APPLIED (all resolved),11,11,0,
https://www.spglobal.com/automotive-insights/en/data/light-vehicle-sales-forecast,Data sample,/content/mobility-global/en-us/automotive-insights/data/light-vehicle-sales-forecast,EXISTS in AEM,APPLIED (all resolved),10,10,0,
https://www.spglobal.com/automotive-insights/en/data/medium-heavy-commercial-vehicle-forecast,Data sample,/content/mobility-global/en-us/automotive-insights/data/medium-heavy-commercial-vehicle-forecast,EXISTS in AEM,APPLIED (all resolved),13,13,0,
https://www.spglobal.com/automotive-insights/en/data/powertrain-scenario-forecast,Data sample,/content/mobility-global/en-us/automotive-insights/data/powertrain-scenario-forecast,EXISTS in AEM,PARTIAL (some unresolved),10,9,1,needStates: Plan the vehicle
https://www.spglobal.com/automotive-insights/en/data/powertrain-scenario-forecast-middle-east,Data sample,/content/mobility-global/en-us/automotive-insights/data/powertrain-scenario-forecast-middle-east,EXISTS in AEM,PARTIAL (some unresolved),10,9,1,needStates: Plan the vehicle
https://www.spglobal.com/automotive-insights/en/data/sdv-ecosystem-forecast,Data sample,/content/mobility-global/en-us/automotive-insights/data/sdv-ecosystem-forecast,EXISTS in AEM,PARTIAL (some unresolved),10,9,1,needStates: Plan the vehicle
https://www.spglobal.com/automotive-insights/en/data/us-vehicle-inventory-data,Data sample,/content/mobility-global/en-us/automotive-insights/data/us-vehicle-inventory-data,EXISTS in AEM,PARTIAL (some unresolved),16,15,1,audienceRole: Dealer / retailer
https://www.spglobal.com/automotive-insights/en/data/vehicle-carbon-emissions-downstream,Data sample,/content/mobility-global/en-us/automotive-insights/data/vehicle-carbon-emissions-downstream,EXISTS in AEM,PARTIAL (some unresolved),8,7,1,audienceRole: Government / policy maker
https://www.spglobal.com/automotive-insights/en/data/vehicle-pricing-forecast,Data sample,/content/mobility-global/en-us/automotive-insights/data/vehicle-pricing-forecast,EXISTS in AEM,APPLIED (all resolved),12,12,0,
https://www.spglobal.com/automotive-insights/en/data/vehicle-registration-data-and-market-insights,Data sample,/content/mobility-global/en-us/automotive-insights/data/vehicle-registration-data-and-market-insights,EXISTS in AEM,PARTIAL (some unresolved),15,14,1,needStates: Assess and react to the market
https://www.spglobal.com/automotive-insights/en/forms/vin-matching-sample-inquiry-australia,Data sample,/content/mobility-global/en-us/automotive-insights/forms/vin-matching-sample-inquiry-australia,NEW (not in AEM),PENDING (page not created),10,10,0,
https://www.spglobal.com/mobility/en/events/an-integrated-view-of-the-auto-supply-chain-how-to-make-business-decisions-in-chaos/overview.html,Event,/content/mobility-global/en-us/events/an-integrated-view-of-the-auto-supply-chain-how-to-make-business-decisions-in-chaos/overview,NEW (not in AEM),PENDING (page not created),11,11,0,
https://www.spglobal.commobility/en/events/new-years-briefing-2026/overview.html,Event,N/A,NO PATH (cannot map URL),SKIPPED (no path),12,12,0,
https://www.spglobal.com/automotive-insights/en/theme/automotive-industry-forecast,Theme page,/content/mobility-global/en-us/automotive-insights/theme/automotive-industry-forecast,EXISTS in AEM,APPLIED (all resolved),1,1,0,
https://www.spglobal.com/automotive-insights/en/theme/automotive-industry-forecast/automotive-tariffs-impact,Theme page,/content/mobility-global/en-us/automotive-insights/theme/automotive-industry-forecast/automotive-tariffs-impact,EXISTS in AEM,APPLIED (all resolved),1,1,0,
https://www.spglobal.com/automotive-insights/en/theme/automotive-industry-forecast/commercial-vehicle-market-data-insights,Theme page,/content/mobility-global/en-us/automotive-insights/theme/automotive-industry-forecast/commercial-vehicle-market-data-insights,EXISTS in AEM,APPLIED (all resolved),1,1,0,
https://www.spglobal.com/automotive-insights/en/theme/automotive-industry-forecast/scenario-planning-insights,Theme page,/content/mobility-global/en-us/automotive-insights/theme/automotive-industry-forecast/scenario-planning-insights,NEW (not in AEM),PENDING (page not created),1,1,0,
https://www.spglobal.com/automotive-insights/en/theme/automotive-supply-chain,Theme page,/content/mobility-global/en-us/automotive-insights/theme/automotive-supply-chain,EXISTS in AEM,APPLIED (all resolved),1,1,0,
https://www.spglobal.com/automotive-insights/en/theme/automotive-supply-chain/supply-chain-resilience,Theme page,/content/mobility-global/en-us/automotive-insights/theme/automotive-supply-chain/supply-chain-resilience,EXISTS in AEM,APPLIED (all resolved),1,1,0,
https://www.spglobal.com/automotive-insights/en/theme/automotive-sustainability,Theme page,/content/mobility-global/en-us/automotive-insights/theme/automotive-sustainability,EXISTS in AEM,APPLIED (all resolved),1,1,0,
https://www.spglobal.com/automotive-insights/en/theme/electric-vehicle-industry,Theme page,/content/mobility-global/en-us/automotive-insights/theme/electric-vehicle-industry,EXISTS in AEM,PARTIAL (some unresolved),1,0,1,theme: Electric vehicle industry
https://www.spglobal.com/automotive-insights/en/theme/future-of-mobility,Theme page,/content/mobility-global/en-us/automotive-insights/theme/future-of-mobility,EXISTS in AEM,APPLIED (all resolved),1,1,0,
https://www.spglobal.com/automotive-insights/en/theme/future-of-mobility/software-defined-vehicles,Theme page,/content/mobility-global/en-us/automotive-insights/theme/future-of-mobility/software-defined-vehicles,EXISTS in AEM,APPLIED (all resolved),1,1,0,
https://www.spglobal.com/mobility/en/forms/contactinformation.html?fid=446315,,/content/mobility-global/en-us/forms/contactinformation.html?fid=446315,NEW (not in AEM),NO TAGS in CSV,0,0,0,
https://www.spglobal.com/automotive-insights/en/blogs/2026/04/march-2026-new-vehicle-inventory-trends,,/content/mobility-global/en-us/automotive-insights/blogs/2026/04/march-2026-new-vehicle-inventory-trends,NEW (not in AEM),PENDING (page not created),6,6,0,
https://www.spglobal.com/automotive-insights/en/blogs/2026/04/how-the-iaa-could-rescue-the-gigafactory-pipeline,,/content/mobility-global/en-us/automotive-insights/blogs/2026/04/how-the-iaa-could-rescue-the-gigafactory-pipeline,NEW (not in AEM),PENDING (page not created),5,3,2,pillars: Planning solutiong | theme: Electric vehicle industry
https://www.spglobal.com/automotive-insights/en/blogs/2026/04/the-next-decade-of-automotive-planning,,/content/mobility-global/en-us/automotive-insights/blogs/2026/04/the-next-decade-of-automotive-planning,NEW (not in AEM),PENDING (page not created),4,3,1,pillars: Planning solutiong
https://www.spglobal.com/automotive-insights/en/blogs/2026/04/automotive-semiconductor-market-trends,,/content/mobility-global/en-us/automotive-insights/blogs/2026/04/automotive-semiconductor-market-trends,NEW (not in AEM),PENDING (page not created),6,5,1,theme: Suppy chain resilience
https://www.spglobal.com/automotive-insights/en/blogs/2026/04/are-insurers-and-financial-markets-ready-for-software-defined-vehicles,,/content/mobility-global/en-us/automotive-insights/blogs/2026/04/are-insurers-and-financial-markets-ready-for-software-defined-vehicles,NEW (not in AEM),PENDING (page not created),4,4,0,
https://www.spglobal.com/automotive-insights/en/rapid-impact-analysis/oil-supply-disruptions-usmca-deadline-auto-industry,,/content/mobility-global/en-us/automotive-insights/rapid-impact-analysis/oil-supply-disruptions-usmca-deadline-auto-industry,NEW (not in AEM),PENDING (page not created),5,5,0,
https://www.spglobal.com/automotive-insights/en/blogs/2026/05/nissan-new-vision-product-lineup,,/content/mobility-global/en-us/automotive-insights/blogs/2026/05/nissan-new-vision-product-lineup,NEW (not in AEM),PENDING (page not created),2,2,0,
https://www.spglobal.com/automotive-insights/en/blogs/2026/05/2026-beijing-auto-show-software-takes-the-wheel,,/content/mobility-global/en-us/automotive-insights/blogs/2026/05/2026-beijing-auto-show-software-takes-the-wheel,NEW (not in AEM),PENDING (page not created),7,6,1,marketCountry: China
